index,url,valid,domain,title,description,image,published,archive,content,quote,language,keyword
https://www.faz.net/aktuell/politik/ausland/dhl-pakete-mit-brandsaetzen-neue-spuren-fuehren-nach-russland-accg-201146486.html,https://www.faz.net/aktuell/politik/ausland/dhl-pakete-mit-brandsaetzen-neue-spuren-fuehren-nach-russland-accg-201146486.html,0,www.faz.net,Brandsätze in Paketen: Die Spur führt nach Russland,Bei einem Brandanschlag kam es 2024 in Leipzig womöglich fast zur Katastrophe. Nun enthüllen Strafprozesse in Vilnius und Warschau neue Details.,https://media0.faz.net/image/w1200h627/fcbbd0519b77/w6144h3210x0y444o/202604/43601.0.1991143884/drei-der-verdaechtigen-im.webp,2026-09-01T06:50:34Z,,"Ich gestehe alles, sagt Daniilas J. Aber ich wusste nicht, dass ich für eine terroristische Gruppe gearbeitet habe. Ihm sei klar gewesen, dass die ganze Sache irgendwie illegal war, aber er habe nich… [+12808 chars]",,de,'Russland'
https://www.dw.com/de/ukraine-krieg-sturzflut-himalaya-microsoft-tupac-shakur-schweiz-johann-wadephul/a-78582440,https://www.dw.com/de/ukraine-krieg-sturzflut-himalaya-microsoft-tupac-shakur-schweiz-johann-wadephul/a-78582440,0,www.dw.com,News kompakt: Luftalarm in Kyjiw vor Schuljahrsbeginn,In der Nacht vor Beginn des neuen Schuljahrs hat Russland die Ukraine vielerorts angegriffen. In Nepal suchen Rettungskräfte nach Vermissten in einem Kraftwerkstunnel. Der DW-Nachrichtenüberblick.,https://static.dw.com/image/78578076_6.jpg,2026-09-01T06:59:00Z,,In der Ukraine ist in der Nacht erneut vielerorts Luftalarm ausgelöst worden. Russland griff die ukrainische Hauptstadt Kyjiw mit Raketen und Drohnen an. Nach Behördenangaben wurden mindestens vier M… [+4860 chars],,de,'Russland'
https://www.faz.net/aktuell/politik/politische-buecher/politische-buecher-wie-russland-und-iran-eine-militaerallianz-schmiedeten-accg-201021827.html,https://www.faz.net/aktuell/politik/politische-buecher/politische-buecher-wie-russland-und-iran-eine-militaerallianz-schmiedeten-accg-201021827.html,0,www.faz.net,Iran und russland: Ungleiche Waffenbrüder,Ein neues Buch liefert bisher unbekannte Details zur Rüstungskooperation zwischen Russland und Iran.,https://media0.faz.net/image/w1200h627/2fb19e1d7eba/w1091h570x55y116o/202409/43601.0.559645487/ein-von-der-armee-irans.webp,2026-09-01T07:06:51Z,,Im jüngsten Irankrieg spielte Russland zwar keine große Rolle. Aber immerhin soll es dem iranischen Militär laut Medienberichten Satellitenbilder zur besseren Zielerfassung bei Angriffen auf US-Milit… [+6032 chars],,de,'Waffen'
https://www.focus.de/politik/ausland/das-vereinigte-koenigreich-ist-besorgt-wegen-des-russischen-u-boots-chabarowsk-das-atomtorpedos-abfeuern-kann_1c0d1b50-92f3-49d9-bbc9-aef447fabf86.html,https://www.focus.de/politik/ausland/das-vereinigte-koenigreich-ist-besorgt-wegen-des-russischen-u-boots-chabarowsk-das-atomtorpedos-abfeuern-kann_1c0d1b50-92f3-49d9-bbc9-aef447fabf86.html,0,www.focus.de,"Das Vereinigte Königreich ist besorgt wegen des russischen U-Boots „Chabarowsk“, das Atomtorpedos abfeuern kann",Russlands neues U-Boot Chabarowsk ist zu Tests ausgelaufen und sorgt in Großbritannien für Unruhe. Seine möglichen Atom-Torpedos gelten als schwer abzuwehren.,"https://quadro.burda-forward.de/ctf/3a8e8bdd-4af2-40ae-a3ee-41dc7500d09e.acae62a8-a8c1-46a7-80b1-ef7526e71595.jpg?im=RegionOfInterestCrop=(1200,630),regionOfInterest=(863,397)&hash=957f126861e7bd7b9e0f7f5cb1e356412dc1125dd105a6b415b1f997700afcf2",2026-09-01T08:07:00Z,,"Großbritannien blickt mit wachsender Nervosität auf Russlands neues U-Boot Chabarowsk. Das Schiff ist zu Tests im Weißen Meer ausgelaufen und soll für das Poseidon-System, einen unbemannten Unterwass… [+2641 chars]",,de,'Waffen'
https://www.faz.net/aktuell/rhein-main/frankfurt/steffi-barthel-wie-eine-ddr-flucht-zur-exilerfahrung-wurde-accg-201168760.html,https://www.faz.net/aktuell/rhein-main/frankfurt/steffi-barthel-wie-eine-ddr-flucht-zur-exilerfahrung-wurde-accg-201168760.html,0,www.faz.net,Flucht aus der DDR: Mädchen mit Mauer-Riss,Die Frankfurterin Steffi Barthel berichtet in der Veranstaltung „Frei sein“ im Historischen Museum Frankfurt über ihre Erfahrung als DDR-Flüchtling. Die Veranstaltung ist Teil der Reihe „Tage des Exils“.,https://media0.faz.net/image/w1200h627/b517a6c4c26b/w8086h4224x0y583o/202608/43601.0.2472473367/als-teenager-aus-der-ddr.webp,2026-09-01T08:25:01Z,,"Welche Rolle spielt die Sprache, wenn von Exil die Rede ist? Gilt der Begriff nur, wenn die Menschen, die ihre Heimat aus politischen Gründen verlassen haben, eine fremde Sprache sprechen müssen? Ode… [+5656 chars]",,de,'Flucht'
https://www.zeit.de/news/2026-09/01/solar-ueberholt-kohle-erstmals-als-groesste-stromquelle-chinas,https://www.zeit.de/news/2026-09/01/solar-ueberholt-kohle-erstmals-als-groesste-stromquelle-chinas,0,www.zeit.de,Erneuerbare Energien: Solar überholt Kohle erstmals als größte Stromquelle Chinas,Hier finden Sie Informationen zu dem Thema „Erneuerbare Energien“. Lesen Sie jetzt „Solar überholt Kohle erstmals als größte Stromquelle Chinas“.,https://img.zeit.de/news/2026-09/01/solar-ueberholt-kohle-erstmals-als-groesste-stromquelle-chinas-image-group/wide__1300x731,2026-09-01T08:34:17Z,,"Solaranlagen haben in China erstmals Kohle als größte Stromquelle abgelöst. Wie die Energiebehörde des Landes mitteilte, waren Photovoltaikanlagen Stand Ende Juli mit 1.286 Gigawatt installierter Lei… [+1448 chars]",,de,'Erneuerbare Energien'
https://www.tagesschau.de/ausland/europa/russische-angriffe-ukraine-108.html,https://www.tagesschau.de/ausland/europa/russische-angriffe-ukraine-108.html,0,www.tagesschau.de,Russischer Angriff auf die Ukraine - mindestens 12 Tote,"Russland hat die Ukraine in der Nacht wieder massiv angegriffen. Insgesamt wurden nach Angaben des ukrainischen Präsidenten Selenskyj zwölf Menschen getötet. Getroffen wurde Kiew, aber auch ein Grenzübergang zu Rumänien.",https://images.tagesschau.de/image/9cc50d62-03ec-4b55-afbc-7e15d36514a4/AAABoFu-szc/AAABnSSvrFg/16x9-big/zerstoerungen-region-kiew-100.jpg?width=1280,2026-09-01T08:37:09Z,,"Stand: 01.09.2026 10:37 Uhr
Russland hat die Ukraine in der Nacht massiv angegriffen. Insgesamt wurden nach Angaben des ukrainischen Präsidenten Selenskyj zwölf Menschen getötet. Getroffen wurde Kie… [+3506 chars]",,de,'Russland'
https://www.diepresse.com/41217476/die-ukraine-verscherzt-es-sich-mit-der-tuerkei-im-schwarzen-meer,https://www.diepresse.com/41217476/die-ukraine-verscherzt-es-sich-mit-der-tuerkei-im-schwarzen-meer,0,www.diepresse.com,Die Ukraine verscherzt es sich mit der Türkei im Schwarzen Meer [premium],Die Türkei gerät zwischen die Fronten des Ukraine-Krieges. Seit Juli sind im Schwarzen Meer mindestens 24 Schiffe türkischer Eigner und mit türkischer Besatzung beschossen worden - von beiden Seiten.,https://img.diepresse.com/public/incoming/sj2qdy-afpb9jz8cqjpg/alternates/WEBP_WIDE_1200/AFP_B9JZ8CQ.jpg,2026-09-01T08:49:04Z,,"Die Lider Bordo Mavi hatte Gemüse für Abnehmer in Russland an Bord, doch die Ladung erreichte die Kunden nicht. Der Containerfrachter war auf dem Weg vom nordtürkischen Samsun zum russischen Hafen Tu… [+4262 chars]",,de,'Waffen'
https://www.nzz.ch/deutschland/politik/merz-will-taeter-bezahlen-lassen-leipzig-wird-zum-testfall-fuer-deutschlands-umgang-mit-russischer-sabotage-ld.10021699,https://www.nzz.ch/deutschland/politik/merz-will-taeter-bezahlen-lassen-leipzig-wird-zum-testfall-fuer-deutschlands-umgang-mit-russischer-sabotage-ld.10021699,0,www.nzz.ch,Deutschland macht Russland für den Anschlag auf den Leipziger Flughafen verantwortlich,Innenminister Dobrindt und Aussenminister Wadephul wollen sich am späten Nachmittag offiziell dazu äussern. Die deutsche Regierung bereitet ein Massnahmenpaket gegen Moskau vor.,"https://img-msp-prod.nzz.ch/2026/09/01/8d5b36fd-9c60-4542-adc0-c7423ee6b261.jpg?width=1200&height=675&fit=bounds&quality=75&auto=webp&crop=2576,1449,x0,y134&wmark=nzz",2026-09-01T10:43:10Z,,"Innenminister Dobrindt und Aussenminister Wadephul wollen sich am späten Nachmittag offiziell dazu äussern. Die deutsche Regierung bereitet ein Massnahmenpaket gegen Moskau vor.
Armin Arbeiter, Berl… [+4255 chars]",,de,'Russland'
https://www.focus.de/politik/ausland/russland-meldet-schaeden-ukrainische-drohnen-attackieren-ostseehafen-ust-luga_177fd730-9c55-450f-bb2b-00eb80913add.html,https://www.focus.de/politik/ausland/russland-meldet-schaeden-ukrainische-drohnen-attackieren-ostseehafen-ust-luga_177fd730-9c55-450f-bb2b-00eb80913add.html,0,www.focus.de,Russland meldet Schäden: Ukrainische Drohnen attackieren Ostseehafen Ust-Luga,"Die Ukraine hat den russischen Ostseehafen Ust-Luga mit Drohnen angegriffen. Die Behörden melden Schäden, aber keine Verletzten.","https://quadro.burda-forward.de/ctf/c72667da-97ae-4855-81ec-5917eee1ec68.44dab701-2194-4b33-8f81-5241e2369a96.jpg?im=RegionOfInterestCrop=(1200,630),regionOfInterest=(1199,877)&hash=93a4973138c2bf2347e8aa3362c98ce51c212ff3b6aab144ac9988b99ea9f2de",2026-09-01T10:44:00Z,,Ein ukrainischer Drohnenangriff hat am Dienstag den russischen Ostseehafen Ust-Luga in der Region Leningrad getroffen. Nach Angaben der örtlichen Behörden brach auf dem Hafengelände ein Feuer aus. Es… [+2177 chars],,de,'Ukraine'
https://www.zeit.de/news/2026-09/01/blitzerfoto-entlarvt-verdaechtigen-nach-riskanter-flucht,https://www.zeit.de/news/2026-09/01/blitzerfoto-entlarvt-verdaechtigen-nach-riskanter-flucht,0,www.zeit.de,Kriminalität: Blitzerfoto entlarvt Verdächtigen nach riskanter Flucht,Hier finden Sie Informationen zu dem Thema „Kriminalität“. Lesen Sie jetzt „Blitzerfoto entlarvt Verdächtigen nach riskanter Flucht“.,https://img.zeit.de/news/2026-09/01/blitzerfoto-entlarvt-verdaechtigen-nach-riskanter-flucht-image-group/wide__1300x731,2026-09-01T10:48:24Z,,Er soll während einer riskanten Flucht vor einer Verkehrskontrolle auf zwei Polizisten zugefahren sein - jetzt hat die Polizei den 19 Jahre alten Tatverdächtigen gefasst. Er sei bereits am späten Fre… [+1285 chars],,de,'Flucht'
https://www.faz.net/aktuell/rhein-main/region-und-hessen/blitzerfoto-fuehrt-zu-festnahme-nach-flucht-in-limburg-accg-201178921.html,https://www.faz.net/aktuell/rhein-main/region-und-hessen/blitzerfoto-fuehrt-zu-festnahme-nach-flucht-in-limburg-accg-201178921.html,0,www.faz.net,Limburg: Blitzerfoto entlarvt Verdächtigen nach riskanter Flucht,Ein Blitzerfoto führt die Ermittler zum Tatverdächtigen: Nach einer wilden Flucht vor einer Kontrolle sitzt ein 19 Jahre alter Jugendlicher jetzt in U-Haft. Er soll zwei Polizisten in Gefahr gebracht haben.,https://media0.faz.net/image/w1200h627/10c3febd0646/w6000h3135x0y433o/202609/43601.0.2491988176/gegen-den-mann-wird-wegen-des.webp,2026-09-01T10:56:04Z,,Er soll während einer riskanten Flucht vor einer Verkehrskontrolle auf zwei Polizisten zugefahren sein jetzt hat die Polizei den 19 Jahre alten Tatverdächtigen gefasst. Er sei bereits am späten Freit… [+1241 chars],,de,'Flucht'
https://www.welt.de/politik/ausland/article6a96ae3c518a586e1855f5fe/schattenflotte-russland-droht-mit-vernichtender-antwort-bei-eskalation-in-der-ostsee.html,https://www.welt.de/politik/ausland/article6a96ae3c518a586e1855f5fe/schattenflotte-russland-droht-mit-vernichtender-antwort-bei-eskalation-in-der-ostsee.html,0,www.welt.de,Russland droht mit „vernichtender“ Antwort bei Eskalation in der Ostsee,Russland geht nach Einschätzung von Experten immer aggressiver in der Ostsee vor. Das Thema steht beim Treffen der EU-Innenminister weit oben auf der Tagesordnung. Moskau verschärft seine Rhetorik.,https://images.welt.de/6a96ae3c518a586e1855f5fe/79f9056ec94502a32a06bfa17dd6dbba-master/ci16x9-w1200/dpa-com-260820-935-1554668-jpg,2026-09-01T11:18:26Z,,Russland geht nach Einschätzung von Experten immer aggressiver in der Ostsee vor. Das Thema steht beim Treffen der EU-Innenminister weit oben auf der Tagesordnung. Moskau verschärft seine Rhetorik.Kl… [+2455 chars],,de,'Waffen'
https://www.focus.de/politik/ausland/russlands-alternative-zu-starlink-droht-bereits-zu-scheitern_00aecf95-0ba5-4b7c-891e-2e2b49bb65a6.html,https://www.focus.de/politik/ausland/russlands-alternative-zu-starlink-droht-bereits-zu-scheitern_00aecf95-0ba5-4b7c-891e-2e2b49bb65a6.html,0,www.focus.de,Satelliten-Verluste bedrohen Russlands Starlink-Alternative,Russland will mit einem eigenen Satellitennetz eine Alternative zu Starlink von SpaceX aufbauen. Doch schon während der ersten Ausbauphase häufen sich Probleme.,"https://quadro.burda-forward.de/ctf/72f7a4f0-2774-4d7f-9b43-cec04a3d39d2.551171f6-a921-4317-8132-0505ddc571fa.jpeg?im=RegionOfInterestCrop=(1200,630),regionOfInterest=(960,640)&hash=149a2160e64c7a258682875b55ef9a17e049965a11035371f8c0eebb0d53bf3d",2026-09-01T11:53:00Z,,"<ul><li>Russland baut mit Rassvet ein eigenes Satellitennetz nach dem Vorbild von Starlink auf, doch ein Satellit ist bereits verloren gegangen und zwei weitere verlieren offenbar an Höhe.</li><li>Di… [+5443 chars]",,de,'Waffen'
https://www.zeit.de/news/2026-09/01/schwerer-luftangriff-auf-kiew-mit-toten-und-verletzten,https://www.zeit.de/news/2026-09/01/schwerer-luftangriff-auf-kiew-mit-toten-und-verletzten,0,www.zeit.de,Krieg gegen die Ukraine: Schwerer Luftangriff auf Kiew mit Toten und Verletzten,Hier finden Sie Informationen zu dem Thema „Krieg gegen die Ukraine“. Lesen Sie jetzt „Schwerer Luftangriff auf Kiew mit Toten und Verletzten“.,https://img.zeit.de/news/2026-09/01/schwerer-luftangriff-auf-kiew-mit-toten-und-verletzten-image-group/wide__1300x731,2026-09-01T12:56:50Z,,Durch einen massiven russischen Luftangriff mit ballistischen Raketen und Drohnen sind in der Ukraine mindestens zwölf Menschen getötet und Dutzende verletzt worden. Das teilte der ukrainische Präsid… [+5162 chars],,de,'Ukraine'
https://www.faz.net/aktuell/politik/ausland/liveblog-irankrieg-irans-praesident-dankt-putin-fuer-haltung-waehrend-des-krieges-faz-200583539.html,https://www.faz.net/aktuell/politik/ausland/liveblog-irankrieg-irans-praesident-dankt-putin-fuer-haltung-waehrend-des-krieges-faz-200583539.html,0,www.faz.net,Liveblog Irankrieg: Irans Präsident dankt Putin für Haltung während des Krieges,Peseschkian: Moskau hat zu jedem Zeitpunkt unsere Standpunkte vertreten +++ Iran will bei Rückkehr Amerikas zu Abkommen nachziehen +++ Tanker in Straße von Hormus angegriffen +++ alle Entwicklungen im Liveblog,https://media0.faz.net/image/w1200h627/6a8ec3a02c23/w5000h2612x0y300o/202609/43601.0.2492994709/der-russische-praesident.webp,2026-09-01T13:34:00Z,,"Das US-Verteidigungsministerium dementiert zumindest in Teilen einen Bericht, wonach mehrere ranghohe US-Militärs vor einer Verlängerung des US-Einsatzes gegen Iran warnen. Vieles davon ist schlichtw… [+1001 chars]",,de,'Putin'
https://www.golem.de/sonstiges/zustimmung/auswahl.html?from=https://www.golem.de/news/preiserhoehung-bei-qualcomm-kosten-fuer-smartphones-duerften-weiter-ansteigen-2609-212507.html&referer=https://t.co/ba7b4c5d26,https://www.golem.de/sonstiges/zustimmung/auswahl.html?from=https://www.golem.de/news/preiserhoehung-bei-qualcomm-kosten-fuer-smartphones-duerften-weiter-ansteigen-2609-212507.html&referer=https://t.co/ba7b4c5d26,0,www.golem.de,Preiserhöhung bei Qualcomm: Kosten für Smartphones dürften weiter ansteigen,"Qualcomm erhöht die Preise für seine Chips. Vor allem im Android-Smartphone-Bereich dürfte das zu sinkenden Margen führen - und höheren Preisen. (Chipknappheit, Smartphone)",,2026-09-01T13:55:02Z,,"Besuchen Sie Golem.de wie gewohnt mit Werbung und Tracking,
 indem Sie der Nutzung aller Cookies zustimmen.
 Details zum Tracking finden Sie im Privacy Center.
Skript wurde nicht geladen. Informat… [+607 chars]",,de,'Kosten'
https://www.zeit.de/politik/2026-09/drohnenvorfall-leipzig-flughafen-nachrichtenpodcast,https://www.zeit.de/politik/2026-09/drohnenvorfall-leipzig-flughafen-nachrichtenpodcast,0,www.zeit.de,Drohnenvorfall in Leipzig: Jetzt auch offiziell Russland,Die Bundesregierung will Russland für den Drohnenvorfall in Leipzig verantwortlich machen. Warum das so lange gedauert hat. Und: Urteil wegen Mordes an Tupac Shakur,https://img.zeit.de/politik/deutschland/2026-09/drohnenvorfall-leipzig-flughafen-nachrichtenpodcast-bild/wide__1300x731,2026-09-01T15:00:12Z,,"Bundesinnenminister Alexander
Dobrindt (CSU) und Außenminister Johann Wadephul (CDU) werden sich am späten
Nachmittag zu dem Drohnenvorfall am Leipziger Flughafen äußern. Laut Informationen der ZEI… [+2346 chars]",,de,'Russland'
https://www.zeit.de/video/2026-09/bundesregierung-drohnenvorfall-leipzig-livestream,https://www.zeit.de/video/2026-09/bundesregierung-drohnenvorfall-leipzig-livestream,0,www.zeit.de,Russland: Jetzt live: Dobrindt und Wadepfuhl zum Drohnenvorfall in Leipzig,Die Regierung macht Russland für den Anschlagsversuch verantwortlich. Mit welchen Folgen? Verfolgen Sie hier die Statements des Bundesinnen- und des Außenministers.,https://img.zeit.de/video/2026-09/pk-drohnenvorfall/wide__1300x731,2026-09-01T15:36:04Z,,"An dieser Stelle ist ein externer Inhalt eingebunden
Zum Anschauen benötigen wir Ihre Zustimmung",,de,'Russland'
https://www.zeit.de/news/2026-09/01/bundesregierung-russland-steckt-hinter-sprengstoff-drohne,https://www.zeit.de/news/2026-09/01/bundesregierung-russland-steckt-hinter-sprengstoff-drohne,0,www.zeit.de,Terrorismus: Bundesregierung: Russland steckt hinter Sprengstoff-Drohne,Hier finden Sie Informationen zu dem Thema „Terrorismus“. Lesen Sie jetzt „Bundesregierung: Russland steckt hinter Sprengstoff-Drohne“.,https://img.zeit.de/administratives/sharing/fallback-image-die-zeit/wide__1300x731,2026-09-01T15:44:21Z,,Der misslungene Anschlag mit einer Sprengstoff-Drohne auf dem Flughafen Leipzig/Halle ist nach Erkenntnissen der Bundesregierung in russischem Auftrag verübt worden. Das sagte Bundesinnenminister Ale… [+175 chars],,de,'Russland'
https://www.golem.de/sonstiges/zustimmung/auswahl.html?from=https://www.golem.de/news/flughafen-leipzig-halle-regierung-weist-russland-verantwortung-fuer-anschlagsversuch-zu-2609-212517.html&referer=https://t.co/ea90ddcb73,https://www.golem.de/sonstiges/zustimmung/auswahl.html?from=https://www.golem.de/news/flughafen-leipzig-halle-regierung-weist-russland-verantwortung-fuer-anschlagsversuch-zu-2609-212517.html&referer=https://t.co/ea90ddcb73,0,www.golem.de,Flughafen Leipzig/Halle: Regierung weist Russland Verantwortung für Anschlagsversuch zu,"Die Bundesregierung zieht diplomatische Konsequenzen aus der mutmaßlichen Beteiligung Russlands an dem Drohnenvorfall. (Bundesregierung, Politik)",,2026-09-01T16:37:02Z,,"Besuchen Sie Golem.de wie gewohnt mit Werbung und Tracking,
 indem Sie der Nutzung aller Cookies zustimmen.
 Details zum Tracking finden Sie im Privacy Center.
Skript wurde nicht geladen. Informat… [+607 chars]",,de,'Russland'
https://www.zeit.de/politik/deutschland/2026-09/bundesregierung-schliesst-russisches-generalkonsulat-in-bonn-gxe,https://www.zeit.de/politik/deutschland/2026-09/bundesregierung-schliesst-russisches-generalkonsulat-in-bonn-gxe,0,www.zeit.de,Sprengstoffdrohne am Flughafen Leipzig/Halle: Bundesregierung schließt Russisches Haus und Generalkonsulat in Bonn,Die Regierung macht Russland für den versuchten Anschlag am Flughafen Leipzig/Halle verantwortlich. Als Reaktion schließt sie das Generalkonsulat und das Russische Haus.,https://img.zeit.de/gesellschaft/zeitgeschehen/2026-09/johann-wadephul-alexander-dobrindt-sprengvorrichtung-brandenburg-bild/wide__1300x731,2026-09-01T16:42:48Z,,Nach dem Drohnenvorfall am Leipziger Flughafen hat die Bundesregierung Russland verantwortlich gemacht und mehrere Maßnahmen zum Schutz gegen russische Bedrohungen verkündet. So werde das russische G… [+6227 chars],,de,'Ukraine'
https://www.zeit.de/politik/ausland/2026-09/flughafen-leipzig-halle-anschlagsversuch-drohne-russland-ukraine,https://www.zeit.de/politik/ausland/2026-09/flughafen-leipzig-halle-anschlagsversuch-drohne-russland-ukraine,0,www.zeit.de,Anschlagsversuch am Flughafen Leipzig/Halle: EU und Nato sichern Deutschland Solidarität gegen Russland zu,Nach dem Russland zugeschriebenen Anschlagsversuch in Leipzig haben die Spitzen von EU und Nato ihre Solidarität ausgedrückt. Man stehe gemeinsam gegen hybride Bedrohung.,https://img.zeit.de/politik/ausland/2026-09/flughafen-leipzig-halle-anschlagsversuch-drohne-russland-ukraine-foto-1/wide__1300x731,2026-09-01T18:17:07Z,,Nach der Ankündigung von Strafmaßnahmen gegen Russland wegen des Anschlagsversuchs in Leipzig haben die Europäische Union (EU) und die Nato Deutschland ihre Unterstützung zugesichert. Angesichts des … [+3879 chars],,de,'Ukraine'
https://www.zeit.de/politik/deutschland/2026-09/drohne-angriff-leipzig-flughafen-bundesregierung-russland,https://www.zeit.de/politik/deutschland/2026-09/drohne-angriff-leipzig-flughafen-bundesregierung-russland,0,www.zeit.de,Drohnenangriff in Leipzig: Russland war’s!,"Zum ersten Mal sagt die Regierung derart laut und deutlich, dass Russland hinter einem Angriff auf Deutschland steht. Das ist klug und immerhin halb mutig.",https://img.zeit.de/politik/deutschland/2026-09/drohne-angriff-leipzig-flughafen-bundesregierung-russland-bild/wide__1300x731,2026-09-01T18:40:18Z,,"Schließen
Artikelzusammenfassung
Berlin nennt erstmals offen Russland als Verantwortlichen für den Drohnenangriff auf ein ukrainisches Flugzeug in Leipzig. Die Minister Dobrindt und Wadephul ordnen… [+1029 chars]",,de,'Russland'
https://www.zeit.de/politik/ausland/2026-09/russland-drohnenangriff-flughafen-leipzig-halle-konsulat-kulturzentrum,https://www.zeit.de/politik/ausland/2026-09/russland-drohnenangriff-flughafen-leipzig-halle-konsulat-kulturzentrum,0,www.zeit.de,Anschlagsversuch in Leipzig: Russland weist Vorwürfe zu Leipziger Drohnenvorfall zurück,"Deutschlands Vorwürfe zum Drohnenangriff am Leipziger Flughafen seien eine »absurde Provokation«, sagt Russland. Die Maßnahmen seien zudem eine beispiellose Eskalation.",https://img.zeit.de/administratives/sharing/fallback-image-die-zeit/wide__1300x731,2026-09-01T19:38:35Z,,"Russische Regierungsvertreter haben die Schuldzuweisung Deutschlands nach einem
versuchten Drohnenangriff auf den Flughafen Leipzig/Halle im vergangenen Monat
zurückgewiesen. Die russische Botschaf… [+749 chars]",,de,'Russland'
https://www.sueddeutsche.de/politik/liveblog-nahost-iran-usa-oel-angriffe-preise-li.3530668,https://www.sueddeutsche.de/politik/liveblog-nahost-iran-usa-oel-angriffe-preise-li.3530668,0,www.sueddeutsche.de,Newsblog zum Nahost-Krieg: Ölpreise ziehen nach neuen US-Angriffen in Iran weiter an,Der Preis für Rohöl der US-Sorte WTI kletterte erstmals seit Ende Juli auf über 90 Dollar. Washington ruft seine Bürger im Nahen Osten zu erhöhter Vorsicht auf.,https://www.sueddeutsche.de/2026/09/01/3eae310d-69d2-43a4-ac82-34d5bfd89a33.jpg?q=60&fm=webp&width=1200&rect=0%2C209%2C4000%2C2250,2026-09-01T20:28:32Z,,US-Präsident Donald Trump fordert nach dem Tod von Demonstranten in Iran eine Anklage gegen die Verantwortlichen. Sie müssen wegen Kriegsverbrechen gegen die Menschlichkeit vor Gericht gestellt werde… [+1356 chars],,de,'Rohöl'
https://www.faz.net/aktuell/politik/inland/liveblog-bundespolitik-putin-nennt-deutsche-strafmassnahmen-einen-schweren-fehler-faz-110093143.html,https://www.faz.net/aktuell/politik/inland/liveblog-bundespolitik-putin-nennt-deutsche-strafmassnahmen-einen-schweren-fehler-faz-110093143.html,0,www.faz.net,Deutschland-Liveblog: Putin bezeichnet deutsche Strafmaßnahmen als „schweren Fehler“,Russischer Präsident hält Beweise zu Leipziger Drohnenvorfall für „gefälscht“ +++ Moskau will auf Berlins „antirussische Entscheidung“ reagieren +++ Bundesregierung geht nach Drohnenangriff gegen Russland vor +++ alle Entwicklungen im Liveblog,https://media0.faz.net/image/w1200h627/2778bb1ff6bd/w5335h2787x0y342o/202609/43601.0.2494335629/wladimir-putin-bei-der.webp,2026-09-01T21:30:17Z,,"Die F.A.Z. hat gesicherte Informationen, dass die Bundesregierung Russland für die Drohnenattacke in Leipzig verantwortlich macht. Fachleute hatten schon unmittelbar danach einen Angriff Russlands ve… [+1704 chars]",,de,'Russland'
https://www.zeit.de/news/2026-09/01/selenskyj-warnt-vor-fluegen-ueber-russland-putin-droht,https://www.zeit.de/news/2026-09/01/selenskyj-warnt-vor-fluegen-ueber-russland-putin-droht,0,www.zeit.de,Ukraine-Krieg: Selenskyj warnt vor Flügen über Russland - Putin droht,Hier finden Sie Informationen zu dem Thema „Ukraine-Krieg“. Lesen Sie jetzt „Selenskyj warnt vor Flügen über Russland - Putin droht“.,https://img.zeit.de/news/2026-09/01/selenskyj-warnt-vor-fluegen-ueber-russland-putin-droht-image-group/wide__1300x731,2026-09-01T21:39:19Z,,"Der ukrainische Präsident Wolodymyr Selenskyj hat wegen Kiews Drohnenattacken alle Fluggesellschaften vor Gefahren über Russland gewarnt. «Der russische Luftraum wird vollkommen unsicher», sagte Sele… [+2247 chars]",,de,'Ukraine'
https://www.zeit.de/news/2026-09/02/putin-spricht-bei-vormarsch-in-der-ukraine-von-fortschritten,https://www.zeit.de/news/2026-09/02/putin-spricht-bei-vormarsch-in-der-ukraine-von-fortschritten,0,www.zeit.de,Russischer Angriffskrieg: Putin spricht bei Vormarsch in der Ukraine von Fortschritten,Hier finden Sie Informationen zu dem Thema „Russischer Angriffskrieg“. Lesen Sie jetzt „Putin spricht bei Vormarsch in der Ukraine von Fortschritten“.,https://img.zeit.de/news/2026-09/02/putin-spricht-bei-vormarsch-in-der-ukraine-von-fortschritten-image-group/wide__1300x731,2026-09-01T22:24:27Z,,Im Krieg in der Ukraine kommen die russischen Truppen laut Darstellung von Kremlchef Wladimir Putin immer schneller voran. Russische Einheiten seien im Donezker Gebiet bis auf wenige Kilometer an die… [+1817 chars],,de,'Ukraine'
https://www.zeit.de/news/2026-09/02/usa-und-iran-kaempfen-um-kontrolle-ueber-strasse-von-hormus,https://www.zeit.de/news/2026-09/02/usa-und-iran-kaempfen-um-kontrolle-ueber-strasse-von-hormus,0,www.zeit.de,Die Lage im Überblick: USA und Iran kämpfen um Kontrolle über Straße von Hormus,Hier finden Sie Informationen zu dem Thema „Die Lage im Überblick“. Lesen Sie jetzt „USA und Iran kämpfen um Kontrolle über Straße von Hormus“.,https://img.zeit.de/news/2026-09/02/usa-und-iran-kaempfen-um-kontrolle-ueber-strasse-von-hormus-image-group/wide__1300x731,2026-09-02T03:30:14Z,,Die USA und der Iran haben sich im Kampf um die Kontrolle über die Straße von Hormus erneut gegenseitig angegriffen und damit die Ölpreise weiter nach oben getrieben. Das US-Militär attackierte nach … [+6566 chars],,de,'Rohöl'
https://www.faz.net/aktuell/politik/inland/liveblog-bundespolitik-polizei-ermittelt-nach-stoerung-im-umspannwerk-bergheim-faz-110093143.html,https://www.faz.net/aktuell/politik/inland/liveblog-bundespolitik-polizei-ermittelt-nach-stoerung-im-umspannwerk-bergheim-faz-110093143.html,0,www.faz.net,Deutschland-Liveblog: Polizei ermittelt nach Störung im Umspannwerk Bergheim,Ermittler gehen von einer Straftat aus +++ Putin bezeichnet deutsche Strafmaßnahmen als „schweren Fehler“ +++ Berlin geht nach Drohnenangriff gegen Russland vor +++ alle Entwicklungen im Liveblog,https://media0.faz.net/image/w1200h627/81f5572dc57f/w1331h695x0y227o/202609/43601.0.2494794041/kriminaltechniker-und.webp,2026-09-02T04:25:00Z,,"Die Bundesregierung macht Russland für den versuchten Drohnenanschlag am 4. August am Leipziger Flughafen verantwortlich. Polizeiliche Ermittlungen, Tatmuster und nachrichtendienstliche Erkenntnisse … [+1271 chars]",,de,'Putin'
https://www.tagesschau.de/wirtschaft/konjunktur/inflation-ezb-renditen-anleihen-preise-100.html,https://www.tagesschau.de/wirtschaft/konjunktur/inflation-ezb-renditen-anleihen-preise-100.html,0,www.tagesschau.de,Was hilft gegen die gestiegene Inflation?,"Die Euro-Inflation liegt inzwischen bei 3,3 Prozent. Grund ist vor allem das teure Rohöl als Folge des Iran-Kriegs - ein Dilemma für Europas Notenbanker. Steigen die Preise bald womöglich noch schneller? Von Angela Göpfert.",https://images.tagesschau.de/image/19238128-5c1b-4352-85f7-01cee85ce630/AAABoBnNk84/AAABnSSvrFg/16x9-big/spritpreise-240.jpg?width=1280,2026-09-02T07:03:04Z,,"Stand: 02.09.2026 09:03 Uhr
Die Euro-Inflation liegt inzwischen bei 3,3 Prozent. Grund ist vor allem das teure Rohöl als Folge des Iran-Kriegs - ein Dilemma für Europas Notenbanker. Steigen die Prei… [+5700 chars]",,de,'Rohöl'
https://www.faz.net/aktuell/wirtschaft/klima-nachhaltigkeit/fernkaeltenetz-muenchen-stadtwerke-als-vorreiter-der-kuehlung-accg-201159941.html,https://www.faz.net/aktuell/wirtschaft/klima-nachhaltigkeit/fernkaeltenetz-muenchen-stadtwerke-als-vorreiter-der-kuehlung-accg-201159941.html,0,www.faz.net,Nachhaltige Abkühlung: Münchens Fernkältenetz ist ein Vorreiter,"Klimaanlagen sorgen für Abwärme und Emissionen. Dass es anders geht, zeigt München. Ein 25 Kilometer langes Netz versorgt die nach Abkühlung lechzende Innenstadt mit natürlicher Kälte.",https://media0.faz.net/image/w1200h627/d7a37176703f/w2304h1203x0y166o/202607/43601.0.2389595070/angenehme-temperaturen-die.webp,2026-09-02T07:19:22Z,,Es ist heiß am Viktualienmarkt in München. Die schattigen Plätze sind belegt. Eine kurze Abkühlung in Nähe der Feinkoststände ist kaum noch möglich. Da hilft ein Besuch im Traditionskaufhaus Kusterma… [+8981 chars],,de,'Kälte'
https://www.zeit.de/news/2026-09/02/schuster-sieht-in-drohnen-vorfall-staatsterrorismus,https://www.zeit.de/news/2026-09/02/schuster-sieht-in-drohnen-vorfall-staatsterrorismus,0,www.zeit.de,Bedrohung aus Russland: Schuster sieht in Drohnen-Vorfall «Staatsterrorismus»,Hier finden Sie Informationen zu dem Thema „Bedrohung aus Russland“. Lesen Sie jetzt „Schuster sieht in Drohnen-Vorfall «Staatsterrorismus»“.,https://img.zeit.de/news/2026-09/02/schuster-sieht-in-drohnen-vorfall-staatsterrorismus-image-group/wide__1300x731,2026-09-02T07:22:15Z,,Sachsens Innenminister Armin Schuster hat den gescheiterten Angriff mit einer Sprengstoff-Drohne am Flughafen Leipzig/Halle als «Staatsterrorismus» eingeordnet. «Die deutschen Sicherheitsbehörden hab… [+1741 chars],,de,'Russland'
https://www.faz.net/aktuell/politik/ausland/liveblog-irankrieg-trump-koennte-abkommen-mit-iran-nicht-egaler-sein-faz-200583539.html,https://www.faz.net/aktuell/politik/ausland/liveblog-irankrieg-trump-koennte-abkommen-mit-iran-nicht-egaler-sein-faz-200583539.html,0,www.faz.net,Liveblog Irankrieg: Trump: Abkommen mit Iran „könnte mir nicht egaler sein“,US-Präsident spielt Aussichten auf Einigung herunter +++ Amerika greift wieder Ziele in Iran an +++ Teheran dankt Putin für Haltung während des Krieges +++ alle Entwicklungen im Liveblog,https://media0.faz.net/image/w1200h627/485518ad167b/w4759h2486x0y175o/202609/43601.0.2495444769/er-wolle-iran-nicht-an-den.webp,2026-09-02T08:04:11Z,,"Die amerikanischen Streitkräfte haben abermals Ziele in Iran angegriffen. Wie das für die Region zuständige Militärkommando Centcom am Dienstagabend mitteilte, sei dies auf versuchte Angriffe der ira… [+1673 chars]",,de,'Putin'
https://www.zeit.de/2026/38/wladimir-putin-ziele-ukraine-krieg-nato-europa,https://www.zeit.de/2026/38/wladimir-putin-ziele-ukraine-krieg-nato-europa,0,www.zeit.de,Wladimir Putin: Er denkt nur an das eine,"Wladimir Putin wird so weit gehen, wie es der Westen ihm erlaubt. Für ihn ist völlig klar, wer länger durchhält. Drei Szenarien sind denkbar.",https://img.zeit.de/2026/38/er-denkt-nur-an-das-eine-bild-1/wide__1300x731,2026-09-02T08:34:22Z,,"Schließen
Artikelzusammenfassung
Putin setzt auf Eskalation. Der Artikel beschreibt zunächst zwei verbreitete Irrtümer in Deutschland: Weder weniger Waffen für die Ukraine noch maximale militärisch… [+1114 chars]",,de,'Putin'
https://www.zeit.de/politik/ausland/2026-09/drohnenangriff-leipzig-halle-russland-sanktionen-michael-wadephul-kaja-kallas,https://www.zeit.de/politik/ausland/2026-09/drohnenangriff-leipzig-halle-russland-sanktionen-michael-wadephul-kaja-kallas,0,www.zeit.de,Drohnenangriff bei Leipzig: Außenminister Wadephul dringt auf weitere EU-Sanktionen gegen Russland,"Die EU-Außenminister beraten über neue Strafmaßnahmen gegen Russland. Das Land müsse nach dem Vorfall in Leipzig jetzt mit den Konsequenzen leben, sagt Johann Wadephul.",https://img.zeit.de/politik/ausland/2026-09/drohnenangriff-leipzig-halle-russland-sanktionen-michael-wadephul-kaja-kallas-foto-1/wide__1300x731,2026-09-02T08:47:16Z,,Bundesaußenminister Johann Wadephul hat nach dem versuchten Sprengstoffanschlag am Flughafen Leipzig/Halle weitere EU-Sanktionen gegen Russland gefordert. Bei einem Treffen der EU-Außenminister in Ir… [+1197 chars],,de,'Russland'
https://www.zeit.de/news/2026-09/02/polens-regierungschef-brand-in-drohnen-fabrik-war-sabotage,https://www.zeit.de/news/2026-09/02/polens-regierungschef-brand-in-drohnen-fabrik-war-sabotage,0,www.zeit.de,Rüstungsindustrie: Polens Regierungschef: Brand in Drohnen-Fabrik war Sabotage,Hier finden Sie Informationen zu dem Thema „Außenministertreffen in Irland“. Lesen Sie jetzt „Nach Leipzig: Russland droht massives Sanktionspaket der EU“.,https://img.zeit.de/news/2026-09/02/polens-regierungschef-brand-in-drohnen-fabrik-war-sabotage-image-group/wide__1300x731,2026-09-02T11:56:49Z,,Russland muss nach dem Anschlagsversuch mit einer Sprengstoffdrohne auf dem Flughafen Leipzig/Halle mit einem umfassenden neuen Sanktionspaket der Europäischen Union rechnen - und verschärft den Ton … [+4693 chars],,de,'Russland'
https://www.tagesschau.de/wirtschaft/finanzen/mittags-mb-luftfahrt-100.html,https://www.tagesschau.de/wirtschaft/finanzen/mittags-mb-luftfahrt-100.html,0,www.tagesschau.de,Ryanair senkt Prognose - Luftfahrt unter Kostendruck,Die Luftfahrtbranche leidet besonders unter der Energiekrise - denn Kerosin ist ein zentraler Kostenfaktor. Der Billigflieger Ryanair ist das jüngste Opfer. Aber die Probleme der Branche sind vielschichtiger.,https://images.tagesschau.de/image/abc9a8b5-e645-4e39-b0ff-cfcea7a8c0a9/AAABoGFuCuI/AAABnSSvrFg/16x9-big/ryanair-350.jpg?width=1280,2026-09-02T12:48:13Z,,"Stand: 02.09.2026 14:48 Uhr
Die Luftfahrtbranche leidet besonders unter der Energiekrise - denn Kerosin ist ein zentraler Kostenfaktor. Der Billigflieger Ryanair ist das jüngste Opfer. Aber die Prob… [+4068 chars]",,de,'Rohöl'
https://www.faz.net/aktuell/politik/ausland/russlands-schattenflotte-wie-deutschland-gegen-die-tanker-vorgehen-koennte-201182387.html,https://www.faz.net/aktuell/politik/ausland/russlands-schattenflotte-wie-deutschland-gegen-die-tanker-vorgehen-koennte-201182387.html,0,www.faz.net,Nord- und Ostsee: Wie Russlands Schattenflotte begegnet werden könnte,"Mit einer riesigen Schattenflotte füllt Russland seine Kriegskasse. Der Deutschen Marine fehlt es an wendigen Booten, um die Tanker zu stoppen. Wie gehen andere Länder vor?",https://media0.faz.net/image/w1200h627/d6529d5da17f/w3500h1828x0y325o/202603/43601.0.1901173492/ein-franzoesischer.webp,2026-09-02T12:58:45Z,,"Das russische Regime hat seit Beginn seines Angriffskriegs gegen die Ukraine durch etwa zwei Dutzend Sanktionspakete erhebliche Nachteile erlitten. Deren Ziel war es unter anderem, Russlands Energiee… [+8976 chars]",,de,'Russland'
https://www.faz.net/aktuell/politik/ausland/neue-marschflugkoerper-wie-russland-iran-aufruestet-201182105.html,https://www.faz.net/aktuell/politik/ausland/neue-marschflugkoerper-wie-russland-iran-aufruestet-201182105.html,0,www.faz.net,Neue Marschflugkörper: Wie Russland Iran aufrüstet,Moskau soll Teheran bei der Entwicklung von Überschall-Marschflugkörpern geholfen haben. Es ist der jüngste Beleg für eine enger werdende Rüstungskooperation.,https://media0.faz.net/image/w1200h627/12ffc03b61dd/w5000h2612x0y405o/202609/43601.0.2492877535/treffen-im-kirgisischen.webp,2026-09-02T14:52:26Z,,"Russland hat Iran laut einem Bericht der Financial Times bei der Entwicklung von Überschall-Marschflugkörpern unterstützt, die künftig unter anderem gegen amerikanische Kriegsschiffe eingesetzt werde… [+3570 chars]",,de,'Russland'
https://www.zeit.de/news/2026-09/02/pistorius-warnt-vor-militaerischem-erfolg-russlands,https://www.zeit.de/news/2026-09/02/pistorius-warnt-vor-militaerischem-erfolg-russlands,0,www.zeit.de,Abwehrkampf gegen Russland: Pistorius warnt vor militärischem Erfolg Russlands,Hier finden Sie Informationen zu dem Thema „Abwehrkampf gegen Russland“. Lesen Sie jetzt „Pistorius warnt vor militärischem Erfolg Russlands“.,https://img.zeit.de/news/2026-09/02/pistorius-warnt-vor-militaerischem-erfolg-russlands-image-group/wide__1300x731,2026-09-02T16:30:36Z,,"Bundesverteidigungsminister Boris Pistorius hat erneut vor einem militärischen Erfolg Russlands in der Ukraine gewarnt. «Wenn Russland, wenn Wladimir Putin diesen Krieg gewinnt, dann ist das eine Bla… [+1195 chars]",,de,'Russland'
https://www.n-tv.de/politik/Kiew-informiert-offiziell-ueber-unsicheren-russischen-Luftraum-id31262753.html,https://www.n-tv.de/politik/Kiew-informiert-offiziell-ueber-unsicheren-russischen-Luftraum-id31262753.html,0,www.n-tv.de,"Ausweitung der Angriffe geplant?: Kiew informiert offiziell über ""unsicheren russischen Luftraum""",Die Ukraine setzt in ihrem Verteidigungskampf auch auf Angriffe im russischen Hinterland. Meldungen aus Kiew deuten auf eine geplante Ausweitung der Drohneneinsätze hin. Der ukrainische Außenminister Sybiha wendet sich an die Internationale Luftfahrtbehörde u…,https://www.n-tv.de/img/31262776/1788369191/Img_16_9/1200/609011423.jpg,2026-09-02T16:38:39Z,,"""Die sicheren Tage im russischen Luftraum sind vorbei"", sagte Selenskyj. (Foto: picture alliance / press.media)
Die Ukraine setzt in ihrem Verteidigungskampf auch auf Angriffe im russischen Hinterla… [+3006 chars]",,de,'Ukraine'
https://www.focus.de/politik/ausland/druck-auf-schattenflotte-ist-hebel-gegen-putins-kriegskasse_65cf24d2-f2c7-4a73-939b-46d2d065326b.html,https://www.focus.de/politik/ausland/druck-auf-schattenflotte-ist-hebel-gegen-putins-kriegskasse_65cf24d2-f2c7-4a73-939b-46d2d065326b.html,0,www.focus.de,Druck auf Schattenflotte ist Hebel gegen Putins Kriegskasse,"Nach dem versuchten Drohnenangriff in Leipzig erhöht Deutschland unter anderem den Druck auf Russlands Schattenflotte. Der Schritt könnte auch Putins Kriegskasse treffen, erklärt Sicherheitsexperte Hans-Jakob Schindler.","https://quadro.burda-forward.de/ctf/eb482ac5-1876-422e-8ca9-fc3b73c72d30.f4573b9e-fa5a-42ff-aab4-4ffbb54807ad.png?im=RegionOfInterestCrop=(1200,630),regionOfInterest=(1213,756)&hash=25b612991593ddf74734349437a42cd346ef0cce2608706546c4bfcabfcf29e7",2026-09-02T16:43:00Z,,Russland steckt hinter dem Drohnenvorfall am Flughafen Leipzig/Halle Anfang August. Das bestätigte Bundesinnenminister Alexander Dobrindt (CSU) am Dienstag bei einer Pressekonferenz. Außenminister Jo… [+2573 chars],,de,'Ukraine'
https://www.morgenpost.de/politik/article413039287/schattenflotte-und-einreisekontrollen-wo-deutschland-alleine-machtlos-ist.html,https://www.morgenpost.de/politik/article413039287/schattenflotte-und-einreisekontrollen-wo-deutschland-alleine-machtlos-ist.html,0,www.morgenpost.de,Schattenflotte und Einreisekontrollen: Wo Deutschland alleine machtlos ist,Gegen Russland will die Bundesregierung jetzt klare Kante zeigen. Doch an einigen Stellen ist das leichter gesagt als getan.,https://img.sparknews.funkemedien.de/412986129/412986129_1787893688_v16_9_1600.jpeg,2026-09-02T16:46:03Z,,Nach dem gescheiterten Drohnen-Angriff am Leipziger Flughafen und Deutschlands Schuldzuweisung an Moskau forciert die Europäische Union neue Sanktionen gegen Russland. Die Außenbeauftragte Kaja Kalla… [+3388 chars],,de,'Ukraine'
https://www.focus.de/politik/deutschland/drohnen-eklat-in-leipzig-putins-psychospiel-mit-deutschland_f4c65ea8-6d80-4bce-a72c-7181f02b99c4.html,https://www.focus.de/politik/deutschland/drohnen-eklat-in-leipzig-putins-psychospiel-mit-deutschland_f4c65ea8-6d80-4bce-a72c-7181f02b99c4.html,0,www.focus.de,Drohnen-Eklat in Leipzig: Putins Psychospiel mit Deutschland,Bei allem Theaterdonner von Putin über Medwedew bis Netschajew: Unterm Strich lief alles glimpflich ab. Routinierte Aufregung muss nichts Schlechtes sein.,"https://quadro.burda-forward.de/ctf/cd351cf6-b35e-4852-86ca-65b118b3f424.96141f22-cd62-42e6-b666-35525b9a41c9.jpeg?im=RegionOfInterestCrop=(1200,630),regionOfInterest=(1104,645)&hash=0344d47cbdaf3d5e71d8eb342574a7bf6124b2b32fa33d00d4f83b0b253bfc6d",2026-09-02T16:54:00Z,,"Von aller auch künstlichen Aufregung um Leipzig, ein kühler Blick zurück: Der russische, von einem deutschen Gericht als Staatsterrorist verurteilte Tiergartenmörder, kam im August 2024 nach mehreren… [+6747 chars]",,de,'Putin'
https://www.welt.de/videos/video6a9853c7c53a6557d48dd943/russische-sabotage-selenskyj-bietet-merz-nach-versuchtem-anschlag-am-flughafen-leipzig-unterstuetzung-an.html,https://www.welt.de/videos/video6a9853c7c53a6557d48dd943/russische-sabotage-selenskyj-bietet-merz-nach-versuchtem-anschlag-am-flughafen-leipzig-unterstuetzung-an.html,0,www.welt.de,Selenskyj bietet Merz nach versuchtem Anschlag am Flughafen Leipzig Unterstützung an,"Ukraine-Präsident Selenskyj hat Kanzler Merz für die deutschen Sanktionen gegen Russland gelobt: „Dies ist eine weitere Eskalation seitens Russlands, und es ist wichtig, dass Deutschland darauf reagiert hat.“",https://images.welt.de/6a9853c7c53a6557d48dd943/1022df96b9127e4d1807f3c6155e7966/ci16x9-w1200/587632808-jpg,2026-09-02T16:57:02Z,,"Ukraine-Präsident Selenskyj hat Kanzler Merz für die deutschen Sanktionen gegen Russland gelobt: Dies ist eine weitere Eskalation seitens Russlands, und es ist wichtig, dass Deutschland darauf reagie… [+66 chars]",,de,'Russland'
https://www.diepresse.com/41226480/meinl-reisinger-bestellt-russischen-botschafter-ein,https://www.diepresse.com/41226480/meinl-reisinger-bestellt-russischen-botschafter-ein,0,www.diepresse.com,Meinl-Reisinger bestellt russischen Botschafter ein,"Die Maßnahme sei eine „Reaktion auf den hybriden Angriff in Leipzig durch Russland“, heißt es in einer Aussendung des Außenministeriums.",https://img.diepresse.com/public/incoming/nl2yo6-22730394793925636bldhiresjpg/alternates/WEBP_WIDE_1200/22730394793925636_BLD_HiRes.jpg,2026-09-02T17:07:51Z,,"Die Presse auf Google als bevorzugte Nachrichtenquelle hinzufügen.
 Als Reaktion auf den hybriden Angriff in Leipzig durch Russland hat Außenministerin Beate Meinl-Reisinger am Mittwoch veranlasst, … [+2022 chars]",,de,'Russland'
https://www.faz.net/aktuell/politik/ausland/drohnenangriff-in-leipzig-eu-kuendigt-sanktionen-gegen-russland-an-201182869.html,https://www.faz.net/aktuell/politik/ausland/drohnenangriff-in-leipzig-eu-kuendigt-sanktionen-gegen-russland-an-201182869.html,0,www.faz.net,"EU-Außenminister: Viel Solidarität mit Berlin, neue Sanktionen gegen Russland",Die EU sieht im Drohnenangriff von Leipzig „staatlich geförderten Terrorismus“. Jetzt will sie 1600 Personen und Organisationen mit Sanktionen belegen – mehr als je zuvor.,https://media0.faz.net/image/w1200h627/6ceaa8c5db2a/w6485h3388x0y654o/202609/43601.0.2496516569/die-eu-aussenminister-beraten.webp,2026-09-02T17:09:15Z,,"Nach einem heißen Sommer standen die EU-Außenminister am Mittwochmorgen im Regen. Die irische Ratspräsidentschaft hatte offenbar nicht mit solchem Wetter gerechnet, obwohl es nicht untypisch für die … [+7358 chars]",,de,'Rohöl'
https://www.faz.net/aktuell/politik/inland/wie-berlin-auf-den-drohnenangriff-reagiert-201182530.html,https://www.faz.net/aktuell/politik/inland/wie-berlin-auf-den-drohnenangriff-reagiert-201182530.html,0,www.faz.net,Nach Drohnenattacke: Bis zur nächsten Eskalationsstufe,"Die Bundesregierung erwartet nicht, dass Russland seinen hybriden Krieg nach der Reaktion auf den Vorfall in Leipzig einstellen wird. Ganz im Gegenteil.",https://media0.faz.net/image/w1200h627/33ce9eeae1fc/w7964h4161x0y219o/202609/43601.0.2493574851/aussenminister-johann-wadephul.webp,2026-09-02T17:10:09Z,,"Der Bundesregierung war schon kurz nach der Drohnenattacke auf dem Flughafen Leipzig am 4. August klar, dass sie auf den Angriff würde reagieren müssen. Und dass diese Reaktion, würde man den Angriff… [+11160 chars]",,de,'Russland'
https://www.zeit.de/sport/2026-09/fis-russland-belarus-weltcup-ski-neutralitaetserklaerung,https://www.zeit.de/sport/2026-09/fis-russland-belarus-weltcup-ski-neutralitaetserklaerung,0,www.zeit.de,FIS-Entscheidung: Ski-Weltverband lässt Russland wieder an Wettbewerben teilnehmen,Nach sechs Jahren erlaubt der Ski-Weltverband Sportlern aus Russland wieder an Einzelwettbewerben teilzunehmen. Ihre Teilnahme ist jedoch an strikte Bedingungen geknüpft.,https://img.zeit.de/sport/2026-09/fis-russland-belarus-weltcup-ski-neutralitaetserklaerung-foto-1/wide__1300x731,2026-09-02T17:21:50Z,,"Der Ski- und Snowboard-Weltverband (FIS) hat den Weg für die Rückkehr von Sportlerinnen und Sportlern aus Russland und Belarus in den Weltcup ab
der kommenden Saison freigemacht. Unter strengen Aufl… [+694 chars]",,de,'Russland'
https://www.morgenpost.de/politik/article413041761/blitzkrieg-in-der-fdp-doch-kubickis-rechnung-geht-auf.html,https://www.morgenpost.de/politik/article413041761/blitzkrieg-in-der-fdp-doch-kubickis-rechnung-geht-auf.html,0,www.morgenpost.de,Neue Studie zu E-Autos: Misst Brüssel falsch?,"Putin will Beweise, Aus für „Russisches Haus“ und Diskussionen um E-Autos. Jörg Quoos nimmt Sie mit hinter die Kulissen der Hauptstadt.",https://img.sparknews.funkemedien.de/413041654/413041654_1788367265_v16_9_1600.jpeg,2026-09-02T17:28:27Z,,"Liebe Leserin, lieber Leser,
mit der Benennung Russlands als Verantwortlichen für den Drohnenangriff vom Leipziger Flughafen zeigt die Bundesregierung klare Kante und die angekündigten Maßnahmen sin… [+5242 chars]",,de,'Ukraine'
https://www.zeit.de/news/2026-09/02/ukraine-erhaelt-bei-eu-treffen-zusagen-fuer-luftverteidigung,https://www.zeit.de/news/2026-09/02/ukraine-erhaelt-bei-eu-treffen-zusagen-fuer-luftverteidigung,0,www.zeit.de,Abwehrkampf gegen Russland: Ukraine erhält bei EU-Treffen Zusagen für Luftverteidigung,Hier finden Sie Informationen zu dem Thema „Abwehrkampf gegen Russland“. Lesen Sie jetzt „Ukraine erhält bei EU-Treffen Zusagen für Luftverteidigung“.,https://img.zeit.de/news/2026-09/02/ukraine-erhaelt-bei-eu-treffen-zusagen-fuer-luftverteidigung-image-group/wide__1300x731,2026-09-02T17:29:52Z,,"Die Ukraine hat bei einem EU-Außenministertreffen in Irland neue Zusagen zur Unterstützung ihrer Flugabwehr erhalten. «Wir haben uns gefreut, heute Ankündigungen von Mitgliedstaaten zu hören, Luftver… [+1164 chars]",,de,'Russland'
https://www.tagesspiegel.de/internationales/dpa-abwehrkampf-gegen-russland-16010836.html,https://www.tagesspiegel.de/internationales/dpa-abwehrkampf-gegen-russland-16010836.html,0,www.tagesspiegel.de,Abwehrkampf gegen Russland: Ukraine erhält bei EU-Treffen Zusagen für Luftverteidigung,Die Ukraine braucht dringend neue Flugabwehrraketen zum Schutz vor russischen Angriffen. Nach langem Drängen gibt es nun offensichtlich neue Zusagen.,https://www.tagesspiegel.de/images/16010835/alternates/BASE_16_9_W1400/1788370270000/informelles-treffen-der-au-enminister-der-eu-staaten.jpeg,2026-09-02T17:31:09Z,,"Die Ukraine hat bei einem EU-Außenministertreffen in Irland neue Zusagen zur Unterstützung ihrer Flugabwehr erhalten. Wir haben uns gefreut, heute Ankündigungen von Mitgliedstaaten zu hören, Luftvert… [+1214 chars]",,de,'Russland'
https://www.welt.de/politik/deutschland/article6a9853579452c52238231deb/ministerpraesidentin-ein-irrtum-schwesig-aeussert-bedauern-ueber-fruehere-haltung-zu-russland.html,https://www.welt.de/politik/deutschland/article6a9853579452c52238231deb/ministerpraesidentin-ein-irrtum-schwesig-aeussert-bedauern-ueber-fruehere-haltung-zu-russland.html,0,www.welt.de,„Ein Irrtum“ – Schwesig äußert Bedauern über frühere Haltung zu Russland,„Das sehe ich kritisch“: Mecklenburg-Vorpommerns Regierungschefin Schwesig (SPD) gesteht Fehler in ihrer früheren Russland-Politik ein. Ihr Engagement für Nord Stream 2 verteidigt sie.,https://images.welt.de/6a9853579452c52238231deb/09b887776ecb8d720b189cba6bc97d92/ci16x9-w1200/593701409-jpg,2026-09-02T17:40:57Z,,"Das sehe ich kritisch: Mecklenburg-Vorpommerns Regierungschefin Schwesig (SPD) gesteht Fehler in ihrer früheren Russland-Politik ein. Ihr Engagement für Nord Stream 2 verteidigt sie.Klicken Sie hier,… [+2291 chars]",,de,'Ukraine'
https://www.tagesspiegel.de/politik/dpa-pistorius-warnt-vor-militarischem-erfolg-russlands-16010849.html,https://www.tagesspiegel.de/politik/dpa-pistorius-warnt-vor-militarischem-erfolg-russlands-16010849.html,0,www.tagesspiegel.de,„Blaupause für alle Autokraten dieser Welt“: Pistorius warnt vor militärischem Erfolg Russlands,"Putin werde nicht haltmachen, wenn er die Ukraine eingenommen habe, fürchtet der Verteidigungsminister. Auch Deutschland sieht Pistorius wegen seiner Unterstützung Kyjiws im Fokus.",https://www.tagesspiegel.de/images/16010850/alternates/BASE_16_9_W1400/1788371295000/bundesverteidigungsminister-pistorius-in-braunschweig.jpeg,2026-09-02T18:01:27Z,,"Bundesverteidigungsminister Boris Pistorius hat erneut vor einem militärischen Erfolg Russlands in der Ukraine gewarnt. Wenn Russland, wenn Wladimir Putin diesen Krieg gewinnt, dann ist das eine Blau… [+1481 chars]",,de,'Russland'
https://orf.at/stories/3441012/,https://orf.at/stories/3441012/,0,orf.at,Mutmaßliche Täter laut Berichten identifiziert,"Im Fall des versuchten Drohnenanschlags auf den Flughafen Leipzig haben die Ermittler zwei Tatverdächtige identifiziert. Das berichteten die „Süddeutsche Zeitung“, NDR und WDR am Mittwoch. Die zwei Männer haben einen direkten Bezug zu Russland. Zugleich sprac…",https://ibs.orf.at/news?image=https%3A%2F%2Fassets.orf.at%2Fmims%2F2026%2F36%2F31%2Fcrops%2Fw%3D1200%2Ch%3D630%2Cq%3D75%2F3169789_master_1229131_deutschland_leipzig_verdaechtige_r.jpg%3Fs%3Db9926c847e19080fcb248ab21903a0ff3e83957f,2026-09-02T18:02:51Z,,"Den Berichten zufolge handle es sich um einen gebürtigen Russen mit lettischem Pass und einen Mann aus Belarus, der einen russischen Pass besitze. Die beiden Männer sollen hinter dem versuchten Ansch… [+6199 chars]",,de,'Ukraine'
https://www.bild.de/politik/inland/hamburg-mietet-nagelneues-design-hotel-fuer-fluechtlinge-aus-der-ukraine-6a97e3c5a33eb07b67945748,https://www.bild.de/politik/inland/hamburg-mietet-nagelneues-design-hotel-fuer-fluechtlinge-aus-der-ukraine-6a97e3c5a33eb07b67945748,0,www.bild.de,340 Plätze für Ukrainer - Hamburg mietet neues Design-Hotel für Flüchtlinge,Die Stadt Hamburg mietet das nagelneue Design-Hotel „Niu Quay“ für 340 Ukraine-Flüchtlinge für mindestens zehn Monate. Metropolen zahlen Millionenbeträge.,"https://images.bild.de/6a97e3c5a33eb07b67945748/2db0e03f245152916359e02746e004eb,a04b4719?w=1280",2026-09-02T18:03:51Z,,"TTS-Player überspringenArtikel weiterlesenHamburg Dass Migranten aus Platzmangel in Hotels beherbergt werden müssen, war vor allem auf dem Höhepunkt der Flüchtlingskrise keine Seltenheit. Jetzt geht … [+2722 chars]",,de,'Ukraine'
https://www.faz.net/aktuell/politik/ausland/liveblog-irankrieg-trump-schlaegt-umbenennung-der-hormus-strasse-vor-faz-200583539.html,https://www.faz.net/aktuell/politik/ausland/liveblog-irankrieg-trump-schlaegt-umbenennung-der-hormus-strasse-vor-faz-200583539.html,0,www.faz.net,Liveblog Irankrieg: Trump will Straße von Hormus in „Trump-Straße“ umbenennen,"US-Präsident behauptet, USA hätten Kontrolle über die Meerenge +++ Trump: Abkommen mit Iran „könnte mir nicht egaler sein“ +++ USA beenden abermalige Angriffswelle gegen Ziele in Iran +++ alle Entwicklungen im Liveblog",https://media0.faz.net/image/w1200h627/12e441e62c91/w8068h4215x0y214o/202609/43601.0.2497649070/us-praesident-donald-trump-im.webp,2026-09-02T18:31:50Z,,"Die amerikanischen Streitkräfte haben abermals Ziele in Iran angegriffen. Wie das für die Region zuständige Militärkommando Centcom am Dienstagabend mitteilte, sei dies auf versuchte Angriffe der ira… [+1673 chars]",,de,'Straße von Hormus'
https://www.focus.de/kultur/kino-tv/sachsen-anhalt-talk-afd-bsw-linke-ein-segen-fuer-putin_3f974a3b-ac97-4c67-beff-2fe1a4f18e0d.html,https://www.focus.de/kultur/kino-tv/sachsen-anhalt-talk-afd-bsw-linke-ein-segen-fuer-putin_3f974a3b-ac97-4c67-beff-2fe1a4f18e0d.html,0,www.focus.de,"Sachsen-Anhalt-Talk: AfD, BSW, Linke – ein Segen für Putin",Beim Nachrichtensender n-tv diskutieren die Spitzenkandidaten Sachsen-Anhalts. Die Stimmung ist hitzig – CDU-Politiker Schulze bleibt blass und AfD-Mann Siegmund verliert sein Strahlen.,"https://quadro.burda-forward.de/ctf/4a385d58-7be1-49a9-84b9-6038deb2e187.00289cf9-09b2-47da-a82c-c13a8158a234.jpeg?im=RegionOfInterestCrop=(1200,630),regionOfInterest=(851,666)&hash=ff90b6423da05c92a6392d9929d72252e9a8e9c413de32f992b13d8a6871789f",2026-09-02T18:39:00Z,,"Es sind nur noch wenige Tage bis zur Wahl in Sachsen-Anhalt, und die Nervosität steigt merklich. So auch zu sehen in der Sendung Spitzenrunde Wahlen beim Sender n-tv. Die Top-Kandidaten werden stelle… [+3322 chars]",,de,'Putin'
https://www.zeit.de/feuilleton/2026-09/konflikt-russland-moderne-latenz,https://www.zeit.de/feuilleton/2026-09/konflikt-russland-moderne-latenz,0,www.zeit.de,Konflikt mit Russland: Soll das denn ewig so weitergehen?,"Leider ja. Im hybriden Krieg mit Russland wünschen sich Menschen klare Verhältnisse. Dabei käme es vielmehr darauf an, dass die Deutschen eine paradoxe Haltung einüben.",https://img.zeit.de/feuilleton/2026-09/konflikt-russland-moderne-latenz-bild/wide__1300x731,2026-09-02T18:47:53Z,,"Schließen
Artikelzusammenfassung
Der Anschlagsversuch in Leipzig zeigt, wie schwer sich ein hybrider Angriff politisch fassen lässt. Nachdem die Bundesregierung Russland verantwortlich machte und d… [+919 chars]",,de,'Russland'
https://www.zeit.de/news/2026-09/02/nachrichtendienst-russland-plant-sabotage-in-daenemark,https://www.zeit.de/news/2026-09/02/nachrichtendienst-russland-plant-sabotage-in-daenemark,0,www.zeit.de,Rüstungsindustrie im Visier: Nachrichtendienst: Russland plant Sabotage in Dänemark,Hier finden Sie Informationen zu dem Thema „Rüstungsindustrie im Visier“. Lesen Sie jetzt „Nachrichtendienst: Russland plant Sabotage in Dänemark“.,https://img.zeit.de/news/2026-09/02/nachrichtendienst-russland-plant-sabotage-in-daenemark-image-group/wide__1300x731,2026-09-02T21:22:57Z,,Dänische Behörden haben laut einem Bericht der Zeitung «Berlingske» Pläne und Vorbereitungen für russische Sabotage in Dänemark aufgedeckt. Unter den Zielen seien besonders Unternehmen in der Verteid… [+1774 chars],,de,'Russland'
https://www.zeit.de/politik/deutschland/2026-09/sabotage-umspannwerke-brandenburg-nrw-infrastruktur,https://www.zeit.de/politik/deutschland/2026-09/sabotage-umspannwerke-brandenburg-nrw-infrastruktur,0,www.zeit.de,Energiesicherheit: Verband fordert Backup-System gegen Sabotage im Stromnetz,"Einen Komplettschutz gegen Anschläge gibt es nicht, sagt die Präsidentin des Verbands für Erneuerbare Energien. Doch Bioenergie und Wasserkraft könnten Lücken schließen.",https://img.zeit.de/politik/deutschland/2026-09/umspannwerk-sabotage-stromnetz-deutschland-bild/wide__1300x731,2026-09-03T00:19:31Z,,Der Bundesverband der Erneuerbaren Energien (BEE) hat nach mehreren Angriffen auf das Stromnetz in Deutschland ein »Backup-System für Notfälle« gefordert. Zuvor waren in Brandenburg und in Nordrhein-… [+1858 chars],,de,'Erneuerbare Energien'
https://www.faz.net/aktuell/politik/ukraine/ukraine-liveticker-daenischer-nachrichtendienst-warnt-vor-sabotageplaenen-russlands-faz-110683325.html,https://www.faz.net/aktuell/politik/ukraine/ukraine-liveticker-daenischer-nachrichtendienst-warnt-vor-sabotageplaenen-russlands-faz-110683325.html,0,www.faz.net,Liveblog Ukrainekrieg: Dänischer Nachrichtendienst warnt vor Sabotageplänen Russlands,Ziele seien Rüstungsunternehmen mit Verbindung zur Ukraine +++ Putin wirft Selenskyj einen „Aufruf zum Staatsterrorismus“ vor +++ Selenskyj kritisiert Partner für Urlaube und „Diplomatie nach Plan“ +++ alle Neuigkeiten im Liveblog,https://media0.faz.net/image/w1200h627/c292a58d57b6/w4762h2488x0y343o/202609/43601.0.2498222666/daenemarks-behoerden-haben.webp,2026-09-03T00:39:00Z,,Was sind nächsten Ziele Russlands in der Ukraine? Kommt eine neue Mobilisierungswelle? Solchen Fragen zum russischen Angriffskrieg in der Ukraine stellte sich Russlands Präsident Wladimir Putin in de… [+1374 chars],,de,'Putin'
https://www.zeit.de/news/2026-09/03/lawrow-goethe-institut-in-russland-wird-geschlossen,https://www.zeit.de/news/2026-09/03/lawrow-goethe-institut-in-russland-wird-geschlossen,0,www.zeit.de,Deutsches Kulturinstitut: Lawrow: Goethe-Institut in Russland wird geschlossen,Hier finden Sie Informationen zu dem Thema „Deutsches Kulturinstitut“. Lesen Sie jetzt „Lawrow: Goethe-Institut in Russland wird geschlossen“.,https://img.zeit.de/news/2026-09/03/lawrow-goethe-institut-in-russland-wird-geschlossen-image-group/wide__1300x731,2026-09-03T03:12:22Z,,Die Regierung in Moskau wird nach Angaben von Außenminister Sergej Lawrow die Goethe-Institute in Russland schließen. Es handle sich um eine Reaktion auf die angekündigte Schließung des Russischen Ha… [+2577 chars],,de,'Russland'
https://www.zeit.de/politik/ausland/2026-09/russland-goethe-institut-lawrow-drohnenvorfall-leipzig,https://www.zeit.de/politik/ausland/2026-09/russland-goethe-institut-lawrow-drohnenvorfall-leipzig,0,www.zeit.de,Drohnenvorfall: Russland schließt Goethe-Institut laut Staatsmedien,"Die Bundesregierung hatte am Dienstag beschlossen, ein russisches Kulturinstitut in Berlin zu schließen. Russland zieht nach und schließt das Goethe-Institut in Moskau.",https://img.zeit.de/politik/ausland/2026-09/russland-goethe-institut-schliessung-sergej-lawrow-bild/wide__1300x731,2026-09-03T03:34:27Z,,"Die russische Regierung wird nach Angaben von
Außenminister Sergej Lawrow das Goethe-Institut in Russland schließen. Das
sagte Lawrow der russischen staatlichen Nachrichtenagentur Interfax, wie die… [+937 chars]",,de,'Russland'
https://www.faz.net/podcasts/f-a-z-podcast-fruehdenker/wie-faellt-russlands-harte-antwort-auf-die-massnahmen-aus-faz-fruehdenker-201184699.html,https://www.faz.net/podcasts/f-a-z-podcast-fruehdenker/wie-faellt-russlands-harte-antwort-auf-die-massnahmen-aus-faz-fruehdenker-201184699.html,0,www.faz.net,F.A.Z. Frühdenker: Was bedeutet die „harte Antwort“ aus Moskau?,Russland leitet Gegenmaßnahmen gegen Deutschland ein. Eine neue Eskalation zwischen Russland und der Ukraine steht bevor. Und ein ewiger Rechtsstreit um wenige Musik-Sekunden könnte enden. Der F.A.Z. Frühdenker.,https://media0.faz.net/image/w1200h627/a1be86433a60/w6144h3210x0y198o/202609/43601.0.2494437414/das-russische-generalkonsulat.webp,2026-09-03T03:47:28Z,,"Das Wichtigste für Sie am Donnerstag:
<ol><li>Wie fällt Russlands harte Antwort auf die Maßnahmen aus?</li><li>Zwischen Russland und der Ukraine stehen alle Zeichen auf Eskalation</li><li>Wie wahrsc… [+14951 chars]",,de,'Russland'
https://www.faz.net/premium/weltwirtschaft/weltwissen/raman-kapoor-ueber-unseren-koepfen-flogen-die-raketen-accg-201168039.html,https://www.faz.net/premium/weltwirtschaft/weltwissen/raman-kapoor-ueber-unseren-koepfen-flogen-die-raketen-accg-201168039.html,0,www.faz.net,Kapitän aus Indien: „Über unseren Köpfen flogen die Raketen“,Monatelang saß Kapitän Raman Kapoor auf einem Öltanker im Kriegsgebiet der Straße von Hormus fest. Nun berichtet er von den Herausforderungen und was er sich von der internationalen Politik wünscht.,https://media0.faz.net/image/w1200h627/a1dbaacd32e3/w6000h3135x0y433o/202605/43601.0.2046015898/nichts-geht-mehr-oeltanker.webp,2026-09-03T04:00:00Z,,"Herr Kapitän, Ihr Schiff steckte in der Straße von Hormus fest hatten Sie Angst?
Ich saß zweieinhalb Monate lang wegen des Irankriegs auf einem Öltanker in der Straße von Hormus fest. Das waren schr… [+175 chars]",,de,'Straße von Hormus'
https://www.focus.de/politik/ausland/putins-rache-russland-droht-der-ukraine-mit-einem-winter-der-dunkelheit_d460cb0b-c6a2-4d3a-95f5-1b48bef562a4.html,https://www.focus.de/politik/ausland/putins-rache-russland-droht-der-ukraine-mit-einem-winter-der-dunkelheit_d460cb0b-c6a2-4d3a-95f5-1b48bef562a4.html,0,www.focus.de,Putins Rache: Russland droht der Ukraine mit einem „Winter der Dunkelheit”,"Russland bereitet nach eigenen Angaben massive Angriffe auf die ukrainische Energieversorgung vor. Millionen Menschen könnten im Winter erneut ohne Strom, Wärme und Wasser bleiben.","https://quadro.burda-forward.de/ctf/65691629-5317-463d-84a3-9b2fdba147e7.82d65541-7541-4c4b-8d25-4431e116ab49.jpg?im=RegionOfInterestCrop=(1200,630),regionOfInterest=(1142,877)&hash=eccd44ede766041309b012ebe0aa51ee3eaa10b2537e9aa8d14b5e9b3166d956",2026-09-03T07:34:00Z,,"Das Verteidigungsministerium in Moskau erklärte am 30. August, die Vorbereitungen für massive Angriffe auf Anlagen des ukrainischen Energiesektors hätten begonnen. Als Begründung nannte der Kreml ukr… [+3074 chars]",,de,'Russland'
https://www.zeit.de/wirtschaft/2026-09/benzinpreis-super-e10-adac-rekord-iran-konflikt-gxe,https://www.zeit.de/wirtschaft/2026-09/benzinpreis-super-e10-adac-rekord-iran-konflikt-gxe,0,www.zeit.de,Benzinpreis in Deutschland: Benzinpreis erreicht nach neuen Angriffen auf den Iran Höchststand,"Gemessen ohne Inflation ist Benzin in Deutschland so teuer wie noch nie. Seit den jüngsten US-Angriffen auf den Iran kostet ein Liter E10 im Schnitt 2,22 Euro.",https://img.zeit.de/wirtschaft/2026-09/benzinpreis-super-e10-adac-rekord-iran-konflikt-foto-1/wide__1300x731,2026-09-03T08:06:33Z,,"Nach den erneuten Angriffen der USA auf den Iran ist der Preis für Superbenzin E10 in Deutschland auf einen Höchststand gestiegen. Ein Liter kostete am Mittwoch im bundesweiten Durchschnitt 2,215 Eur… [+1615 chars]",,de,'Rohöl'
https://www.faz.net/aktuell/politik/ukraine/ukraine-liveticker-russland-bezichtigt-norwegen-der-piraterie-faz-110683325.html,https://www.faz.net/aktuell/politik/ukraine/ukraine-liveticker-russland-bezichtigt-norwegen-der-piraterie-faz-110683325.html,0,www.faz.net,Liveblog Ukrainekrieg: Russland bezichtigt Norwegen der Piraterie,Russisches Schiff auf Spitzbergen beschlagnahmt +++ Dänischer Geheimdienst warnt vor Sabotageplänen Russlands +++ alle Neuigkeiten im Liveblog,https://media0.faz.net/image/w1200h627/cfd04774c5c5/w3816h1993x0y275o/202609/43601.0.2500557190/norwegische-flagge-waehrend.webp,2026-09-03T08:28:47Z,,Was sind nächsten Ziele Russlands in der Ukraine? Kommt eine neue Mobilisierungswelle? Solchen Fragen zum russischen Angriffskrieg in der Ukraine stellte sich Russlands Präsident Wladimir Putin in de… [+1374 chars],,de,'Russland'
https://www.zeit.de/politik/2026-09/afd-bsw-russland-ostdeutschland-podcast,https://www.zeit.de/politik/2026-09/afd-bsw-russland-ostdeutschland-podcast,0,www.zeit.de,AfD und BSW: Nah dran an Moskau,"Bei den Wahlen im Osten Deutschlands verstehen es AfD und BSW, die Haltung zu Russland auszunutzen. Warum verfängt dieses Vorgehen?",https://img.zeit.de/politik/deutschland/2026-09/afd-bsw-russland-ostdeutschland-podcast-bild/wide__1300x731,2026-09-03T08:45:48Z,,"Besucher eines Wahlkampfstandes der AfD auf dem Marktplatz in Sangerhausen stehen in einer Schlange vor dem Zelt mit dem Spitzenkandidaten Siegmund. © [M] Hendrik Schmidt/dpa
Wenn die Menschen in Sa… [+2109 chars]",,de,'Russland'
https://www.faz.net/aktuell/finanzen/finanzmarkt/benzinpreis-auf-hoechststand-so-teuer-war-tanken-noch-nie-accg-201187038.html,https://www.faz.net/aktuell/finanzen/finanzmarkt/benzinpreis-auf-hoechststand-so-teuer-war-tanken-noch-nie-accg-201187038.html,0,www.faz.net,Wegen Irankrieg: Benzinpreis auf historischem Höchststand,Der Benzinpreis hat jetzt den alten Rekord aus der Zeit des beginnenden Ukrainekriegs übertroffen. Diesel ist noch etwas teurer.,https://media0.faz.net/image/w1200h627/d433dd4d0f1c/w4256h2223x0y186o/202609/43601.0.2500567982/der-benzinpreis-knackt-alle.webp,2026-09-03T09:14:18Z,,"Benzin ist am Mittwoch im Tagesdurchschnitt so teuer gewesen wie noch nie in der Geschichte. Wie der Autoklub ADAC am Donnerstag berichtete, stieg der Preis von Super E10 auf 2,215 Euro je Liter und … [+2757 chars]",,de,'Rohöl'
https://www.zeit.de/politik/deutschland/2026-09/russland-konsulat-bonn-schliessung-diplomatische-beziehungen-gxe,https://www.zeit.de/politik/deutschland/2026-09/russland-konsulat-bonn-schliessung-diplomatische-beziehungen-gxe,0,www.zeit.de,Schließung russischer Einrichtungen: Russland will diplomatische Beziehungen zu Berlin erhalten,Russland will nach der angekündigten Schließung des Konsulats in Bonn an den diplomatischen Beziehungen festhalten. Das Land rechne mit weiteren »absurden Schritten«.,https://img.zeit.de/politik/deutschland/2026-09/russland-konsulat-bonn-schliessung-diplomatische-beziehungen-foto-1/wide__1300x731,2026-09-03T10:34:46Z,,Russland will trotz der von Deutschland angekündigten Schließung des Konsulats in Bonn die Beziehungen zu Deutschland vorerst nicht weiter einschränken. Die russische Regierung werde nicht selbst ein… [+3893 chars],,de,'Russland'
https://www.zeit.de/news/2026-09/03/untersuchungen-vor-ausbildungsstart-land-uebernimmt-kosten,https://www.zeit.de/news/2026-09/03/untersuchungen-vor-ausbildungsstart-land-uebernimmt-kosten,0,www.zeit.de,Finanzierung: Untersuchungen vor Ausbildungsstart - Land übernimmt Kosten,Hier finden Sie Informationen zu dem Thema „Finanzierung“. Lesen Sie jetzt „Untersuchungen vor Ausbildungsstart - Land übernimmt Kosten“.,https://img.zeit.de/news/2026-09/03/untersuchungen-vor-ausbildungsstart-land-uebernimmt-kosten-image-group/wide__1300x731,2026-09-03T10:45:04Z,,"Unter 18-Jährige müssen sich vor Ausbildungsbeginn ärztlich untersuchen lassen. Um im Freistaat eine Finanzierungslücke bei diesen Untersuchungen zu schließen, übernimmt das Land Thüringen einen Teil… [+1799 chars]",,de,'Kosten'
https://www.zeit.de/news/2026-09/03/preisspruenge-bei-oel-und-gas-machen-tanken-und-heizen-teurer,https://www.zeit.de/news/2026-09/03/preisspruenge-bei-oel-und-gas-machen-tanken-und-heizen-teurer,0,www.zeit.de,Energiepreise: Preissprünge bei Öl und Gas machen Tanken und Heizen teurer,Hier finden Sie Informationen zu dem Thema „Energiepreise“. Lesen Sie jetzt „Preissprünge bei Öl und Gas machen Tanken und Heizen teurer“.,https://img.zeit.de/news/2026-09/03/preisspruenge-bei-oel-und-gas-machen-tanken-und-heizen-teurer-image-group/wide__1300x731,2026-09-03T10:45:33Z,,Schlechte Nachrichten für Autofahrer und Heizölkunden - und möglicherweise noch mehr Verbraucher: Auf dem Weltmarkt ist der Preis für Rohöl wieder deutlich gestiegen. Die Notierung für Rohöl der Nord… [+5580 chars],,de,'Heizen'
https://www.tagesspiegel.de/wirtschaft/dpa-energiepreise-16013361.html,https://www.tagesspiegel.de/wirtschaft/dpa-energiepreise-16013361.html,0,www.tagesspiegel.de,Energiepreise: Preissprünge bei Öl und Gas machen Tanken und Heizen teurer,"Auch wenn es zwischenzeitlich etwas Entspannung gab, der Iran-Krieg hält die Preise für Öl und Gas hoch. Das trifft die Wirtschaft, aber auch die Verbraucher, die tanken und heizen müssen.",https://www.tagesspiegel.de/images/16013360/alternates/BASE_16_9_W1400/1788432389000/raffinerie-pck.jpeg,2026-09-03T10:46:29Z,,Schlechte Nachrichten für Autofahrer und Heizölkunden - und möglicherweise noch mehr Verbraucher: Auf dem Weltmarkt ist der Preis für Rohöl wieder deutlich gestiegen. Die Notierung für Rohöl der Nord… [+5637 chars],,de,'Knappheit'
https://www.faz.net/aktuell/politik/ukraine/russland-wirft-norwegen-piraterie-auf-spitzbergen-vor-accg-201185503.html,https://www.faz.net/aktuell/politik/ukraine/russland-wirft-norwegen-piraterie-auf-spitzbergen-vor-accg-201185503.html,0,www.faz.net,Schiffsbeschlagnahmung: Russland wirft Norwegen Piraterie vor,Norwegen hat auf Betreiben einer ukrainischen Firma ein russisches Schiff beschlagnahmt. Laut Forschern wurde dieses für Propagandazwecke genutzt.,https://media0.faz.net/image/w1200h627/293c40fe5644/w5102h2665x0y368o/202508/43601.0.1211007357/zunehmende-spannungen-auf.webp,2026-09-03T10:51:24Z,,Die Sprecherin des russischen Außenministeriums hat Norwegen wegen der Beschlagnahmung eines Schiffes auf Spitzbergen echte Piraterie vorgeworfen und eine entsprechende Reaktion angekündigt. Norwegen… [+2276 chars],,de,'Russland'
https://www.zeit.de/news/2026-09/03/flucht-von-hendrik-holt-fuer-ermittler-keine-ueberraschung,https://www.zeit.de/news/2026-09/03/flucht-von-hendrik-holt-fuer-ermittler-keine-ueberraschung,0,www.zeit.de,Fahnder zuversichtlich: Flucht von Hendrik Holt für Ermittler «keine Überraschung»,Hier finden Sie Informationen zu dem Thema „Fahnder zuversichtlich“. Lesen Sie jetzt „Flucht von Hendrik Holt für Ermittler «keine Überraschung»“.,https://img.zeit.de/news/2026-09/03/flucht-von-hendrik-holt-fuer-ermittler-keine-ueberraschung-image-group/wide__1300x731,2026-09-03T10:53:00Z,,Die Flucht von Windkraftbetrüger Hendrik Holt hat den leitenden Ermittler «persönlich nicht groß überrascht». Das sagte der Osnabrücker Oberstaatsanwalt Nils Leimbrock der «Neuen Osnabrücker Zeitung»… [+1672 chars],,de,'Flucht'
https://www.zeit.de/politik/deutschland/2026-09/russland-sabotage-daenemark-geheimdienst-pet-verteidigungsindustrie,https://www.zeit.de/politik/deutschland/2026-09/russland-sabotage-daenemark-geheimdienst-pet-verteidigungsindustrie,0,www.zeit.de,Russische Sabotagepläne in Dänemark: Dänischer Geheimdienst warnt vor russischen Sabotageplänen,"Die Spionageabwehr des dänischen Geheimdienstes verdächtigt Russland, in sozialen Medien Dänen zu rekrutieren. Diese sollen Firmengelände und Infrastruktur fotografieren.",https://img.zeit.de/politik/deutschland/2026-09/russland-sabotage-daenemark-geheimdienst-pet-verteidigungsindustrie-foto-1/wide__1300x731,2026-09-03T10:56:00Z,,"Der dänische Geheimdienst hat vor russischer Sabotage im Land gewarnt. Moskau bereite »aktive Sabotageakte vor, die auf die Verteidigungsindustrie in Dänemark abzielen«, sagte der Leiter der Spionage… [+690 chars]",,de,'Russland'
https://www.tagesschau.de/wirtschaft/konjunktur/wirtschaftsinstitute-herbstprognose-100.html,https://www.tagesschau.de/wirtschaft/konjunktur/wirtschaftsinstitute-herbstprognose-100.html,0,www.tagesschau.de,Wirtschaftsinstitute korrigieren Wachstumsprognosen nach oben,Es soll wieder bergauf gehen in der Wirtschaft: Mehrere Forschungsinstitute heben ihre Prognose für das aktuelle Jahr deutlich an. Doch die Inflation bleibt hoch - und könnte zur Belastung werden.,https://images.tagesschau.de/image/5cecefc4-18df-44da-b585-b3e16fa7d7c0/AAABoGaR7k8/AAABnSSvrFg/16x9-big/konjunktur-416.jpg?width=1280,2026-09-03T11:07:18Z,,"Stand: 03.09.2026 13:07 Uhr
Es soll wieder bergauf gehen in der Wirtschaft: Mehrere Forschungsinstitute heben ihre Prognose für das aktuelle Jahr deutlich an. Doch die Inflation bleibt hoch - und kö… [+4743 chars]",,de,'Inflation'
https://www.zeit.de/news/2026-09/03/staatssekretaer-nennt-bsw-und-afd-vaterlandslose-gesellen,https://www.zeit.de/news/2026-09/03/staatssekretaer-nennt-bsw-und-afd-vaterlandslose-gesellen,0,www.zeit.de,Verhältnis zu Russland: Staatssekretär nennt BSW und AfD «vaterlandslose Gesellen»,Hier finden Sie Informationen zu dem Thema „Verhältnis zu Russland“. Lesen Sie jetzt „Staatssekretär nennt BSW und AfD «vaterlandslose Gesellen»“.,https://img.zeit.de/news/2026-09/03/staatssekretaer-nennt-bsw-und-afd-vaterlandslose-gesellen-image-group/wide__1300x731,2026-09-03T11:16:23Z,,"Der CDU-Politiker Christoph de Vries, Parlamentarischer Staatssekretär beim Bundesinnenministerium, hat die Kritik von BSW-Gründerin Sahra Wagenknecht am Russland-Kurs der Bundesregierung scharf zurü… [+1413 chars]",,de,'Russland'
https://www.faz.net/aktuell/politik/ukraine/ukraine-liveticker-putin-keine-weitere-mobilisierung-notwendig-faz-110683325.html,https://www.faz.net/aktuell/politik/ukraine/ukraine-liveticker-putin-keine-weitere-mobilisierung-notwendig-faz-110683325.html,0,www.faz.net,Liveblog Ukrainekrieg: Putin: Keine weitere Mobilisierung notwendig,Rede beim Östlichen Wirtschaftsforum +++ Norwegen beschlagnahmt russisches Schiff +++ Dänischer Geheimdienst warnt vor Sabotageplänen +++ alle Neuigkeiten im Liveblog,https://media0.faz.net/image/w1200h627/2b7752959b8b/w3000h1567x0y216o/202609/43601.0.2501326290/russlands-praesident-wladimir.webp,2026-09-03T11:23:54Z,,Was sind nächsten Ziele Russlands in der Ukraine? Kommt eine neue Mobilisierungswelle? Solchen Fragen zum russischen Angriffskrieg in der Ukraine stellte sich Russlands Präsident Wladimir Putin in de… [+1374 chars],,de,'Putin'
https://www.zeit.de/news/2026-09/03/deutschland-hilft-ukraine-mit-250-millionen-fuer-reparaturen,https://www.zeit.de/news/2026-09/03/deutschland-hilft-ukraine-mit-250-millionen-fuer-reparaturen,0,www.zeit.de,Energieinfrastruktur: Deutschland hilft Ukraine mit 250 Millionen für Reparaturen,Hier finden Sie Informationen zu dem Thema „Energieinfrastruktur“. Lesen Sie jetzt „Deutschland hilft Ukraine mit 250 Millionen für Reparaturen“.,https://img.zeit.de/news/2026-09/03/deutschland-hilft-ukraine-mit-250-millionen-fuer-reparaturen-image-group/wide__1300x731,2026-09-03T11:24:16Z,,Deutschland beteiligt sich mit weiteren 250 Millionen Euro an den Kosten für akute Reparaturarbeiten in der ukrainischen Energieinfrastruktur. Aus einem entsprechenden Fonds werden Ersatzteile und Au… [+1978 chars],,de,'Ukraine'
https://www.focus.de/politik/ausland/teure-schlaege-aus-kiew-putin-gibt-echten-schaden-durch-ukrainische-drohnenangriffe-zu_a5d9ab72-8704-4035-8f85-f5cf947a7224.html,https://www.focus.de/politik/ausland/teure-schlaege-aus-kiew-putin-gibt-echten-schaden-durch-ukrainische-drohnenangriffe-zu_a5d9ab72-8704-4035-8f85-f5cf947a7224.html,0,www.focus.de,Teure Schläge aus Kiew: Putin gibt „echten Schaden“ durch ukrainische Drohnenangriffe zu,"Ukrainische Drohnen treffen Raffinerien, Häfen und Lager tief in Russland. Putin räumt Schäden ein. Der Kreml zieht die Zügel an und will kritische Infrastruktur nun selbst schützen.","https://quadro.burda-forward.de/ctf/262963d1-3f9a-4c65-bc88-ba4b8d14155d.8c8e3815-ccc9-43f9-ae6e-21f8352f44b9.jpg?im=RegionOfInterestCrop=(1200,630),regionOfInterest=(790,497)&hash=f28865c324541f8340c7209330ed503627f24950fc91649c10c5589af87ee9c1",2026-09-03T11:31:00Z,,Die ukrainischen Drohnenangriffe auf russische Infrastruktur haben nach Einschätzung von Präsident Wladimir Putin spürbare wirtschaftliche Folgen. Laut Bloomberg sprach Putin am 1. September auf eine… [+2614 chars],,de,'Putin'
https://www.morgenpost.de/ratgeber-wissen/finanzen/article413038146/krypto-bitcoin-als-schutz-vor-inflation-bafin-umfrage.html,https://www.morgenpost.de/ratgeber-wissen/finanzen/article413038146/krypto-bitcoin-als-schutz-vor-inflation-bafin-umfrage.html,0,www.morgenpost.de,Bitcoin gegen Inflation? Profi widerspricht Bafin-Urteil – „greift zu kurz“,"Mehr als die Hälfte der Krypto-Anleger glaubt, Bitcoin schütze vor Inflation. Die Bafin widerspricht – doch ein Profi sieht das anders - die Gründe lesen Sie hier.",https://img.sparknews.funkemedien.de/413040060/413040060_1788357964_v16_9_1600.jpeg,2026-09-03T11:49:09Z,,"Jeder zweite Krypto-Anleger in Deutschland denkt, dass Bitcoin vor Inflation schützt. Zu diesem Ergebnis kommt eine aktuelle Umfrage der Bundesanstalt für Finanzdienstleistungsaufsicht (Bafin). Ander… [+5100 chars]",,de,'Inflation'
https://www.faz.net/aktuell/gesellschaft/kriminalitaet/hendrik-holt-auf-der-flucht-keine-ueberraschung-fuer-ermittler-accg-201188118.html,https://www.faz.net/aktuell/gesellschaft/kriminalitaet/hendrik-holt-auf-der-flucht-keine-ueberraschung-fuer-ermittler-accg-201188118.html,0,www.faz.net,Windkraft-Betrüger: Flucht von Hendrik Holt für Ermittler „keine Überraschung“,"2020 fasste ein Ermittler aus Osnabrück Hendrik Holt. Nach dessen Flucht aus dem Gefängnis ist er sich sicher, nochmal Erfolg zu haben.",https://media0.faz.net/image/w1200h627/b0dbea497ddf/w5408h2825x0y377o/202609/43601.0.2501357947/selbstbewusst-der-angeklagte.webp,2026-09-03T12:07:40Z,,Die Flucht von Windkraft-Betrüger Hendrik Holt hat den leitenden Ermittler persönlich nicht groß überrascht. Das sagte der Osnabrücker Oberstaatsanwalt Nils Leimbrock der Neuen Osnabrücker Zeitung. I… [+1605 chars],,de,'Flucht'
https://www.diepresse.com/41228898/schweizer-inflation-verdoppelt-sich-im-august,https://www.diepresse.com/41228898/schweizer-inflation-verdoppelt-sich-im-august,0,www.diepresse.com,Schweizer Inflation verdoppelt sich im August,"Die Verbraucherpreise lagen um 0,8 Prozent über dem Niveau des Vorjahresmonats, angetrieben durch die Preise von Erdölprodukten.",https://img.diepresse.com/public/incoming/u38b2j-afpc2qy4cqjpg/alternates/WEBP_WIDE_1200/AFP_C2QY4CQ.jpg,2026-09-03T12:59:50Z,,"Die Presse auf Google als bevorzugte Nachrichtenquelle hinzufügen.
 Die Inflation in der Schweiz hat sich im August wegen stark gestiegener Treibstoffpreise verdoppelt und damit Spekulationen auf ei… [+1909 chars]",,de,'Inflation'
https://www.n-tv.de/politik/Putin-nimmt-Russlands-steigendes-Staatsdefizit-gelassen-id31265545.html,https://www.n-tv.de/politik/Putin-nimmt-Russlands-steigendes-Staatsdefizit-gelassen-id31265545.html,0,www.n-tv.de,Kremlchef: Keine Mobilmachung: Putin nimmt Russlands steigendes Staatsdefizit gelassen,"Russland gibt mehr Geld aus, als es einnimmt. Präsident Putin sieht in dem wachsenden Defizit aber kein ernsthaftes Problem. Eine neue Mobilmachung im Angriffskrieg gegen die Ukraine schließt der Kremlchef aus.",https://www.n-tv.de/img/31265618/1788438522/Img_16_9/1200/616524136.jpg,2026-09-03T13:19:03Z,,"Laut Putin ist das wachsende Haushaltsdefizit kein ernsthaftes Problem. (Foto: picture alliance / TASS)
Russland gibt mehr Geld aus, als es einnimmt. Präsident Putin sieht in dem wachsenden Defizit … [+2750 chars]",,de,'Russland'
https://www.freitag.de/autoren/lutz-herden/wie-die-ukraine-immer-wieder-ihre-verbuendeten-taeuscht,https://www.freitag.de/autoren/lutz-herden/wie-die-ukraine-immer-wieder-ihre-verbuendeten-taeuscht,0,www.freitag.de,"Ukraine II | Dieses Muster erklärt, wie die Ukraine seit 2022 ihre Verbündeten immer wieder vorführt","Kiew verspricht seit 2022 immer die entscheidende Wende im Krieg gegen Russland – zum Beispiel mit der „Sommeroffensive“. Europa zieht jedes Mal mit. Was steckt hinter diesem Ablauf, den Selenskyj seit Jahren erfolgreich wiederholt? Fragt niemand nach, wie es…",https://www.freitag.de/autoren/lutz-herden/wie-die-ukraine-immer-wieder-ihre-verbuendeten-taeuscht/@@images/image/great,2026-09-03T13:38:00Z,,"Fragt niemand nach, wie es ausging? Hat Wolodymyr Selenskyj nichts mehr verdient, als geschont zu werden? Am 25. Juni verkündet er, dass die ukrainische Luftkampagne gegen russisches Hinterland dem G… [+3758 chars]",,de,'Flucht'
https://www.diepresse.com/41229353/fed-direktor-waller-offen-fuer-zinspause-bei-abkuehlung-der-inflation,https://www.diepresse.com/41229353/fed-direktor-waller-offen-fuer-zinspause-bei-abkuehlung-der-inflation,0,www.diepresse.com,Fed-Direktor Waller offen für Zinspause bei Abkühlung der Inflation,"„Meine Entscheidung über die angemessene geldpolitische Ausrichtung wird maßgeblich davon abhängen, welche Erkenntnisse wir über die Inflation im August gewinnen“, sagte Waller.",https://img.diepresse.com/public/incoming/m17l8o-2026-08-28t011727z1060919041rc2d7navujbartrmadp3usa-fed-wallerjpg/alternates/WEBP_WIDE_1200/2026-08-28T011727Z_1060919041_RC2D7NAVUJBA_RTRMADP_3_USA-FED-WALLER.JPG,2026-09-03T14:23:54Z,,"Die Presse auf Google als bevorzugte Nachrichtenquelle hinzufügen.
 Fed-Direktoriumsmitglied Christopher Waller macht sein Abstimmungsverhalten bei der nächsten Zinssitzung von anstehenden Inflation… [+1660 chars]",,de,'Inflation'
https://www.zeit.de/politik/2026-09/deutsch-russische-beziehung-goethe-institute-schliessung-nachrichtenpodcast,https://www.zeit.de/politik/2026-09/deutsch-russische-beziehung-goethe-institute-schliessung-nachrichtenpodcast,0,www.zeit.de,Deutsch-russische Beziehungen: Deutschland setzt ein Zeichen – versteht Putin es auch?,Russland schließt die letzten drei Goethe-Institute im Land. Wie reagiert Moskau auf Deutschlands neue Maßnahmen? Und: Neue Hoffnung für die deutsche Wirtschaft,https://img.zeit.de/politik/ausland/2026-09/deutsch-russische-beziehung-goethe-institute-schliessung-nachrichtenpodcast-bild/wide__1300x731,2026-09-03T15:00:16Z,,Die deutsch-russischen Beziehungen sind diese Woche auf einem neuen Tiefpunkt angelangt. Die Bundesregierung machte Russland für den gescheiterten Anschlagsversuch am Leipziger Flughafen verantwortli… [+2324 chars],,de,'Putin'
https://www.focus.de/finanzen/warum-amerikas-inflation-schoener-ist-als-die-wirklichkeit_90167dcf-10e8-484c-adec-d8a1b231c182.html,https://www.focus.de/finanzen/warum-amerikas-inflation-schoener-ist-als-die-wirklichkeit_90167dcf-10e8-484c-adec-d8a1b231c182.html,0,www.focus.de,Warum Amerikas Inflation schöner ist als die Wirklichkeit,"Die Fed steckt in der Zinsfalle: Warum Inflation, US-Schulden und Konjunktur hohe Zinsen für Amerika zum Problem machen.","https://quadro.burda-forward.de/ctf/ea6c14e5-9a37-4e32-9de8-d86782bdb51f.59779624-3096-4c4b-a423-297dbcd859d0.jpeg?im=RegionOfInterestCrop=(1200,630),regionOfInterest=(1020,164)&hash=9cd5494242b79a97093fb75b487ca0a218f603cdf9cc0b95bb5693fd48be8e86",2026-09-03T15:51:00Z,,"In seiner Rede hat der immer noch frische Amtsinhaber Kevin Warsh deutlich auf die Trommel der Preisstabilität geschlagen. Konkret hat er betont, dass das Risiko einer zu frühen Zinslockerung größer … [+7147 chars]",,de,'Inflation'
https://www.zeit.de/politik/deutschland/2026-09/russland-gefahr-sicherheit-umfrage-ard-deutschlandtrend,https://www.zeit.de/politik/deutschland/2026-09/russland-gefahr-sicherheit-umfrage-ard-deutschlandtrend,0,www.zeit.de,ARD-Deutschlandtrend: Mehrheit der Deutschen betrachtet Russland als Bedrohung,Die Deutschen nehmen Russland mehrheitlich als Gefahr für die Sicherheit im Land wahr. Der ARD-Deutschlandtrend offenbart aber Meinungsunterschiede im Osten und Westen.,https://img.zeit.de/politik/deutschland/2026-09/russland-gefahr-sicherheit-umfrage-ard-deutschlandtrend-foto-1/wide__1300x731,2026-09-03T16:03:07Z,,Angesichts von Drohnen-Vorfällen und Ukraine-Krieg wird Russland von den Menschen in Deutschland einer Umfrage zufolge mehrheitlich als Gefahr für die Sicherheit im Land betrachtet. 56 Prozent der Be… [+1180 chars],,de,'Russland'
https://www.focus.de/politik/ausland/usa-blossgestellt-trump-gehen-im-iran-krieg-optionen-aus_977b4025-e1fd-4021-b62c-50ec7809c492.html,https://www.focus.de/politik/ausland/usa-blossgestellt-trump-gehen-im-iran-krieg-optionen-aus_977b4025-e1fd-4021-b62c-50ec7809c492.html,0,www.focus.de,„USA bloßgestellt”: Trump gehen im Iran-Krieg Optionen aus,Trump steckt im Iran-Konflikt fest: Trotz Siegesrhetorik fehlen ihm offenbar Auswege. Teheran hält die Straße von Hormus als Druckmittel – und die Eskalation geht weiter.,"https://quadro.burda-forward.de/ctf/de35c3a0-8250-4d8e-a7f2-f42e9cce4083.74f1170c-55b4-4214-9f50-c690f2218f86.jpeg?im=RegionOfInterestCrop=(1200,630),regionOfInterest=(1159,548)&hash=8dd4ee7a1dec83958d6bedddc42323aa3c7820f91a9ad14df11ff509763443a5",2026-09-03T16:04:00Z,,"Während der On-Off-Konflikt mit dem Iran erneut aufflammt, scheint US-Präsident Donald Trump sich zunehmend in einen Krieg zu verstricken, den er weder kontrollieren noch hinter sich lassen kann trot… [+7789 chars]",,de,'Straße von Hormus'
https://www.freitag.de/autoren/the-guardian/der-kurs-zwei-millionen-iranische-rial-gegen-einen-dollar-zeigt-das-dilemma,https://www.freitag.de/autoren/the-guardian/der-kurs-zwei-millionen-iranische-rial-gegen-einen-dollar-zeigt-das-dilemma,0,www.freitag.de,Lässt Irans Regierung Armutsstatistiken geheim halten? Diese Ankündigung lässt aufhorchen,Im Iran ist das tägliche Leben durch US-Sanktionen kaum noch zu bezahlen. Grundnahrungsmittel wie Eier sind für Arbeiterfamilien mittlerweile unerschwinglich. Und bald könnte der Rückgang des Lebensstandards sogar zum Staatsgeheimnis werden Für viele Iraner e…,https://www.freitag.de/autoren/the-guardian/der-kurs-zwei-millionen-iranische-rial-gegen-einen-dollar-zeigt-das-dilemma/@@images/image/great,2026-09-03T16:33:00Z,,Für viele Iraner erscheint die neue Sanktionskampagne der USA „Operation Economic Outcast“ angesichts der düsteren Wirtschaftslage im Land wie eine existenzielle Gefahr. Im August kostete Pflanzenöl … [+5832 chars],,de,'Inflation'
https://www.zeit.de/politik/ausland/2026-09/sprengstoffanschlag-leipziger-flughafen-russland-grossbritannien-diplomatie,https://www.zeit.de/politik/ausland/2026-09/sprengstoffanschlag-leipziger-flughafen-russland-grossbritannien-diplomatie,0,www.zeit.de,Drohnenvorfall: Verdächtiger von Leipziger Drohnenanschlag hatte Wohnsitz in Russland,Nach dem Drohnenvorfall in Leipzig haben lettische Behörden Informationen zu einem Verdächtigen veröffentlicht. Demnach lebte dieser schon länger in Russland.,https://img.zeit.de/politik/ausland/2026-09/sprengstoffanschlag-leipziger-flughafen-russland-grossbritannien-diplomatie-foto-1/wide__1300x731,2026-09-03T17:04:29Z,,Nach Medienberichten über zwei mutmaßliche Tatverdächtige des versuchten Drohnenanschlags am Flughafen Leipzig/Halle haben sich die Sicherheitsbehörden in Lettland geäußert. Der lettische Staatsbürge… [+1117 chars],,de,'Russland'
https://www.zeit.de/politik/ausland/2026-09/goethe-institute-russland-russisch-deutsche-beziehung-hybrider-krieg,https://www.zeit.de/politik/ausland/2026-09/goethe-institute-russland-russisch-deutsche-beziehung-hybrider-krieg,0,www.zeit.de,Goethe-Institute in Russland: Das Fenster nach Europa schließt sich,Die Goethe-Institute waren eine Brücke zwischen Deutschland und Russland. Jetzt werden sie zugemacht. Wie weit wird die Zerstörung der Zivilgesellschaft noch gehen?,https://img.zeit.de/politik/ausland/2026-09/goethe-institute-russland-russisch-deutsche-beziehung-hybrider-krieg-bild-2/wide__1300x731,2026-09-03T17:36:23Z,,"Hier geht eine
Ära zu Ende. Der russische Außenminister Sergej Lawrow hat gestern die
Schließung der deutschen Goethe-Institute angekündigt, wie er sagte, als
Reaktion auf die Schließung des Russi… [+610 chars]",,de,'Russland'
https://www.zeit.de/news/2026-09/03/wagenknecht-verurteilt-sanktionen-gegen-russland,https://www.zeit.de/news/2026-09/03/wagenknecht-verurteilt-sanktionen-gegen-russland,0,www.zeit.de,Landtagswahl Sachsen-Anhalt: Wagenknecht verurteilt Sanktionen gegen Russland,Hier finden Sie Informationen zu dem Thema „Landtagswahl Sachsen-Anhalt“. Lesen Sie jetzt „Wagenknecht verurteilt Sanktionen gegen Russland“.,https://img.zeit.de/news/2026-09/03/wagenknecht-verurteilt-sanktionen-gegen-russland-image-group/wide__1300x731,2026-09-03T17:58:26Z,,BSW-Gründerin Sahra Wagenknecht hat die Schließung von russischen Institutionen in Deutschland scharf kritisiert. «Wir brechen alle Brücken ab für kulturellen Austausch. Wir brechen alle Brücken ab f… [+1416 chars],,de,'Russland'
https://www.diepresse.com/41224640/krieg-blockaden-88-prozent-inflation-wie-schafft-es-der-iran-seine-am,https://www.diepresse.com/41224640/krieg-blockaden-88-prozent-inflation-wie-schafft-es-der-iran-seine-am,0,www.diepresse.com,"Krieg, Blockaden, 88 Prozent Inflation: Wie schafft es der Iran, seine Wirtschaft am Laufen zu halten? [premium]","Die US-Blockade trifft Irans wichtigste Einnahmequellen, der Rial ist auf ein Rekordtief gefallen, die Inflation explodiert. Dass die Wirtschaft trotzdem nicht kollabiert, hat spezifische Gründe. Sie erinnern auffällig an Russland.",https://img.diepresse.com/public/incoming/ezog3h-afpb6cd8pdjpg/alternates/WEBP_WIDE_1200/AFP_B6CD8PD.jpg,2026-09-03T18:18:26Z,,"Irans Wirtschaft steckt in einer tiefen Krise: Die Inflation ist auf fast 88 Prozent gestiegen, der Rial auf ein Rekordtief gefallen. Dennoch ist die Wirtschaft nach sechs Monaten Krieg nicht kollabi… [+8781 chars]",,de,'Inflation'
https://www.faz.net/aktuell/politik/ausland/liveblog-irankrieg-netanjahu-sturz-von-iranischer-fuehrung-bleibt-hauptziel-faz-200583539.html,https://www.faz.net/aktuell/politik/ausland/liveblog-irankrieg-netanjahu-sturz-von-iranischer-fuehrung-bleibt-hauptziel-faz-200583539.html,0,www.faz.net,Liveblog Irankrieg: Netanjahu: Sturz von iranischer Führung bleibt Hauptziel,"„Die wichtigste Aufgabe, die noch vor uns liegt“, so der israelische Ministerpräsident +++ Iran greift abermals Ziele in Kuwait an +++ Trump will Straße von Hormus in „Trump-Straße“ umbenennen +++ alle Entwicklungen im Liveblog",https://media0.faz.net/image/w1200h627/111e3ce35afe/w3788h1979x0y88o/202609/43601.0.2496880263/der-israelische.webp,2026-09-03T19:13:18Z,,"Die amerikanischen Streitkräfte haben abermals Ziele in Iran angegriffen. Wie das für die Region zuständige Militärkommando Centcom am Dienstagabend mitteilte, sei dies auf versuchte Angriffe der ira… [+1673 chars]",,de,'Straße von Hormus'
https://www.n-tv.de/politik/21-26-Klitschko-Hochhaus-in-Kiew-brennt-nach-Angriff-id31268189.html,https://www.n-tv.de/politik/21-26-Klitschko-Hochhaus-in-Kiew-brennt-nach-Angriff-id31268189.html,0,www.n-tv.de,Ukraine-Krieg im Liveticker: +++ 21:26 Klitschko: Hochhaus in Kiew brennt nach Angriff +++,"Berlin, Washington, Brüssel - überall. ntv berichtet von allen wichtigen Schauplätzen der Innen- und Außenpolitik.",https://www.n-tv.de/img/2339153/1721988811/Img_16_9/1200/image.jpg,2026-09-03T20:00:00Z,,Bei einem russischen Angriff auf die ukrainische Hauptstadt Kiew ist nach Angaben von Bürgermeister Vitali Klitschko ein Hochhaus schwer beschädigt worden. Im neunten Stock des Wohngebäudes nahe dem … [+30061 chars],,de,'Ukraine'
https://www.zeit.de/politik/ausland/2026-09/russland-norwegen-botschafter-schiff-professor-moltschanow-beschlagnahme-spitzbergen-naftogaz,https://www.zeit.de/politik/ausland/2026-09/russland-norwegen-botschafter-schiff-professor-moltschanow-beschlagnahme-spitzbergen-naftogaz,0,www.zeit.de,Forschungsschiff: Russland bestellt Norwegens Botschafter wegen Schiffsfestsetzung ein,Norwegen hat ein russisches Forschungsschiff in Spitzbergen beschlagnahmt. Russland protestiert und fordert die Freigabe des Schiffes.,https://img.zeit.de/politik/ausland/2026-09/a-screengrab-from-an-archive-video-shot-in-july-2022-shows-professor-molchanov-a-russian-ship-which-was-seized-by-norway-in-the-arctic-bild/wide__1300x731,2026-09-03T23:04:26Z,,"Russland hat den norwegischen Botschafter einbestellt, nachdem das Land ein russisches Schiff in einem Hafen der Inselgruppe Spitzbergen beschlagnahmt hatte. »Dem Botschafter wurde ein entschiedener … [+1457 chars]",,de,'Russland'
https://www.tagesspiegel.de/berlin/dpa-bei-freigang-geflohen-16016061.html,https://www.tagesspiegel.de/berlin/dpa-bei-freigang-geflohen-16016061.html,0,www.tagesspiegel.de,Bei Freigang geflohen: Wer ist Hendrik Holt? Ein Ermittler berichtet,"Der Windkraftbetrüger ist auf der Flucht, seitdem er von einem Gefängnisausgang nicht zurückkehrte. Ein Ermittler begleitet ihn schon mehrere Jahre.",https://www.tagesspiegel.de/images/16016060/alternates/BASE_16_9_W1400/1788490933000/hendrik-holt.jpeg,2026-09-04T03:02:13Z,,"Der Windkraftbetrüger Hendrik Holt hält seit seiner Flucht aus dem Gefängnis vor mehr als einer Woche wieder Ermittler und Medien auf Trab. Seit Tagen geht es darum, wo sich der Flüchtige aufhält. Ho… [+2731 chars]",,de,'Flucht'
https://www.tagesschau.de/ausland/amerika/trump-ukraine-hilfen-forderung-europa-100.html,https://www.tagesschau.de/ausland/amerika/trump-ukraine-hilfen-forderung-europa-100.html,0,www.tagesschau.de,Trump will Geld von Europa für Ukraine-Hilfen zurück,"US-Präsident Trump will von europäischen Staaten die Rückzahlung von US-Militärhilfen für die Ukraine fordern. Es gehe dabei um ""Hunderte Milliarden Dollar"", die sein Vorgänger Biden der Ukraine und der NATO geschenkt habe. Von A. Schneider.",https://images.tagesschau.de/image/f4c6798a-a465-4327-bdb7-e845377736f6/AAABoGnh7WM/AAABnSSvrFg/16x9-big/ukraine-patriot-108.jpg?width=1280,2026-09-04T03:08:47Z,,"Stand: 04.09.2026 05:08 Uhr
US-Präsident Trump will von europäischen Staaten die Rückzahlung von US-Militärhilfen für die Ukraine fordern. Es gehe dabei um ""Hunderte Milliarden Dollar"", die sein Vor… [+1492 chars]",,de,'Ukraine'
https://www.nzz.ch/gesellschaft/70-000-flohen-nach-ceuta-und-noch-viel-mehr-wollen-marokko-verlassen-dabei-boomt-das-land-was-ist-da-los-ld.10021911,https://www.nzz.ch/gesellschaft/70-000-flohen-nach-ceuta-und-noch-viel-mehr-wollen-marokko-verlassen-dabei-boomt-das-land-was-ist-da-los-ld.10021911,0,www.nzz.ch,Marokko boomt. Aber Anwar will weg. Und Karim will weg. Und Oumaima will weg. Alle wollen weg. Was ist da los?,Marokkos Wirtschaft wächst – trotzdem wollen Zehntausende junge Menschen weg. Die Hintergründe der Migrationskrise um Ceuta und die Flucht nach Europa.,"https://img-msp-prod.nzz.ch/2026/09/02/7caeb414-81cb-436e-9437-dd99575764bd.jpg?width=1200&height=675&fit=bounds&quality=75&auto=webp&crop=6336,3564,x0,y634&wmark=nzz",2026-09-04T03:31:00Z,,"1 Karim: Die Idee im Norden
Es ist jetzt vier Jahre her, dass Karim in den Ferien in den Norden von Marokko fuhr und dort ein Gespräch führte, das sein Leben verändern sollte. Karim war 19 und unzuf… [+34669 chars]",,de,'Flucht'
https://www.tagesschau.de/inland/zahl-gefluechtete-deutschland-102.html,https://www.tagesschau.de/inland/zahl-gefluechtete-deutschland-102.html,0,www.tagesschau.de,Zahl der Geflüchteten in Deutschland 2026 leicht gesunken,"Die Zahl der in Deutschland lebenden Geflüchteten ist leicht auf etwa 3,5 Millionen Menschen gesunken. Laut Bundesregierung liegt das an Abschiebungen, Ausreisen und Einbürgerungen, sowie weniger neuen Flüchtlingen aus der Ukraine.",https://images.tagesschau.de/image/52ab6873-18fd-4802-9ed4-950d7ca14fec/AAABoGruCmI/AAABnSSvrFg/16x9-big/bundesamt-fuer-migration-und-fluechtlinge-102.jpg?width=1280,2026-09-04T05:39:40Z,,"Stand: 04.09.2026 07:39 Uhr
Die Zahl der in Deutschland lebenden Geflüchteten ist leicht auf etwa 3,5 Millionen Menschen gesunken. Laut Bundesregierung liegt das an Abschiebungen, Ausreisen und Einb… [+1257 chars]",,de,'Ukraine'
https://www.faz.net/aktuell/politik/ausland/suedkorea-besaenftigt-trump-und-will-truppen-in-die-strasse-von-hormus-entsenden-accg-201190316.html,https://www.faz.net/aktuell/politik/ausland/suedkorea-besaenftigt-trump-und-will-truppen-in-die-strasse-von-hormus-entsenden-accg-201190316.html,0,www.faz.net,Seoul besänftigt Trump: Südkorea will Truppen in die Straße von Hormus entsenden,Trump sagte ein Militärmanöver mit Südkorea wegen mangelnder Unterstützung im Irankrieg ab. Jetzt bereitet Seoul die Entsendung von Schiffen und Flugzeugen vor.,https://media0.faz.net/image/w1200h627/d332830bd06a/w3000h1567x0y216o/202508/43601.0.1242255889/suedkoreanische-und.webp,2026-09-04T05:56:40Z,,"Südkorea hat mit den Vorbereitungen für eine Truppenentsendung in die Straße von Hormus begonnen. Die Regierung in Seoul habe den USA im vergangenen Monat mitgeteilt, sie sei bereit, den Amerikanern … [+4235 chars]",,de,'Straße von Hormus'
https://www.telepolis.de/article/Chinas-stille-Macht-Warum-der-Oelpreis-nicht-staerker-stieg-11440302.html,https://www.telepolis.de/article/Chinas-stille-Macht-Warum-der-Oelpreis-nicht-staerker-stieg-11440302.html,0,www.telepolis.de,Chinas stille Macht: Warum der Ölpreis nicht stärker stieg,"Trotz der Spannungen an der Straße von Hormus blieb der Ölpreis unter den Erwartungen. Der Grund: China steuert Nachfrage, Reserven und Lieferwege.",https://heise.cloudimg.io/v7/_www-heise-de_/imgs/18/5/1/5/8/5/2/0/shutterstock_2767466895-8a562cc8e598fba7.jpg?func=bound&height=1200&org_if_sml=1&q=85&width=1200,2026-09-04T06:00:00Z,,"Chinas Einfluss auf den globalen Ölmarkt zeigt sich in der Steuerung von Nachfrage und Reserven.
(Bild: Minh8686 / Shutterstock.com)
Trotz der Spannungen an der Straße von Hormus blieb der Ölpreis … [+10267 chars]",,de,'Ukraine'
https://www.zeit.de/news/2026-09/04/verfolgungsfahrt-in-trier-polizei-sucht-geschaedigte,https://www.zeit.de/news/2026-09/04/verfolgungsfahrt-in-trier-polizei-sucht-geschaedigte,0,www.zeit.de,Riskante Flucht: Verfolgungsfahrt in Trier – Polizei sucht Geschädigte,Hier finden Sie Informationen zu dem Thema „Riskante Flucht“. Lesen Sie jetzt „Verfolgungsfahrt in Trier – Polizei sucht Geschädigte“.,https://img.zeit.de/news/2026-09/04/verfolgungsfahrt-in-trier-polizei-sucht-geschaedigte-image-group/wide__1300x731,2026-09-04T06:17:16Z,,Bei einer Verfolgungsfahrt auf der Autobahn 64 und durch die Trierer Innenstadt sind mehrere Fahrzeuge beschädigt worden. Ein Autofahrer sei am Grenzübergang Luxemburg mit überhöhter Geschwindigkeit … [+616 chars],,de,'Flucht'
https://www.focus.de/politik/ausland/wir-werden-dieses-geld-einfordern-auch-wenn-es-etwas-spaet-ist-donald-trump-will-europa-bitten-die-us-hilfe-fuer-die-ukraine-zurueckzuzahlen_a542185e-24cf-405d-a0d3-e70ae2afbd71.html,https://www.focus.de/politik/ausland/wir-werden-dieses-geld-einfordern-auch-wenn-es-etwas-spaet-ist-donald-trump-will-europa-bitten-die-us-hilfe-fuer-die-ukraine-zurueckzuzahlen_a542185e-24cf-405d-a0d3-e70ae2afbd71.html,0,www.focus.de,"„Wir werden dieses Geld einfordern, auch wenn es etwas spät ist”: Donald Trump will „Europa” bitten, die US-Hilfe für die Ukraine zurückzuzahlen","Die USA wollen Europa nachträglich für frühere Waffenhilfen an die Ukraine zur Kasse bitten. Präsident Donald Trump kündigt an, Washington werde das Geld zurückfordern.","https://quadro.burda-forward.de/ctf/8dbc3eef-17f5-4f5a-acde-0752bb5a47b8.fd04100f-cda2-4151-9a90-4762adc79a3f.jpg?im=RegionOfInterestCrop=(1200,630),regionOfInterest=(3068,777)&hash=6bff832689ef1c8238faf04e046a74af23be407c37b9d312a565973bfdb649fb",2026-09-04T06:19:00Z,,"US-Präsident Donald Trump will europäische Staaten zur Rückzahlung früherer amerikanischer Militärhilfe für die Ukraine auffordern. Er kündigte am Donnerstag an, Washington werde Geld für Waffen und … [+2887 chars]",,de,'Ukraine'
https://www.welt.de/regionales/hamburg/article6a9a6b47b3e0470a1975b310/st-pauli-zwei-tote-bei-hamburger-messe-ermittler-pruefen-milieu-hintergrund.html,https://www.welt.de/regionales/hamburg/article6a9a6b47b3e0470a1975b310/st-pauli-zwei-tote-bei-hamburger-messe-ermittler-pruefen-milieu-hintergrund.html,0,www.welt.de,Zwei Tote bei Hamburger Messe – Ermittler prüfen Milieu-Hintergrund,"Auf einem Gewerbehof nahe der Hamburger Messe werden zwei Männer erschossen, ein weiterer wird verletzt. Die Täter sind weiterhin auf der Flucht. Bereits Ende Juni explodierte auf demselben Gelände eine Handgranate.",https://images.welt.de/6a9a6b47b3e0470a1975b310/cb55cf9c2f952f6d8f2ce6e552b35286-master/ci16x9-w1200/dpa-com-260902-936-77786-jpg,2026-09-04T07:10:03Z,,"Auf einem Gewerbehof nahe der Hamburger Messe werden zwei Männer erschossen, ein weiterer wird verletzt. Die Täter sind weiterhin auf der Flucht. Bereits Ende Juni explodierte auf demselben Gelände e… [+3960 chars]",,de,'Flucht'
https://www.focus.de/politik/ausland/ukraine-plant-offenbar-drohnen-grossoperation-gegen-moskaus-flughaefen-mit-bis-zu-1-000-ki-gesteuerten-drohnen_1b0d59ed-9b0c-480d-b413-acf502dcf5ad.html,https://www.focus.de/politik/ausland/ukraine-plant-offenbar-drohnen-grossoperation-gegen-moskaus-flughaefen-mit-bis-zu-1-000-ki-gesteuerten-drohnen_1b0d59ed-9b0c-480d-b413-acf502dcf5ad.html,0,www.focus.de,Ukraine plant offenbar Drohnen-Großoperation gegen Moskaus Flughäfen mit bis zu 1.000 KI-gesteuerten Drohnen,Bis zu 1.000 Drohnen pro Nacht sollen Moskaus Flughäfen treffen. Die Angaben zur Operation M&M’s bleiben allerdings umstritten.,"https://quadro.burda-forward.de/ctf/404fedbb-8a08-4d01-ad74-c74fd833216b.12e7daae-3269-40eb-bcdc-4266d364a461.jpeg?im=RegionOfInterestCrop=(1200,630),regionOfInterest=(1024,682.5)&hash=5717209f42a41c1f2da170ed76f2c5e63a75693f9494b90aece1938f99cc841d",2026-09-04T07:21:00Z,,"Die Ukraine soll eine groß angelegte Drohnenoperation gegen Flughäfen in Moskau und Umgebung gestartet haben. Das berichtet der Journalist Simon Shuster vom US-Magazin The Atlantic. 
Shuster schrieb… [+2413 chars]",,de,'Ukraine'
https://www.tagesspiegel.de/internationales/wir-werden-dieses-geld-einfordern-trump-fordert-von-europa-ruckzahlung-der-ukraine-militarhilfen-16016590.html,https://www.tagesspiegel.de/internationales/wir-werden-dieses-geld-einfordern-trump-fordert-von-europa-ruckzahlung-der-ukraine-militarhilfen-16016590.html,0,www.tagesspiegel.de,„Wir werden dieses Geld einfordern“: Trump fordert von Europa Rückzahlung der Ukraine-Militärhilfen,"Dem US-Präsidenten zufolge sind der Ukraine und der Nato Hunderte Milliarden Dollar zur Verfügung gestellt worden. Europa hätte stets dafür bezahlt, wenn man nur darum gebeten hätte.",https://www.tagesspiegel.de/images/16016586/alternates/BASE_16_9_W1400/1788506643000/u-s-president-trump-hosts-a-dinner-in-the-rose-garden-at-the-white-house-in-washington.jpeg,2026-09-04T07:26:13Z,,"US-Präsident Donald Trump fordert von europäischen Staaten die Rückzahlung von US-Militärhilfen für die Ukraine und signalisiert einen vorübergehenden Stopp von Waffenverkäufen an Verbündete.
Hunder… [+1426 chars]",,de,'Ukraine'
https://www.focus.de/politik/ausland/bessent-macht-die-ukraine-fuer-die-hohen-energiepreise-verantwortlich_d5f7d393-cb4f-4c89-ae95-af6705239c30.html,https://www.focus.de/politik/ausland/bessent-macht-die-ukraine-fuer-die-hohen-energiepreise-verantwortlich_d5f7d393-cb4f-4c89-ae95-af6705239c30.html,0,www.focus.de,Bessent macht die Ukraine für die hohen Energiepreise verantwortlich,Scott Bessent gibt der Ukraine eine Mitschuld am Preisschub bei Energie. Ihre Angriffe auf russische Ölanlagen hätten den Markt zusätzlich belastet.,"https://quadro.burda-forward.de/ctf/c31d41ae-515c-4164-af21-027ad9e62076.c1209b99-c376-48b6-825b-d863b47fba45.jpg?im=RegionOfInterestCrop=(1200,630),regionOfInterest=(777,410)&hash=553e04b9d745848e97b6524842e19324ca1b042e20dcce2a2b6708030b31f06a",2026-09-04T07:37:00Z,,Nach einem Treffen mit Russlands Finanzminister machte US-Finanzminister Scott Bessent auch die Ukraine für die hohen Energiepreise mitverantwortlich. Ihre Angriffe auf russische Ölanlagen hätten die… [+2088 chars],,de,'Ukraine'
https://www.focus.de/politik/ausland/meiner-meinung-nach-ja-putin-glaubt-dass-moskau-und-kiew-eine-chance-haben-direkt-ueber-die-beendigung-des-konflikts-zu-verhandeln_973e98b8-9944-4899-9b63-4edad0f3bd14.html,https://www.focus.de/politik/ausland/meiner-meinung-nach-ja-putin-glaubt-dass-moskau-und-kiew-eine-chance-haben-direkt-ueber-die-beendigung-des-konflikts-zu-verhandeln_973e98b8-9944-4899-9b63-4edad0f3bd14.html,0,www.focus.de,"„Meiner Meinung nach ja”: Putin glaubt, dass Moskau und Kiew „eine Chance” haben, direkt über die Beendigung des Konflikts zu verhandeln",Wladimir Putin sieht eine Chance für ein Ende des Ukraine-Kriegs. Zugleich macht der Kremlchef ukrainische Drohnenangriffe für erschwerte Verhandlungen verantwortlich.,"https://quadro.burda-forward.de/ctf/ceb2e684-1cc5-4b46-9d4c-00770165049c.fa7b7e50-d4e4-40cc-a6d9-bd8b496b72e1.jpg?im=RegionOfInterestCrop=(1200,630),regionOfInterest=(1822,855)&hash=b31d4fc0a22243e22e0ace4b1ccd38dacc312c13d224c2c6c81337d8392935d9",2026-09-04T07:52:00Z,,"Russlands Präsident Wladimir Putin sieht eine Möglichkeit für ein Friedensabkommen mit der Ukraine. Gibt es eine Chance? Meiner Meinung nach ja, sagte Putin am Donnerstag beim Östlichen Wirtschaftsfo… [+2315 chars]",,de,'Putin'
https://www.focus.de/politik/ausland/russland-wurde-an-einem-wunden-punkt-getroffen-finnisches-unternehmen-profitiert-sofort-davon_e02e0e16-236b-4386-890a-edd54f0f89e2.html,https://www.focus.de/politik/ausland/russland-wurde-an-einem-wunden-punkt-getroffen-finnisches-unternehmen-profitiert-sofort-davon_e02e0e16-236b-4386-890a-edd54f0f89e2.html,0,www.focus.de,Russland wurde an einem wunden Punkt getroffen: Finnisches Unternehmen profitiert sofort davon,Russlands Exportstopp macht Diesel auf dem Weltmarkt knapper und teurer. Davon profitiert der finnische Konzern Neste unmittelbar.,"https://quadro.burda-forward.de/ctf/65ae3c56-07df-4a8c-8b83-e34ab443f10d.6ae4b62d-57df-4fc5-ac12-f0f5b093c4f2.jpg?im=RegionOfInterestCrop=(1200,630),regionOfInterest=(1677,1443)&hash=75cc11d78c2b1a3a0d70ce42fc08b0ba825e72e5e2b7d4a9b8298eaf43043e5c",2026-09-04T08:14:00Z,,"Russland hat sein Exportverbot für Diesel bis zum 30. September verlängert. Für die finnische Kraftstofffirma Neste ist das ein Vorteil: Wenn Russland weniger Diesel auf den Weltmarkt liefert, wird d… [+2439 chars]",,de,'Russland'
https://www.tagesschau.de/ausland/asien/gazastreifen-krieg-landwirtschaft-100.html,https://www.tagesschau.de/ausland/asien/gazastreifen-krieg-landwirtschaft-100.html,0,www.tagesschau.de,Neustart für Saatgutbank in Gaza gibt Hoffnung für Landwirtschaft,Die Landwirtschaft im Gazastreifen ist zum Großteil zusammengebrochen - eine Folge der Zerstörung durch und der Flucht vor dem Krieg. Doch der Wiederaufbau einer Saatgutbank gibt Hoffnung - in der Krise und darüber hinaus. Von Julio Segador.,https://images.tagesschau.de/image/c3e34ae5-7b9e-4d53-a8a5-5f765eb02bb5/AAABoGt-yU8/AAABnSSvrFg/16x9-big/gaza-saatgutbank-100.jpg?width=1280,2026-09-04T08:17:46Z,,"Stand: 04.09.2026 10:17 Uhr
Die Landwirtschaft im Gazastreifen ist zum Großteil zusammengebrochen - eine Folge der Zerstörung durch und der Flucht vor dem Krieg. Doch der Wiederaufbau einer Saatgutb… [+5070 chars]",,de,'Flucht'
https://www.focus.de/politik/ausland/ukraine-beschafft-5000-neue-pick-ups-fuer-die-streitkraefte-und-spart-durch-offene-ausschreibung-rund-38-5-millionen-euro_8de4f75f-0a4f-40a7-b2e0-8ab747d185be.html,https://www.focus.de/politik/ausland/ukraine-beschafft-5000-neue-pick-ups-fuer-die-streitkraefte-und-spart-durch-offene-ausschreibung-rund-38-5-millionen-euro_8de4f75f-0a4f-40a7-b2e0-8ab747d185be.html,0,www.focus.de,"Ukraine beschafft 5000 neue Pick-ups für die Streitkräfte und spart durch offene Ausschreibung rund 38,5 Millionen Euro",Die Ukraine hat 5.000 neue Pick-ups für ihre Streitkräfte ausgeschrieben und dabei nach Angaben der Behörden mehr als 38 Millionen Euro eingespart. Sechs Lieferanten teilen sich den Auftrag.,"https://quadro.burda-forward.de/ctf/437870dd-5a69-4709-a25d-22ee218336d8.71831748-1c76-4244-95cd-cc8dd0ff599c.jpg?im=RegionOfInterestCrop=(1200,630),regionOfInterest=(1025,384)&hash=cec3a1ad2374e553ff18324e3643b8288e4d57d99de4bd379c17c32fea127d58",2026-09-04T08:37:00Z,,Die Ukraine hat 5000 neue Pick-ups für ihre Streitkräfte über ein offenes Ausschreibungsverfahren beschafft. Nach Angaben des ukrainischen Verteidigungsministeriums konnten durch den Wettbewerb mehr … [+2597 chars],,de,'Ukraine'
https://www.dw.com/de/deutschland-fluechtlinge-gefluechtete-migration-ukraine-dobrindt/a-78930070,https://www.dw.com/de/deutschland-fluechtlinge-gefluechtete-migration-ukraine-dobrindt/a-78930070,0,www.dw.com,Zahl der Flüchtlinge in Deutschland leicht gesunken,Vor allem aus der Ukraine kommen deutlich weniger Schutzsuchende nach Deutschland. Die Linke kritisiert dennoch geplante Kürzungen bei Sozialleistungen und den Kurs der Bundesregierung bei Abschiebungen.,https://static.dw.com/image/70286925_6.jpg,2026-09-04T09:06:00Z,,"Die Zahl der in Deutschland lebenden Flüchtlinge ist im ersten Halbjahr 2026 um rund 20.000 auf etwa 3,5 Millionen gesunken. Das geht aus einer Antwort des Bundesinnenministeriums auf eine Kleine Anf… [+3543 chars]",,de,'Ukraine'
https://www.faz.net/aktuell/politik/fraktur/fraktur-dann-gaebe-es-in-berlin-wieder-ein-russisches-haus-accg-201193869.html,https://www.faz.net/aktuell/politik/fraktur/fraktur-dann-gaebe-es-in-berlin-wieder-ein-russisches-haus-accg-201193869.html,0,www.faz.net,Fraktur: Dann gäbe es in Berlin auch wieder ein Russisches Haus,"Da wir nicht strikt spiegelbildlich auf Putins Spielereien antworten können, sollte ein Vorschlag Sahra Wagenknechts erwogen werden.",https://media0.faz.net/image/w1200h627/d7d06413d108/w1213h633x134y395o/202309/43600.0.2031111807/kurz-vor-der-spiegelbildlichen.webp,2026-09-04T09:09:58Z,,"In unserer kleinen Reihe, die sich mit biodeutschen Sprichwörtern beschäftigt, sind wir bei der allerersten Echokammer angekommen, dem Wald. Aus dem soll es herausschallen, wie man in ihn hineinruft.… [+3883 chars]",,de,'Putin'
https://www.diepresse.com/41230974/insider-witkoff-und-kushner-planen-reise-nach-russland-und-in-die,https://www.diepresse.com/41230974/insider-witkoff-und-kushner-planen-reise-nach-russland-und-in-die,0,www.diepresse.com,Insider: Witkoff und Kushner planen Reise nach Russland und in die Ukraine,Die beiden Trump-Vertrauten spielen eine zentrale Rolle in den US-Vermittlungsbemühungen im Ukraine-Krieg.,https://img.diepresse.com/public/incoming/h1cxtv-2288473187jpg/alternates/WEBP_WIDE_1200/2288473187.jpg,2026-09-04T09:47:58Z,,"Die Presse auf Google als bevorzugte Nachrichtenquelle hinzufügen.
 Die US-Gesandten Steve Witkoff und Jared Kushner reisen womöglich an diesem Samstag und Sonntag nach Russland und in die Ukraine, … [+333 chars]",,de,'Ukraine'
https://www.focus.de/politik/ausland/meiner-meinung-nach-ja-putin-sieht-chance-fuer-direkte-friedensgespraeche-mit-der-ukraine-haelt-aber-an-weitreichenden-forderungen-fest_973e98b8-9944-4899-9b63-4edad0f3bd14.html,https://www.focus.de/politik/ausland/meiner-meinung-nach-ja-putin-sieht-chance-fuer-direkte-friedensgespraeche-mit-der-ukraine-haelt-aber-an-weitreichenden-forderungen-fest_973e98b8-9944-4899-9b63-4edad0f3bd14.html,0,www.focus.de,„Meiner Meinung nach ja“: Putin sieht Chance für direkte Friedensgespräche mit der Ukraine – hält aber an weitreichenden Forderungen fest,Wladimir Putin sieht eine Chance für ein Ende des Ukraine-Kriegs. Zugleich macht der Kremlchef ukrainische Drohnenangriffe für erschwerte Verhandlungen verantwortlich.,"https://quadro.burda-forward.de/ctf/ceb2e684-1cc5-4b46-9d4c-00770165049c.fa7b7e50-d4e4-40cc-a6d9-bd8b496b72e1.jpg?im=RegionOfInterestCrop=(1200,630),regionOfInterest=(1822,855)&hash=b31d4fc0a22243e22e0ace4b1ccd38dacc312c13d224c2c6c81337d8392935d9",2026-09-04T09:48:00Z,,"Russlands Präsident Wladimir Putin sieht eine Möglichkeit für ein Friedensabkommen mit der Ukraine. Gibt es eine Chance? Meiner Meinung nach ja, sagte Putin am Donnerstag beim Östlichen Wirtschaftsfo… [+2684 chars]",,de,'Ukraine'
https://www.bild.de/regional/berlin/illegale-casinos-in-berlin-ausgehoben-polizist-stuerzt-bei-razzia-mehrere-meter-durch-decke-6a9a5dd7240b302c8a838afd,https://www.bild.de/regional/berlin/illegale-casinos-in-berlin-ausgehoben-polizist-stuerzt-bei-razzia-mehrere-meter-durch-decke-6a9a5dd7240b302c8a838afd,0,www.bild.de,Illegale Casinos in Berlin ausgehoben - Polizist stürzt bei Razzia metertief durch Decke,"Bei einer Großrazzia in Berlin-Lichtenberg stürzt ein LKA-Beamter schwer. 400 Einsatzkräfte finden Casinos, Drogen, Waffen und Hinweise auf Menschenhandel.","https://images.bild.de/6a9a5dd7240b302c8a838afd/3675add9428aa804b5536a436dac9412,e7595858?w=1280",2026-09-04T10:25:35Z,,TTS-Player überspringenArtikel weiterlesenBerlin Bei einer Großrazzia in der Hauptstadt stürzte am Donnerstagabend ein LKA-Beamter mehrere Meter durch eine Zwischendecke und verletzte sich dabei schw… [+2584 chars],,de,'Flucht'
https://www.faz.net/aktuell/gesellschaft/kriminalitaet/18-jaehriger-fluechtet-mit-tempo-240-vor-polizei-accg-201194836.html,https://www.faz.net/aktuell/gesellschaft/kriminalitaet/18-jaehriger-fluechtet-mit-tempo-240-vor-polizei-accg-201194836.html,0,www.faz.net,Kein Führerschein: 18-Jähriger flüchtet mit Tempo 240 vor Polizei,Polizeibeamte wollen am Donnerstagabend in Nortrup einen jungen Autofahrer kontrollieren. Doch der rast mit hoher Geschwindigkeit davon und riskiert auf der Flucht mindestens einen Unfall.,https://media0.faz.net/image/w1200h627/29aa2a1b89d2/w5944h3105x0y429o/202609/43601.0.2511523605/mehrere-einsatzwagen-der.webp,2026-09-04T11:02:03Z,,Mit bis zu 240 Kilometern pro Stunde ist ein 18-Jähriger im Niedersachsen vor der Polizei geflüchtet. Der junge Mann habe keinen Führerschein gehabt und während der Flucht mehrfach Verkehrsregeln mis… [+1720 chars],,de,'Flucht'
https://www.faz.net/aktuell/politik/ukraine/ukraine-liveticker-schusswechsel-zwischen-sicherheitskraeften-in-kiew-faz-110683325.html,https://www.faz.net/aktuell/politik/ukraine/ukraine-liveticker-schusswechsel-zwischen-sicherheitskraeften-in-kiew-faz-110683325.html,0,www.faz.net,Liveblog Ukrainekrieg: Schusswechsel zwischen Sicherheitskräften in Kiew,Selenskyj kritisiert Zusammenstöße von Mittwoch und verspricht Aufklärung +++ Putin: Keine weitere Mobilisierung notwendig +++ Norwegen beschlagnahmt russisches Schiff +++ alle Neuigkeiten im Liveblog,https://media0.faz.net/image/w1200h627/ab1d3f093d54/w6144h3210x0y441o/202607/43601.0.2309962659/kiew-im-juli-symbolbild.webp,2026-09-04T11:32:38Z,,Vermummte und bewaffnete Sicherheitskräfte sind in Kiew kein seltener Anblick. Sie stehen zum Beispiel an Checkpoints vor dem abgeriegelten Regierungsviertel oder vor militärischen Liegenschaften. Da… [+4025 chars],,de,'Putin'
https://www.zeit.de/news/2026-09/04/ukraine-russische-drohne-attackiert-geheimdienstzentrale,https://www.zeit.de/news/2026-09/04/ukraine-russische-drohne-attackiert-geheimdienstzentrale,0,www.zeit.de,Ukraine-Krieg: Ukraine: Russische Drohne attackiert Geheimdienstzentrale,Hier finden Sie Informationen zu dem Thema „Ukraine-Krieg“. Lesen Sie jetzt „Ukraine: Russische Drohne attackiert Geheimdienstzentrale“.,https://img.zeit.de/news/2026-09/04/ukraine-russische-drohne-attackiert-geheimdienstzentrale-image-group/wide__1300x731,2026-09-04T13:38:13Z,,Eine russische Drohne hat das Hauptgebäude des ukrainischen Geheimdienstes SBU im Zentrum der Hauptstadt Kiew angegriffen. «Die Drohne zielte direkt auf das Arbeitszimmer des SBU-Leiters in diesem Ge… [+399 chars],,de,'Ukraine'
https://www.faz.net/aktuell/politik/ukraine/ukraine-liveticker-ukrainische-geheimdienstzentrale-von-russischer-drohne-getroffen-faz-110683325.html,https://www.faz.net/aktuell/politik/ukraine/ukraine-liveticker-ukrainische-geheimdienstzentrale-von-russischer-drohne-getroffen-faz-110683325.html,0,www.faz.net,Liveblog Ukrainekrieg: Ukrainische Geheimdienstzentrale von russischer Drohne getroffen,Mindestens fünf Verletzte bei Angriff auf SBU-Hauptquartier +++ Selenskyj kritisiert Zusammenstöße von Mittwoch und verspricht Aufklärung +++ Putin: Keine weitere Mobilisierung notwendig +++ alle Neuigkeiten im Liveblog,https://media0.faz.net/image/w1200h627/3afc061d7b0a/w5503h2875x0y397o/202609/43601.0.2512110015/rauch-ueber-kiew-die-sankt.webp,2026-09-04T13:47:02Z,,Vermummte und bewaffnete Sicherheitskräfte sind in Kiew kein seltener Anblick. Sie stehen zum Beispiel an Checkpoints vor dem abgeriegelten Regierungsviertel oder vor militärischen Liegenschaften. Da… [+4025 chars],,de,'Ukraine'
https://www.zeit.de/politik/ausland/2026-09/russische-drohne-kiew-sbu-geheimdienst-ukraine,https://www.zeit.de/politik/ausland/2026-09/russische-drohne-kiew-sbu-geheimdienst-ukraine,0,www.zeit.de,Krieg gegen die Ukraine: Russische Drohne trifft Geheimdienstzentrale in Kiew,"Im Hauptquartier des ukrainischen Inlandsgeheimdienstes SBU ist eine Drohne eingeschlagen. Präsident Wolodymyr Selenskyj kündigt eine »angemessene, spürbare« Reaktion an.",https://img.zeit.de/politik/ausland/2026-09/russische-drohne-kiew-sbu-geheimdienst-ukraine-foto-1/wide__1300x731,2026-09-04T14:57:15Z,,"Eine russische Drohne hat das Hauptquartier des ukrainischen Inlandsgeheimdienste SBU in Kiew getroffen. Die Drohne sei auf das Büro des Geheimdienstleiters gerichtet gewesen, schrieb der ukrainische… [+510 chars]",,de,'Ukraine'
https://www.freitag.de/autoren/sebastian-baehr/linke-clara-buenger-zu-drohnen-und-russland-wir-brauchen-belastbare-beweise,https://www.freitag.de/autoren/sebastian-baehr/linke-clara-buenger-zu-drohnen-und-russland-wir-brauchen-belastbare-beweise,0,www.freitag.de,Linke Clara Bünger zu Drohnen und Russland: „Wir brauchen belastbare Beweise“,"Drohnen über Leipzig, Brandanschläge und Cyberangriffe sorgen für Verunsicherung. Die Linke-Politikerin Clara Bünger kritisiert die Bundesregierung für fehlende Transparenz und warnt vor einer weiteren Eskalation Drohnen über Leipzig, Brandanschläge, Cyberang…",https://www.freitag.de/autoren/sebastian-baehr/linke-clara-buenger-zu-drohnen-und-russland-wir-brauchen-belastbare-beweise/@@images/image/great,2026-09-04T15:18:00Z,,"Drohnen über Leipzig, Brandanschläge, Cyberangriffe: In Deutschland wächst die Sorge vor Sabotage und möglicher Einflussnahme aus dem Ausland. Die Bundesregierung zeigt auf Russland, spricht von hybr… [+7571 chars]",,de,'Russland'
https://www.n-tv.de/politik/Sprengvorrichtungen-an-Umspannwerken-in-Sachsen-entdeckt-id31271475.html,https://www.n-tv.de/politik/Sprengvorrichtungen-an-Umspannwerken-in-Sachsen-entdeckt-id31271475.html,0,www.n-tv.de,Lkw von Verdächtigem gestürmt: Sprengvorrichtungen an Umspannwerken in Sachsen entdeckt,Mehrere Angriffe auf Umspannwerke versetzen die Sicherheitsbehörden in Alarmbereitschaft. Nun werden auch in Sachsen verdächtige Vorrichtungen entdeckt. Die Ermittler verfolgen eine konkrete Spur - doch der gesuchte Mann bleibt auf der Flucht.,https://www.n-tv.de/img/31271543/1788545239/Img_16_9/1200/imago0865696352h.jpg,2026-09-04T16:38:01Z,,"Die Polizei fahndet weiter mit Hochdruck nach einem Verdächtigen. (Foto: IMAGO/Panama Pictures)
Mehrere Angriffe auf Umspannwerke versetzen die Sicherheitsbehörden in Alarmbereitschaft. Nun werden a… [+2956 chars]",,de,'Flucht'
https://www.zeit.de/news/2026-09/04/selenskyj-us-vermittler-kommen-am-sonntag-nach-kiew,https://www.zeit.de/news/2026-09/04/selenskyj-us-vermittler-kommen-am-sonntag-nach-kiew,0,www.zeit.de,Ukraine-Krieg: Selenskyj: US-Vermittler kommen am Sonntag nach Kiew,Hier finden Sie Informationen zu dem Thema „Ukraine-Krieg“. Lesen Sie jetzt „Selenskyj: US-Vermittler kommen am Sonntag nach Kiew“.,https://img.zeit.de/news/2026-09/04/selenskyj-us-vermittler-kommen-am-sonntag-nach-kiew-image-group/wide__1300x731,2026-09-04T17:21:16Z,,"Der ukrainische Präsident Wolodymyr Selenskyj hat einen Besuch der US-Vermittler Steve Witkoff und Jared Kushner am Sonntag in Kiew angekündigt. Es sei heute besprochen worden, dass Steve Witkoff und… [+2134 chars]",,de,'Ukraine'
https://www.zeit.de/news/2026-09/05/vorstoss-zu-ende-des-ukraine-kriegs-trump-schickt-vermittler,https://www.zeit.de/news/2026-09/05/vorstoss-zu-ende-des-ukraine-kriegs-trump-schickt-vermittler,0,www.zeit.de,Die Lage im Überblick: Vorstoß zu Ende des Ukraine-Kriegs? Trump schickt Vermittler,Hier finden Sie Informationen zu dem Thema „Die Lage im Überblick“. Lesen Sie jetzt „Vorstoß zu Ende des Ukraine-Kriegs? Trump schickt Vermittler“.,https://img.zeit.de/news/2026-09/05/vorstoss-zu-ende-des-ukraine-kriegs-trump-schickt-vermittler-image-group/wide__1300x731,2026-09-04T23:28:39Z,,In die Verhandlungen über ein Ende des Ukraine-Kriegs könnte unter Vermittlung der USA wieder Bewegung kommen. Der ukrainische Präsident Wolodymyr Selenskyj kündigte einen Besuch des US-Sondergesandt… [+4570 chars],,de,'Putin'
https://www.zeit.de/2026/38/russland-wirtschaft-krise-kriegswirtschaft-struktur-wladimir-putin,https://www.zeit.de/2026/38/russland-wirtschaft-krise-kriegswirtschaft-struktur-wladimir-putin,0,www.zeit.de,Russlands Wirtschaft: Das Codewort lautet: »Mobilisierung«,"Angesichts der Krise fordern russische Politiker, die Wirtschaft staatlich zu kontrollieren wie einst in der UdSSR. Erste Schritte zur Kommandowirtschaft wurden gemacht.",https://img.zeit.de/2026/38/unternehmen-an-die-front-bild-1/wide__1300x731,2026-09-05T04:03:13Z,,"Wenn es mit der russischen Wirtschaft schlecht läuft, tritt der oberste Befehlshaber ans Mikrofon und sagt: »Die Wirtschaft muss unbedingt auf einen stabilen Wachstumspfad zurückkehren!« So sprach Wl… [+742 chars]",,de,'Russland'
https://www.kino.de/news/fuer-frieren-fans-dieser-trenchcoat-bringt-magie-in-deinen-alltag--01M1PBAA3T8QAQBQPG7VX4BCTQ,https://www.kino.de/news/fuer-frieren-fans-dieser-trenchcoat-bringt-magie-in-deinen-alltag--01M1PBAA3T8QAQBQPG7VX4BCTQ,0,www.kino.de,Für „Frieren“-Fans: Dieser Trenchcoat bringt Magie in deinen Alltag,"Dieser wasserabweisende Trenchcoat mit Oversize-Schnitt erinnert optisch an Frieren und bringt ein wenig Fantasy-Flair in deine Garderobe. Wir zeigen, für welche Alltagsmomente sich der Mantel besonders anbietet.",https://static.kino.de/51/ae/0b/3b89569816c36cd13359b24218_cmUgMTkyMCAxMDgwAzVlMzk5NjYxNTIx.jpg,2026-09-05T04:56:00Z,,"Dieser wasserabweisende Trenchcoat mit Oversize-Schnitt erinnert optisch an Frieren und bringt ein wenig Fantasy-Flair in deine Garderobe. Wir zeigen, für welche Alltagsmomente sich der Mantel besond… [+3072 chars]",,de,'Frieren'
https://www.n-tv.de/politik/Russland-nimmt-die-ukrainische-Bahn-immer-massiver-unter-Beschuss-id31266649.html,https://www.n-tv.de/politik/Russland-nimmt-die-ukrainische-Bahn-immer-massiver-unter-Beschuss-id31266649.html,0,www.n-tv.de,Angriffe mit neuen Drohnen: Russland nimmt die ukrainische Bahn immer massiver unter Beschuss,Mit immer häufigeren Angriffen will Russland die ukrainische Bahn lahmlegen. Stundenlange Verspätungen sind mittlerweile die Regel. Selbst fahrende Züge werden von Russland unter Beschuss genommen.,https://www.n-tv.de/img/31266671/1788449726/Img_16_9/1200/613127021.jpg,2026-09-05T08:58:43Z,,Insgesamt gab es bis Ende August nach offiziellen Angaben mehr als 1500 Angriffe auf die Bahninfrastruktur - schon jetzt mehr ist als im gesamten letzten Jahr. (Foto: picture alliance / ZUMAPRESS.com… [+5852 chars],,de,'Knappheit'
https://www.faz.net/aktuell/rhein-main/region-und-hessen/wie-ein-ski-club-im-taunus-ohne-schnee-bestehen-will-accg-201181874.html,https://www.faz.net/aktuell/rhein-main/region-und-hessen/wie-ein-ski-club-im-taunus-ohne-schnee-bestehen-will-accg-201181874.html,0,www.faz.net,125 Jahre Ski-Club Taunus: Als der Taunus noch ein Schneeparadies war,"Pisten, Schanzen, Rennen: All das gab es auch einmal im Mittelgebirge. 125 Jahre nach seiner Gründung muss sich der Ski-Club Taunus nun neu positionieren. Er wird vom Schneesport- zum Outdoorverein.",https://media0.faz.net/image/w1200h627/f6d808e54e2a/w3849h2011x0y151o/202609/43601.0.2495871595/trockenkurs-training-beim-ski.webp,2026-09-05T09:34:48Z,,"Die erste Skitour führt zur Wasserkuppe, die erste Clubfahrt an den Arlberg. Aber auch im Taunus liegt in den Jahren nach der Jahrhundertwende reichlich Schnee, nicht bloß in der Rhön und in den Alpe… [+3742 chars]",,de,'Schnee'
https://www.zeit.de/news/2026-09/05/selenskyj-russland-beschiesst-vor-us-besuch-kiewer-flughaefen,https://www.zeit.de/news/2026-09/05/selenskyj-russland-beschiesst-vor-us-besuch-kiewer-flughaefen,0,www.zeit.de,Vermittlungsmission: Selenskyj: Russland beschießt vor US-Besuch Kiewer Flughäfen,Hier finden Sie Informationen zu dem Thema „Vermittlungsmission“. Lesen Sie jetzt „Selenskyj: Russland beschießt vor US-Besuch Kiewer Flughäfen“.,https://img.zeit.de/news/2026-09/05/selenskyj-russland-beschiesst-vor-us-besuch-kiewer-flughaefen-image-group/wide__1300x731,2026-09-05T10:02:38Z,,Kurz vor dem erwarteten Besuch von US-Unterhändlern in Kiew haben die russischen Streitkräfte nach Angaben des ukrainischen Präsidenten Wolodymyr Selenskyj die Flughäfen der Hauptstadt beschossen. Di… [+1627 chars],,de,'Russland'
https://www.focus.de/politik/ausland/russland-wurde-an-einem-wunden-punkt-getroffen-ein-finnisches-unternehmen-profitiert-sofort-davon_e02e0e16-236b-4386-890a-edd54f0f89e2.html,https://www.focus.de/politik/ausland/russland-wurde-an-einem-wunden-punkt-getroffen-ein-finnisches-unternehmen-profitiert-sofort-davon_e02e0e16-236b-4386-890a-edd54f0f89e2.html,0,www.focus.de,Russland wurde an einem wunden Punkt getroffen. Ein finnisches Unternehmen profitiert sofort davon,Russlands Exportstopp macht Diesel auf dem Weltmarkt knapper und teurer. Davon profitiert der finnische Konzern Neste unmittelbar.,"https://quadro.burda-forward.de/ctf/65ae3c56-07df-4a8c-8b83-e34ab443f10d.6ae4b62d-57df-4fc5-ac12-f0f5b093c4f2.jpg?im=RegionOfInterestCrop=(1200,630),regionOfInterest=(1677,1443)&hash=75cc11d78c2b1a3a0d70ce42fc08b0ba825e72e5e2b7d4a9b8298eaf43043e5c",2026-09-05T10:43:00Z,,"Russland hat sein Exportverbot für Diesel bis zum 30. September verlängert. Für die finnische Kraftstofffirma Neste ist das ein Vorteil: Wenn Russland weniger Diesel auf den Weltmarkt liefert, wird d… [+2439 chars]",,de,'Knappheit'
https://www.zeit.de/news/2026-09/05/us-unterhaendler-in-moskau-treffen-mit-putin-geplant,https://www.zeit.de/news/2026-09/05/us-unterhaendler-in-moskau-treffen-mit-putin-geplant,0,www.zeit.de,Ukraine-Krieg: US-Unterhändler in Moskau - Treffen mit Putin geplant,Hier finden Sie Informationen zu dem Thema „Ukraine-Krieg“. Lesen Sie jetzt „US-Unterhändler in Moskau - Treffen mit Putin geplant“.,https://img.zeit.de/news/2026-09/05/us-unterhaendler-in-moskau-treffen-mit-putin-geplant-image-group/wide__1300x731,2026-09-05T11:05:16Z,,Die Unterhändler von US-Präsident Donald Trump zum Ukraine-Krieg sind für Gespräche mit dem russischen Staatschef Wladimir Putin in Moskau eingetroffen. Die staatliche russische Nachrichtenagentur Ta… [+585 chars],,de,'Putin'
https://www.zeit.de/news/2026-09/05/merz-an-russland-fest-entschlossen-uns-zu-verteidigen,https://www.zeit.de/news/2026-09/05/merz-an-russland-fest-entschlossen-uns-zu-verteidigen,0,www.zeit.de,"Drohnen-Angriff: Merz an Russland: «Fest entschlossen, uns zu verteidigen»","Hier finden Sie Informationen zu dem Thema „Drohnen-Angriff“. Lesen Sie jetzt „Merz an Russland: «Fest entschlossen, uns zu verteidigen»“.",https://img.zeit.de/news/2026-09/05/merz-an-russland-fest-entschlossen-uns-zu-verteidigen-image-group/wide__1300x731,2026-09-05T14:51:15Z,,"Nach dem gescheiterten Drohnen-Angriff auf den Leipziger Flughafen hat Bundeskanzler Friedrich Merz eindringlich gefordert, die «hybride Kriegsführung» gegen Deutschland zu stoppen. «Jeder, der uns a… [+2031 chars]",,de,'Russland'
https://www.faz.net/aktuell/politik/ukraine/ukraine-liveticker-selenskyj-will-angriffe-auf-moskau-bis-montagabend-aussetzen-faz-110683325.html,https://www.faz.net/aktuell/politik/ukraine/ukraine-liveticker-selenskyj-will-angriffe-auf-moskau-bis-montagabend-aussetzen-faz-110683325.html,0,www.faz.net,Liveblog Ukrainekrieg: Selenskyj will Angriffe auf Moskau bis Montagabend aussetzen,Zuvor hatte Putin eine dreitägige Pause für Angriffe auf Kiew angeordnet +++ US-Sondergesandte Witkoff und Kushner in Moskau +++ alle Neuigkeiten im Liveblog,https://media0.faz.net/image/w1200h627/6ba1b850d290/w2248h1174x0y174o/202609/43601.0.2514951404/ein-konvoi-in-dem-steve.webp,2026-09-05T15:34:06Z,,Vermummte und bewaffnete Sicherheitskräfte sind in Kiew kein seltener Anblick. Sie stehen zum Beispiel an Checkpoints vor dem abgeriegelten Regierungsviertel oder vor militärischen Liegenschaften. Da… [+4025 chars],,de,'Putin'
https://www.faz.net/aktuell/politik/ukraine/ukraine-liveticker-putin-empfaengt-us-gesandte-witkoff-und-kushner-faz-110683325.html,https://www.faz.net/aktuell/politik/ukraine/ukraine-liveticker-putin-empfaengt-us-gesandte-witkoff-und-kushner-faz-110683325.html,0,www.faz.net,Liveblog Ukrainekrieg: Putin empfängt US-Gesandte,Witkoff und Kushner in Moskau +++ Selenskyj erwartet US-Gesandte am Sonntag in Kiew +++ alle Neuigkeiten im Liveblog,https://media0.faz.net/image/w1200h627/b1026a679778/w3381h1766x0y86o/202609/43601.0.2516330232/der-konvoi-in-dem-die-us.webp,2026-09-05T17:28:12Z,,Vermummte und bewaffnete Sicherheitskräfte sind in Kiew kein seltener Anblick. Sie stehen zum Beispiel an Checkpoints vor dem abgeriegelten Regierungsviertel oder vor militärischen Liegenschaften. Da… [+4025 chars],,de,'Ukraine'
https://www.tagesschau.de/ausland/europa/witkoff-kushner-treffen-putin-100.html,https://www.tagesschau.de/ausland/europa/witkoff-kushner-treffen-putin-100.html,0,www.tagesschau.de,US-Sondergesandte Witkoff und Kushner treffen Putin in Moskau,"Mit einer ""Idee für den Frieden"" sind die US-Sondergesandten Witkoff und Kushner nach Russland gereist und dort von Präsident Putin empfangen worden. Details des Friedensplans bleiben unbekannt - als nächstes wird er in Kiew vorgestellt.",https://images.tagesschau.de/image/32a0ad20-ce64-46b0-ac00-166040620a87/AAABoHNETuA/AAABnSSvrFg/16x9-big/putin-witkoff-kushner-100.jpg?width=1280,2026-09-05T20:42:55Z,,"Stand: 05.09.2026 22:42 Uhr
Mit einer ""Idee für den Frieden"" sind die US-Sondergesandten Witkoff und Kushner nach Russland gereist und dort von Präsident Putin empfangen worden. Details des Friedens… [+3329 chars]",,de,'Putin'
https://www.faz.net/aktuell/politik/ukraine/ukraine-liveticker-us-gesandte-reisen-nach-treffen-mit-putin-nach-kiew-faz-110683325.html,https://www.faz.net/aktuell/politik/ukraine/ukraine-liveticker-us-gesandte-reisen-nach-treffen-mit-putin-nach-kiew-faz-110683325.html,0,www.faz.net,Liveblog Ukrainekrieg: US-Gesandte reisen nach Treffen mit Putin nach Kiew,Weißes Haus und Kreml äußern sich positiv zu Gesprächen in Moskau +++ Selenskyj erwartet US-Gesandte am Sonntag in Kiew +++ Angriffe auf Kiew und Moskau sollen jeweils für kurze Zeit ausgesetzt werden +++ alle Neuigkeiten im Liveblog,https://media0.faz.net/image/w1200h627/b66ce9a0f684/w3863h2018x0y218o/202609/43601.0.2516839125/kremlchef-putin-m-im-gespraech.webp,2026-09-06T02:15:00Z,,Vermummte und bewaffnete Sicherheitskräfte sind in Kiew kein seltener Anblick. Sie stehen zum Beispiel an Checkpoints vor dem abgeriegelten Regierungsviertel oder vor militärischen Liegenschaften. Da… [+4025 chars],,de,'Putin'
https://www.tagesschau.de/ausland/europa/ukraine-russland-usa-verhandlungen-102.html,https://www.tagesschau.de/ausland/europa/ukraine-russland-usa-verhandlungen-102.html,0,www.tagesschau.de,Witkoff und Kushner erstmals in Kiew erwartet,In Moskau hatten sie sich mit Kremlchef Putin getroffen und mit ihm über ein Ende des Ukraine-Kriegs verhandelt. Nun kommen die US-Gesandten Witkoff und Kushner nach Kiew - auf einem ungewöhnlichen Weg.,https://images.tagesschau.de/image/365bdc88-a99f-4d81-bd8d-a736f1eb4e4b/AAABoHSnfdk/AAABnSSvrFg/16x9-big/witkoff-kushner-putin-100.jpg?width=1280,2026-09-06T02:58:49Z,,"Stand: 06.09.2026 04:58 Uhr
In Moskau hatten sie sich mit Kremlchef Putin getroffen und mit ihm über ein Ende des Ukraine-Kriegs verhandelt. Nun kommen die US-Gesandten Witkoff und Kushner nach Kiew… [+1957 chars]",,de,'Ukraine'
https://www.golem.de/sonstiges/zustimmung/auswahl.html?from=https://www.golem.de/news/zizianer-gewalt-aus-dem-silicon-valley-2609-212532.html&referer=https://t.co/5fb1b672d2,https://www.golem.de/sonstiges/zustimmung/auswahl.html?from=https://www.golem.de/news/zizianer-gewalt-aus-dem-silicon-valley-2609-212532.html&referer=https://t.co/5fb1b672d2,0,www.golem.de,"""Zizianer"": Gewalt aus dem Silicon Valley","Sie waren Wissenschaftler und Technikerinnen und wollten die Welt zu einem besseren Ort machen. Was ist passiert, dass die sogenannten Zizianer schließlich zu Waffen griffen? Ein Bericht von Elke Wittich (True Crime, Silicon Valley)",,2026-09-06T05:30:02Z,,"Besuchen Sie Golem.de wie gewohnt mit Werbung und Tracking,
 indem Sie der Nutzung aller Cookies zustimmen.
 Details zum Tracking finden Sie im Privacy Center.
Skript wurde nicht geladen. Informat… [+607 chars]",,de,'Waffen'
https://www.zeit.de/politik/ausland/2026-09/ukraine-krieg-drohne-russland-moskau-steve-witkoff-jared-kushner,https://www.zeit.de/politik/ausland/2026-09/ukraine-krieg-drohne-russland-moskau-steve-witkoff-jared-kushner,0,www.zeit.de,Ukraine-Krieg: Drohnenangriffe gehen trotz US-Vermittlungsgesprächen weiter,Nach ihrem Moskau-Besuch treffen die US-Sondergesandten Steve Witkoff und Jared Kushner nun in Kyjiw ein. Derweil kam es in mehreren Gebieten erneut zu Drohnenangriffen.,https://img.zeit.de/politik/ausland/2026-09/pause-angriffe-kiew-moskau-ukraine-russland-steve-witkoff-jared-kushner-foto-1/wide__1300x731,2026-09-06T07:39:00Z,,Trotz der laufenden Vermittlungsaktion im Ukraine-Krieg durch die US-Gesandten Steve Witkoff und Jared Kushner ist es zu Luftangriffen in der Ukraine gekommen. Die Hauptstädte Kyjiw und Moskau bliebe… [+1341 chars],,de,'Ukraine'
https://www.zeit.de/news/2026-09/06/us-unterhaendler-witkoff-und-kushner-erstmals-in-kiew,https://www.zeit.de/news/2026-09/06/us-unterhaendler-witkoff-und-kushner-erstmals-in-kiew,0,www.zeit.de,Ukraine-Krieg: US-Unterhändler Witkoff und Kushner erstmals in Kiew,Hier finden Sie Informationen zu dem Thema „Ukraine-Krieg“. Lesen Sie jetzt „US-Unterhändler Witkoff und Kushner erstmals in Kiew“.,https://img.zeit.de/administratives/sharing/fallback-image-die-zeit/wide__1300x731,2026-09-06T10:33:04Z,,Im Ringen um ein Ende des Ukraine-Kriegs sind die US-Unterhändler Steve Witkoff und Jared Kushner erstmals in Kiew eingetroffen. Das berichteten mehrere Kiewer Medien; die Nachrichtenagentur Unian ze… [+126 chars],,de,'Ukraine'
https://www.zeit.de/politik/deutschland/2026-09/hambacher-forst-polizei-grosseinsatz-sabotage-stromnetz-nrw,https://www.zeit.de/politik/deutschland/2026-09/hambacher-forst-polizei-grosseinsatz-sabotage-stromnetz-nrw,0,www.zeit.de,Hambacher Forst: Polizei sucht Sabotage-Verdächtigen anscheinend im Hambacher Forst,"Der Mann, der sich zu Sabotageakten an lokalen Stromnetzwerken bekannt hat, ist weiter auf der Flucht. Die Polizei hat einen Einsatz am Hambacher Forst gestartet.",https://img.zeit.de/politik/deutschland/2026-09/hambacher-forst-polizei-grosseinsatz-sabotage-stromnetz-nrw-foto-1/wide__1300x731,2026-09-06T11:10:39Z,,Die Polizei hat einen Großeinsatz am Hambacher Forst bei Kerpen westlich von Köln gestartet. Nach Informationen der Nachrichtenagentur dpa steht der Einsatz im Zusammenhang mit den versuchten Sabotag… [+868 chars],,de,'Flucht'
https://www.faz.net/aktuell/politik/ukraine/haben-hohe-ukrainische-beamte-der-generalstaatsanwaltschaft-von-telefonbetrug-profitiert-accg-201199038.html,https://www.faz.net/aktuell/politik/ukraine/haben-hohe-ukrainische-beamte-der-generalstaatsanwaltschaft-von-telefonbetrug-profitiert-accg-201199038.html,0,www.faz.net,Telefonbetrug: Durchsuchungen bei der ukrainischen Generalstaatsanwaltschaft,In der Ukraine wird gegen hohe Beamte der Generalstaatsanwaltschaft ermittelt: Sie sollen von Telefonbetrug profitiert haben.,https://media0.faz.net/image/w1200h627/eee2cdc9b7c3/w640h334x0y206o/202609/43601.0.2518976745/bilder-bereitgestellt-vom.webp,2026-09-06T13:07:06Z,,"In der Ukraine sorgen neue Korruptionsermittlungen für Aufruhr. Sie richten sich gegen betrügerische Callcenter, im Zentrum stehen ranghohe Beamte der Generalstaatsanwaltschaft. Noch dazu fallen sie … [+3227 chars]",,de,'Ukraine'
https://www.faz.net/aktuell/politik/ukraine/ukraine-liveticker-witkoff-nennt-erste-gespraechsrunde-ermutigend-faz-110683325.html,https://www.faz.net/aktuell/politik/ukraine/ukraine-liveticker-witkoff-nennt-erste-gespraechsrunde-ermutigend-faz-110683325.html,0,www.faz.net,Liveblog Ukrainekrieg: Witkoff nennt erste Gesprächsrunde „ermutigend“,Erste Gespräche von Selenskyj mit Witkoff und Kushner beendet +++ Lawrow nach Leipzig-Anschlag: Im Großen und Ganzen Beginn eines echten Krieges +++ Luftangriffe Russlands und der Ukraine trotz Vermittlungsaktion der USA +++ alle Neuigkeiten im Liveblog,https://media0.faz.net/image/w1200h627/dcd8e245f9ea/w5917h3091x0y735o/202609/43601.0.2519858090/wolodymyr-selenskyj-links.webp,2026-09-06T14:57:01Z,,Die US-Sondergesandten Steve Witkoff und Jared Kushner sind in der ukrainischen Hauptstadt Kiew eingetroffen. Die beiden wollen mit dem ukrainischen Präsidenten Wolodymyr Selenskyj beraten. Am Samsta… [+1018 chars],,de,'Putin'
https://www.diepresse.com/41235780/premiere-in-kiew-witkoff-und-kushner-ueberbringen-trumps-und-putins,https://www.diepresse.com/41235780/premiere-in-kiew-witkoff-und-kushner-ueberbringen-trumps-und-putins,0,www.diepresse.com,Premiere in Kiew: Witkoff und Kushner überbringen Trumps und Putins Botschaften [premium],Der Vermittlungsversuch der Sondergesandten Steve Witkoff und Jared Kushner im Ukraine-Krieg war nach dem Treffen mit dem Kreml-Chef in Moskau zum Scheitern verurteilt. Putin weicht kein Jota von seiner bisherigen Position ab.,https://img.diepresse.com/public/incoming/xo41ek-afpc7gh4tvjpg/alternates/WEBP_WIDE_1200/AFP_C7GH4TV.jpg,2026-09-06T15:02:32Z,,"Bis in den Sonntag hinein hatten sich die Gerüchte gehalten, dass Steve Witkoff und Jared Kushner von Moskau aus nach Kiew einfliegen würden. Es wäre nachgerade eine Sensation gewesen der erste Flug … [+4453 chars]",,de,'Putin'
https://www.faz.net/aktuell/feuilleton/medien-und-film/kino/festspiele-venedig-filme-von-paul-schrader-und-sergei-loznitsa-accg-201199160.html,https://www.faz.net/aktuell/feuilleton/medien-und-film/kino/festspiele-venedig-filme-von-paul-schrader-und-sergei-loznitsa-accg-201199160.html,0,www.faz.net,Filmfestspiele Venedig: Zurück im Imperium der USSR,"Während Paul Schrader sich an der Philosophie verhebt, wird man über Sergei Loznitsas dreistündiges „Imperium“ wohl noch lange reden – der Film ist ein Versuch, die Sowjetunion zu legitimieren, der auch Putin interessieren dürfte.",https://media0.faz.net/image/w1200h627/43ac33794198/w1506h786x0y83o/202609/43601.0.2512006000/zurueck-zu-lenin-ueber-stalin.webp,2026-09-06T15:14:05Z,,"Das Kino hat, wie andere Künste auch, den Vorteil, für alles zuständig zu sein. Niemand muss sich hier thematisch qualifizieren, wie es in den Wissenschaften der Fall ist. Von den Anfängen von allem … [+6541 chars]",,de,'Putin'
https://www.nzz.ch/international/neuer-vermittlungsversuch-der-usa-witkoff-und-kushner-reisen-nach-moskau-und-erstmals-auch-nach-kiew-ld.10022598,https://www.nzz.ch/international/neuer-vermittlungsversuch-der-usa-witkoff-und-kushner-reisen-nach-moskau-und-erstmals-auch-nach-kiew-ld.10022598,0,www.nzz.ch,Neuer Vermittlungsversuch der USA: Witkoff und Kushner reisen nach Moskau und erstmals auch nach Kiew,"Die amerikanischen Sondergesandten führen Gespräche mit Wladimir Putin und Wolodimir Selenski darüber, wie sie den Krieg beenden können. Die Aussichten auf einen diplomatischen Durchbruch sind gering.","https://img-msp-prod.nzz.ch/2026/09/06/c4c44224-b5b4-4c59-849e-41741e6f3cd1.jpg?width=1200&height=675&fit=bounds&quality=75&auto=webp&crop=4894,2753,x0,y355&wmark=nzz",2026-09-06T15:47:03Z,,"Die amerikanischen Sondergesandten führen Gespräche mit Wladimir Putin und Wolodimir Selenski darüber, wie sie den Krieg beenden können. Die Aussichten auf einen diplomatischen Durchbruch sind gering… [+6647 chars]",,de,'Putin'
https://www.faz.net/aktuell/politik/ukraine/ukraine-liveticker-selenskyj-gespraeche-ueber-sicherheits-und-wirtschaftsgarantien-gefuehrt-faz-110683325.html,https://www.faz.net/aktuell/politik/ukraine/ukraine-liveticker-selenskyj-gespraeche-ueber-sicherheits-und-wirtschaftsgarantien-gefuehrt-faz-110683325.html,0,www.faz.net,Liveblog Ukrainekrieg: Selenskyj: Gespräche über Sicherheits- und Wirtschaftsgarantien geführt,Unterredungen mit Witkoff und Kushner „sehr substanziell“ +++ Witkoff nennt erste Gesprächsrunde „ermutigend“ +++ Lawrow nach Leipzig-Anschlag: Im Großen und Ganzen Beginn eines echten Krieges +++ alle Neuigkeiten im Liveblog,https://media0.faz.net/image/w1200h627/6d379a3c17c4/w4593h2399x0y92o/202609/43601.0.2520268274/jared-kushner-steve-witkoff.webp,2026-09-06T16:29:35Z,,Die US-Sondergesandten Steve Witkoff und Jared Kushner sind in der ukrainischen Hauptstadt Kiew eingetroffen. Die beiden wollen mit dem ukrainischen Präsidenten Wolodymyr Selenskyj beraten. Am Samsta… [+1018 chars],,de,'Putin'
https://www.zeit.de/politik/ausland/2026-09/steve-witkoff-jared-kushner-ukraine-wolodymyr-selenskyj,https://www.zeit.de/politik/ausland/2026-09/steve-witkoff-jared-kushner-ukraine-wolodymyr-selenskyj,0,www.zeit.de,Steve Witkoff: US-Sondergesandter Witkoff lobt Gespräche mit Ukraine,Nach dem Treffen mit dem ukrainischen Präsidenten Selenskyj spricht Steve Witkoff von einer »bedeutsamen« Diskussion. Die Gespräche sollen so lange wie nötig weitergehen.,https://img.zeit.de/politik/ausland/2026-09/steve-witkoff-jared-kushner-ukraine-wolodymyr-selenskyj-foto-1/wide__1300x731,2026-09-06T16:30:43Z,,"Der US-Sondergesandte Steve Witkoff hat ein positives Fazit aus den Gesprächen mit der ukrainischen Führung gezogen. Man habe eine sehr bedeutsame Diskussion geführt, sagte Witkoff im Anschluss an da… [+1178 chars]",,de,'Putin'
https://www.faz.net/aktuell/politik/ukraine/trumps-emissaere-in-kiew-putin-bleibt-im-ukrainekrieg-bei-seinen-forderungen-201198420.html,https://www.faz.net/aktuell/politik/ukraine/trumps-emissaere-in-kiew-putin-bleibt-im-ukrainekrieg-bei-seinen-forderungen-201198420.html,0,www.faz.net,Witkoff und Kushner: Die US-Emissäre bringen Kiew eine Verschnaufpause,"Trumps Gesandte reisen erstmals nicht nur nach Moskau, sondern auch nach Kiew. Putin zeigt sich im Hinblick auf seinen Angriffskrieg weiter stur.",https://media0.faz.net/image/w1200h627/921ba3ff3d93/w3342h1746x0y197o/202609/43601.0.2517013075/jared-kushner-steve-witkoff.webp,2026-09-06T17:26:18Z,,"Ein handfestes Ergebnis der Reise von Jared Kushner und Steve Witkoff war in Kiew schon am Samstagabend zu spüren. Seit dem späten Nachmittag, also nachdem die beiden Unterhändler des amerikanischen … [+9035 chars]",,de,'Putin'
https://www.n-tv.de/politik/Witkoff-fordert-Moskau-und-Kiew-zu-Kompromissen-auf-id31275188.html,https://www.n-tv.de/politik/Witkoff-fordert-Moskau-und-Kiew-zu-Kompromissen-auf-id31275188.html,0,www.n-tv.de,"Washington plant ""Friedenspaket"": Witkoff fordert Moskau und Kiew zu ""Kompromissen"" auf","Die US-Unterhändler ringen in Moskau und Kiew um eine Friedenslösung im Ukraine-Krieg. Die Gespräche sollen laut Steve Witkoff so lange andauern, ""wie es nötig ist"". Beide Seiten müssten Zugeständnisse machen, um ihre ""Meinungsverschiedenheiten"" zu beenden.",https://www.n-tv.de/img/31275177/1788717131/Img_16_9/1200/617320123.jpg,2026-09-06T17:27:39Z,,"Wolodymyr Selenskyj schüttelt Steve Witkoff zur Begrüßung die Hand, direkt dahinter steht Jared Kushner. (Foto: picture alliance / abaca)
Die US-Unterhändler ringen in Moskau und Kiew um eine Friede… [+3217 chars]",,de,'Putin'
https://www.diepresse.com/41235428/leere-gasspeicher-in-europa-noch-kann-man-sich-vor-hohen-preisen,https://www.diepresse.com/41235428/leere-gasspeicher-in-europa-noch-kann-man-sich-vor-hohen-preisen,0,www.diepresse.com,Leere Gasspeicher in Europa? Noch kann man sich vor hohen Preisen schützen [premium],Pünktlich zum Sommerende grassiert in Europa die Sorge vor einer neuen Gaskrise. Die heimische Staatsreserve lindert das Risiko in Österreich – und das um deutlich weniger Steuergeld als gedacht. Gegen steigende Börsenpreise hilft sie aber nicht.,https://img.diepresse.com/public/incoming/fzed6o-apaimg531632797hrjpg/alternates/WEBP_WIDE_1200/APAIMG_531632797.HR.jpg,2026-09-06T17:59:39Z,,"Dieser Winter wird richtig teuer. So oder so ähnlich wird die Warnung lauten, die der deutsche Verband der Gasspeicherbetreiber INES am morgigen Dienstag in der Öffentlichkeit verbreiten wird. Und da… [+4392 chars]",,de,'Knappheit'
https://orf.at/stories/3441393/,https://orf.at/stories/3441393/,0,orf.at,US-Gesandte drängen auf Kompromisse,Bei ihrem ersten Besuch in Kiew seit Beginn des russischen Angriffskrieges gegen die Ukraine haben die US-Gesandten Steve Witkoff und Jared Kushner Zugeständnisse von beiden Seiten gefordert. „Beide Parteien müssen Kompromisse eingehen und Differenzen abbauen…,https://ibs.orf.at/news?image=https%3A%2F%2Fassets.orf.at%2Fmims%2F2026%2F37%2F67%2Fcrops%2Fw%3D1200%2Ch%3D630%2Cq%3D75%2F3173960_master_1230767_ukraine_krieg_us_gesandte_sonacht_r.jpg%3Fs%3D187dd9b58982bb92edfacb2cf01c99d4c267b91e,2026-09-06T18:22:55Z,,"Wir denken, über die notwendigen Elemente für einen Kompromiss zu verfügen, sagte Witkoff in der ukrainischen Hauptstadt, in die er gemeinsam mit dem Schwiegersohn von US-Präsident Donald Trump, Kush… [+4575 chars]",,de,'Ukraine'
https://www.zeit.de/news/2026-09/07/usa-hoffen-auf-direkte-gespraeche-zwischen-moskau-und-kiew,https://www.zeit.de/news/2026-09/07/usa-hoffen-auf-direkte-gespraeche-zwischen-moskau-und-kiew,0,www.zeit.de,Ukraine-Krieg: USA hoffen auf direkte Gespräche zwischen Moskau und Kiew,Hier finden Sie Informationen zu dem Thema „Ukraine-Krieg“. Lesen Sie jetzt „USA hoffen auf direkte Gespräche zwischen Moskau und Kiew“.,https://img.zeit.de/news/2026-09/07/usa-hoffen-auf-direkte-gespraeche-zwischen-moskau-und-kiew-image-group/wide__1300x731,2026-09-07T03:03:59Z,,"Auch nach den Gesprächen der US-Unterhändler Steve Witkoff und Jared Kushner in Moskau und Kiew ist weiterhin unklar, welche Vorschläge für eine Friedenslösung sie den Kriegsparteien vorgelegt haben.… [+4591 chars]",,de,'Ukraine'
https://www.tagesschau.de/ausland/asien/iran-strasse-von-hormus-100.html,https://www.tagesschau.de/ausland/asien/iran-strasse-von-hormus-100.html,0,www.tagesschau.de,Gegenseitige Angriffe: Schiffsverkehr in Straße von Hormus eingebrochen,Die USA und Iran greifen immer wieder Tanker in der Straße von Hormus an. Der Schiffsverkehr in der Meerenge ist auf dem niedrigsten Stand seit Mai. Iran plant außerdem die Einrichtung einer Sperrzone.,https://images.tagesschau.de/image/a3a0d945-a80b-4fa8-8c7c-99e05a59d67b/AAABnm137xE/AAABnSSvrFg/16x9-big/karte-strasse-von-hormus-persischer-golf-104.jpg?width=1280,2026-09-07T03:27:09Z,,"Stand: 07.09.2026 05:27 Uhr
Die USA und Iran greifen immer wieder Tanker in der Straße von Hormus an. Der Schiffsverkehr in der Meerenge ist auf dem niedrigsten Stand seit Mai. Iran plant außerdem d… [+1338 chars]",,de,'Straße von Hormus'
https://www.zeit.de/politik/ausland/2026-09/strasse-von-hormus-iran-sperrzone-us-marine-schifffahrt,https://www.zeit.de/politik/ausland/2026-09/strasse-von-hormus-iran-sperrzone-us-marine-schifffahrt,0,www.zeit.de,Straße von Hormus: Iran will nahe Straße von Hormus »Sperrzone« einrichten,Der Iran hat eine Sperrzone außerhalb der Straße von Hormus angekündigt. Damit erweitert sich die Sperrung des für den Welthandel mit Öl und Gas wichtigen Gebiets.,https://img.zeit.de/politik/ausland/2026-09/strasse-von-hormus-iran-sperrzone-us-marine-schifffahrt-foto-1/wide__1300x731,2026-09-07T06:20:27Z,,"Der Iran will nahe der strategisch
wichtigen Straße von Hormus eine »Sperrzone«
einrichten. Das sagte der Chef des Obersten
Nationalen Sicherheitsrats des Irans, Mohsen Resaei, im iranischen Staat… [+942 chars]",,de,'Straße von Hormus'
https://www.faz.net/aktuell/wirtschaft/auto-verkehr/ein-milliardengeschaeft-griechenland-und-die-russische-schattenflotte-accg-201198539.html,https://www.faz.net/aktuell/wirtschaft/auto-verkehr/ein-milliardengeschaeft-griechenland-und-die-russische-schattenflotte-accg-201198539.html,0,www.faz.net,Sanktionspolitik: Wie Griechenland die russische Schattenflotte füttert,Griechische Reeder stellen die größte Rohöl-Tankerflotte der Welt. Ihre ausrangierten Schiffe überlassen sie russischen Abnehmern gegen gutes Geld. Makler in Dubai organisieren die Transaktionen. Athen schützt die Branche.,https://media0.faz.net/image/w1200h627/6d7a74e0420c/w5455h2850x297y109o/202603/43601.0.1877845793/festgesetzt-wegen-gefaelschter.webp,2026-09-07T09:57:49Z,,"Wenn die Bundesregierung wie angekündigt mit ihren Partnerländern schärfer gegen die russische Schattenflotte vorgehen will, dann müsste sie das Problem auch an der Wurzel anpacken dort, wo alte Tank… [+8008 chars]",,de,'Rohöl'
https://www.golem.de/sonstiges/zustimmung/auswahl.html?from=https://www.golem.de/news/synchrotron-teilchenbeschleuniger-mit-zehnfachem-gewinn-gegenueber-kosten-2609-212717.html&referer=https://t.co/440c43a807,https://www.golem.de/sonstiges/zustimmung/auswahl.html?from=https://www.golem.de/news/synchrotron-teilchenbeschleuniger-mit-zehnfachem-gewinn-gegenueber-kosten-2609-212717.html&referer=https://t.co/440c43a807,0,www.golem.de,Synchrotron: Teilchenbeschleuniger mit zehnfachem Gewinn gegenüber Kosten,"Eine Kosten-Nutzen-Analyse der Röntgenquelle Bessy II kommt zu dem Schluss, dass Berlin für jeden investierten Euro 10 Euro zurückbekommt. (Wissenschaft, Akku)",,2026-09-07T10:34:02Z,,"Besuchen Sie Golem.de wie gewohnt mit Werbung und Tracking,
 indem Sie der Nutzung aller Cookies zustimmen.
 Details zum Tracking finden Sie im Privacy Center.
Skript wurde nicht geladen. Informat… [+607 chars]",,de,'Kosten'
https://www.zeit.de/news/2026-09/07/russland-und-nordkorea-eroeffnen-erste-strassenverbindung,https://www.zeit.de/news/2026-09/07/russland-und-nordkorea-eroeffnen-erste-strassenverbindung,0,www.zeit.de,Ferner Osten: Russland und Nordkorea eröffnen erste Straßenverbindung,Hier finden Sie Informationen zu dem Thema „Ferner Osten“. Lesen Sie jetzt „Russland und Nordkorea eröffnen erste Straßenverbindung“.,https://img.zeit.de/news/2026-09/07/russland-und-nordkorea-eroeffnen-erste-strassenverbindung-image-group/wide__1300x731,2026-09-07T12:02:01Z,,Zwischen Nordkorea und Russland gibt es nun erstmals eine Straßenverbindung. Der russische Ministerpräsident Michail Mischustin bezeichnete den Brückenbau in einer Rede gemäß einer Mitteilung als «hi… [+1136 chars],,de,'Russland'
https://www.faz.net/aktuell/politik/inland/daniel-v-anschlaege-auf-stromnetz-auch-in-den-niederlanden-geplant-201202574.html,https://www.faz.net/aktuell/politik/inland/daniel-v-anschlaege-auf-stromnetz-auch-in-den-niederlanden-geplant-201202574.html,0,www.faz.net,Sabotage an Umspannwerken: Daniel V. soll auch Anschläge in den Niederlanden geplant haben,Der mutmaßliche Stromsaboteur Daniel V. ist noch immer auf der Flucht. Ausgewertete Beweismittel deuten auf weitere Ziele im In- und Ausland.,https://media0.faz.net/image/w1200h627/c4e3e04146da/w4770h2492x0y402o/202609/43601.0.2523203156/polizisten-suchen-am-sonntag.webp,2026-09-07T14:12:43Z,,Die Suche nach dem wegen mehrerer Sabotageattacken auf das Stromnetz dringend tatverdächtigen Daniel V. ist auch am Montag mit Hochdruck fortgesetzt worden. Nach Informationen der F.A.Z. steht V. nac… [+3483 chars],,de,'Flucht'
https://www.zeit.de/news/2026-09/07/ukraine-krieg-will-putin-nach-duma-wahl-verhandeln,https://www.zeit.de/news/2026-09/07/ukraine-krieg-will-putin-nach-duma-wahl-verhandeln,0,www.zeit.de,Russischer Angriffskrieg: Ukraine-Krieg: Will Putin nach Duma-Wahl verhandeln?,Hier finden Sie Informationen zu dem Thema „Russischer Angriffskrieg“. Lesen Sie jetzt „Ukraine-Krieg: Will Putin nach Duma-Wahl verhandeln?“.,https://img.zeit.de/news/2026-09/07/ukraine-krieg-will-putin-nach-duma-wahl-verhandeln-image-group/wide__1300x731,2026-09-07T15:26:10Z,,Die USA setzen nach Angaben aus dem französischen Präsidentenpalast auf einen zügigen Beginn von konkreten neuen Verhandlungen über ein Ende des russischen Angriffskriegs gegen die Ukraine. «Was die … [+2316 chars],,de,'Putin'
https://www.zeit.de/news/2026-09/07/finnland-stellt-zaun-an-der-russischen-grenze-fertig,https://www.zeit.de/news/2026-09/07/finnland-stellt-zaun-an-der-russischen-grenze-fertig,0,www.zeit.de,Bedrohung durch Russland: Finnland stellt Zaun an der russischen Grenze fertig,Hier finden Sie Informationen zu dem Thema „Bedrohung durch Russland“. Lesen Sie jetzt „Finnland stellt Zaun an der russischen Grenze fertig“.,https://img.zeit.de/news/2026-09/07/finnland-stellt-zaun-an-der-russischen-grenze-fertig-image-group/wide__1300x731,2026-09-07T15:29:41Z,,"Nach zwei Jahren Bauzeit hat Nato-Mitglied Finnland einen 200 Kilometer langen Zaun an der Grenze zu Russland fertiggestellt. «Die wichtigste Aufgabe des Staates ist es, die Sicherheit seiner Bürger … [+1219 chars]",,de,'Russland'
https://www.n-tv.de/politik/Putin-setzt-eindeutig-auf-Eskalation-id31279084.html,https://www.n-tv.de/politik/Putin-setzt-eindeutig-auf-Eskalation-id31279084.html,0,www.n-tv.de,"Reisners Blick auf die Front: ""Putin setzt eindeutig auf Eskalation""","Die Front stagniert und die US-Sondergesandten trafen Putin in Moskau. Doch entscheidender für einen Durchbruch ist die Situation am Himmel über der Ukraine, erklärt Oberst Reisner ntv.de.",https://www.n-tv.de/img/31279563/1788799610/Img_16_9/1200/imago0807165693h.jpg,2026-09-07T17:17:00Z,,"Wladimir Putin bei einem militärischen Briefing im Jahr 2025 (Foto: IMAGO/ITAR-TASS)
Die Front stagniert und die US-Sondergesandten trafen Kremlchef Wladimir Putin in Moskau. Doch entscheidender für… [+7527 chars]",,de,'Putin'
https://www.faz.net/aktuell/politik/ukraine/suedkorea-und-die-ukraine-warum-seoul-keine-waffen-liefert-201178650.html,https://www.faz.net/aktuell/politik/ukraine/suedkorea-und-die-ukraine-warum-seoul-keine-waffen-liefert-201178650.html,0,www.faz.net,Geopolitik Südkoreas: Warum Seoul der Ukraine keine Waffen liefert,"Südkorea ist von Russlands Energielieferungen abhängiger denn je – und der Konflikt mit Nordkorea hält an. Moskau nutzt das, um Seoul unter Druck zu setzen.",https://media0.faz.net/image/w1200h627/2074e45c582e/w1199h626x0y87o/202607/43601.0.2313753005/ein-erstes-treffen-die.webp,2026-09-07T17:28:51Z,,"Nordkorea unterstützt Russlands Krieg gegen die Ukraine mehr denn je, aber Südkorea liefert weiterhin keine Waffen an Kiew. Daran ändern weder die Westbindung des Landes noch seine zur Weltspitze zäh… [+5425 chars]",,de,'Russland'
https://www.tagesspiegel.de/internationales/zur-abschreckung-gegen-migranten-finnland-errichtet-200-kilometer-langen-zaun-an-grenze-zu-russland-16028568.html,https://www.tagesspiegel.de/internationales/zur-abschreckung-gegen-migranten-finnland-errichtet-200-kilometer-langen-zaun-an-grenze-zu-russland-16028568.html,0,www.tagesspiegel.de,Zur Abschreckung gegen Migranten: Finnland errichtet 200 Kilometer langen Zaun an Grenze zu Russland,Die Anlage soll Migranten vom Grenzübertritt in das skandinavische Nachbarland abhalten. Helsinki sieht die Menschen als Teil der hybriden Kriegsführung Moskaus.,https://www.tagesspiegel.de/images/16028601/alternates/BASE_16_9_W1400/1788801616000/ukraine-krieg-grenzzaun-an-finnisch-russischer-grenze.jpeg,2026-09-07T17:30:38Z,,Zur Abschreckung von illegalen Migranten aus Russland hat Finnland einen 200 Kilometer langen Zaun an der gemeinsamen Grenze errichtet. Dieser sei Bestandteil der Grenzsicherung und solle neben einer… [+1895 chars],,de,'Russland'
https://www.welt.de/politik/article6a9ef25e4cd0c9e2b887e0ba/abschreckung-illegaler-migranten-finnland-errichtet-200-kilometer-langen-zaun-an-grenze-zu-russland.html,https://www.welt.de/politik/article6a9ef25e4cd0c9e2b887e0ba/abschreckung-illegaler-migranten-finnland-errichtet-200-kilometer-langen-zaun-an-grenze-zu-russland.html,0,www.welt.de,Finnland errichtet 200 Kilometer langen Zaun an Grenze zu Russland,"Finnland hat für mehr als 350 Millionen Euro einen Grenzzaun zu Russland gebaut. Helsinki wirft Moskau vor, Migranten gezielt als Mittel der Kriegsführung an die Grenze geführt zu haben.",https://images.welt.de/6a9ef25e4cd0c9e2b887e0ba/ed47625ef1b9121b99bd6e86302febf0-master/ci16x9-w1200/dpa-com-260907-935-1594270-jpg,2026-09-07T17:39:24Z,,"Finnland hat für mehr als 350 Millionen Euro einen Grenzzaun zu Russland gebaut. Helsinki wirft Moskau vor, Migranten gezielt als Mittel der Kriegsführung an die Grenze geführt zu haben.Klicken Sie h… [+1893 chars]",,de,'Russland'
https://www.zeit.de/news/2026-09/07/eu-aussenbeauftragte-russland-nicht-an-frieden-interessiert,https://www.zeit.de/news/2026-09/07/eu-aussenbeauftragte-russland-nicht-an-frieden-interessiert,0,www.zeit.de,Ukraine-Krieg: EU-Außenbeauftragte: Russland nicht an Frieden interessiert,Hier finden Sie Informationen zu dem Thema „Ukraine-Krieg“. Lesen Sie jetzt „EU-Außenbeauftragte: Russland nicht an Frieden interessiert“.,https://img.zeit.de/news/2026-09/07/eu-aussenbeauftragte-russland-nicht-an-frieden-interessiert-image-group/wide__1300x731,2026-09-07T17:56:12Z,,"Trotz des neuen Vorstoßes der US-Vermittler hat die EU-Außenbeauftragte Kaja Kallas wenig Hoffnung auf ein baldiges Ende des Ukraine-Kriegs. «Wir sehen nicht, dass Russland wirklich an Frieden intere… [+958 chars]",,de,'Ukraine'
https://www.tagesspiegel.de/internationales/dpa-ukraine-krieg-16028673.html,https://www.tagesspiegel.de/internationales/dpa-ukraine-krieg-16028673.html,0,www.tagesspiegel.de,Ukraine-Krieg: EU-Außenbeauftragte: Russland nicht an Frieden interessiert,"Die US-Unterhändler unternehmen einen neuen Anlauf in Vermittlungen für ein Ende des Ukraine-Kriegs. Kaja Kallas erwartet angesichts Moskaus Haltung wenig, sieht aber zumindest einen positiven Aspekt.",https://www.tagesspiegel.de/images/16028672/alternates/BASE_16_9_W1400/1788803830000/kaja-kallas-in-litauen.jpeg,2026-09-07T17:57:10Z,,"Trotz des neuen Vorstoßes der US-Vermittler hat die EU-Außenbeauftragte Kaja Kallas wenig Hoffnung auf ein baldiges Ende des Ukraine-Kriegs. Wir sehen nicht, dass Russland wirklich an Frieden interes… [+1006 chars]",,de,'Russland'
https://www.focus.de/politik/ausland/die-ukraine-hat-einen-mangel-an-raketen-jetzt-feuern-mig-29-kampfflugzeuge-alte-waffen-aus-den-1970er-jahren-ab_54fbcb20-1023-4db9-905c-cc99a4544dd1.html,https://www.focus.de/politik/ausland/die-ukraine-hat-einen-mangel-an-raketen-jetzt-feuern-mig-29-kampfflugzeuge-alte-waffen-aus-den-1970er-jahren-ab_54fbcb20-1023-4db9-905c-cc99a4544dd1.html,0,www.focus.de,Die Ukraine hat einen Mangel an Raketen – jetzt feuern MiG-29-Kampfflugzeuge alte Waffen aus den 1970er-Jahren ab,Russland greift mit immer schnelleren Drohnen und kleinen Marschflugkörpern an. Der Ukraine fehlen dafür zunehmend die passenden Raketen. Deshalb greift Kiew auf Waffen aus den 1970er-Jahren zurück.,"https://quadro.burda-forward.de/ctf/3509fd4a-d926-4eca-a9fd-6a171412f910.d70c2c94-f9b5-44d0-a01b-900d8f2c399d.jpg?im=RegionOfInterestCrop=(1200,630),regionOfInterest=(1186,682)&hash=7e323f87ab23335933e94765f55e32caec5c1a01c7bb4e5fbdc494fdf02ee123",2026-09-07T18:09:00Z,,"Die Ukraine setzt gegen schnelle russische Drohnen und kleine Marschflugkörper wieder Luft-Luft-Raketen aus den 1970er-Jahren ein. MiG-29 schießen inzwischen mit R-60-Geschossen, weil modernere R-73 … [+3270 chars]",,de,'Ukraine'
https://www.bild.de/politik/ausland-und-internationales/goethe-institute-in-russland-geschlossen-mitarbeiter-muessen-ausreisen-6a9ec5fe721eb476650a2c44,https://www.bild.de/politik/ausland-und-internationales/goethe-institute-in-russland-geschlossen-mitarbeiter-muessen-ausreisen-6a9ec5fe721eb476650a2c44,0,www.bild.de,Auch Konsulat betroffen - Russland schließt deutsche Institute,"Nach dem Drohnenanschlag bei Leipzig verschärft Moskau den Streit mit Berlin: Goethe-Institute und deutsches Konsulat schließen, Mitarbeiter müssen ausreisen.","https://images.bild.de/6a9ec5fe721eb476650a2c44/412a782800d700dc4dff7d8cb4901135,c41da588?w=1280",2026-09-07T18:10:07Z,,TTS-Player überspringenArtikel weiterlesenMoskau (Russland) Als Reaktion auf den russischen Drohnenanschlag in Leipzig schloß die Bundesregierung unter anderem das russische Generalkonsulat. Jetzt sc… [+1955 chars],,de,'Russland'
https://www.n-tv.de/politik/Finnland-errichtet-200-Kilometer-Zaun-an-Grenze-zu-Russland-id31280022.html,https://www.n-tv.de/politik/Finnland-errichtet-200-Kilometer-Zaun-an-Grenze-zu-Russland-id31280022.html,0,www.n-tv.de,"""Menschen fernhalten"": Finnland errichtet 200 Kilometer Zaun an Grenze zu Russland","Finnland rüstet seine Grenze zu Russland massiv auf. Ein kilometerlanger Hightech-Zaun soll illegale Übertritte verhindern - und das Land auf eine Situation vorbereiten, die nach Einschätzung der Regierung jederzeit eintreten könnte.",https://www.n-tv.de/img/31280025/1788808302/Img_16_9/1200/617587312.jpg,2026-09-07T18:47:29Z,,"Mehr als 350 Millionen Euro hat Finnland der Zaun gekostet. (Foto: picture alliance/dpa/Lehtikuva)
Finnland rüstet seine Grenze zu Russland massiv auf. Ein kilometerlanger Hightech-Zaun soll illegal… [+1950 chars]",,de,'Russland'
https://www.zeit.de/politik/ausland/2026-09/finnland-grenzzaun-russland-ostgrenze-sicherheit,https://www.zeit.de/politik/ausland/2026-09/finnland-grenzzaun-russland-ostgrenze-sicherheit,0,www.zeit.de,Grenzzaun zu Russland: Finnland errichtet 200 Kilometer langen Grenzzaun zu Russland,Ein Zaun und ein technisches Überwachungssystem sichern Abschnitte der Grenze Finnlands zu Russland. So soll »hybride Kriegsführung« durch Migranten eingedämmt werden.,https://img.zeit.de/politik/ausland/2026-09/finnland-grenzzaun-russland-ostgrenze-sicherheit-foto-1/wide__1300x731,2026-09-07T18:49:47Z,,Nach zwei Jahren Bauzeit hat Finnland einen 200 Kilometer langen Stacheldrahtzaun an der Grenze zu Russland fertiggestellt. »Der Grenzzaun an der Ostgrenze ist in diesen unvorhersehbaren Zeiten ein w… [+962 chars],,de,'Russland'
https://www.sueddeutsche.de/politik/ukraine-krieg-akw-saporischschja-strom-li.3524928,https://www.sueddeutsche.de/politik/ukraine-krieg-akw-saporischschja-strom-li.3524928,0,www.sueddeutsche.de,Newsblog zum Ukraine-Krieg: AKW Saporischschja hat wieder Strom,"Das große, von Russland besetzte Kernkraftwerk war lange ohne externen Strom – das war gefährlich. Nun gab es in einer Feuerpause Reparaturarbeiten.",https://www.sueddeutsche.de/2026/09/07/b5b7b77c-2c78-43f2-ba8e-d2d967b4cf5b.jpg?q=60&fm=webp&width=1200&rect=0%2C130%2C4000%2C2250,2026-09-07T19:47:40Z,,In Moskau sind die kurzfristig anberaumten neuen Gespräche zum russischen Angriffskrieg in der Ukraine zwischen Kremlchef Wladimir Putin und den US-Unterhändlern Steve Witkoff und Jared Kushner zu En… [+1691 chars],,de,'Russland'
https://www.n-tv.de/politik/21-00-Ukraine-attackiert-russische-Millionenstadt-im-Ural-Gebirge-id31280534.html,https://www.n-tv.de/politik/21-00-Ukraine-attackiert-russische-Millionenstadt-im-Ural-Gebirge-id31280534.html,0,www.n-tv.de,Ukraine-Krieg im Liveticker: +++ 21:00 Ukraine attackiert russische Millionenstadt im Ural-Gebirge +++,"Berlin, Washington, Brüssel - überall. ntv berichtet von allen wichtigen Schauplätzen der Innen- und Außenpolitik.",https://www.n-tv.de/img/2339153/1721988811/Img_16_9/1200/image.jpg,2026-09-07T20:00:00Z,,Langstreckendrohnen der ukrainischen Streitkräfte schlagen in der russischen Stadt Perm ein. Aufnahmen zeigen Einschläge in einem Wohnhaus. Die Stadt im Ural-Gebirge liegt rund 1500 Kilometer entfern… [+34174 chars],,de,'Ukraine'
https://www.faz.net/aktuell/gesellschaft/smalltalk/ukraine-angelina-jolie-besucht-boxklub-in-charkiw-accg-201205171.html,https://www.faz.net/aktuell/gesellschaft/smalltalk/ukraine-angelina-jolie-besucht-boxklub-in-charkiw-accg-201205171.html,0,www.faz.net,Reise in die Ukraine: Angelina Jolie besucht Boxklub in Charkiw,Mit diesem Besuch hatte der Inhaber von „Spadkoyemez“ nicht gerechnet: Angelina Jolie und ihr Sohn Knox sind überraschend in einem Boxklub in der ukrainischen Stadt Charkiw aufgetaucht.,https://media0.faz.net/image/w1200h627/f3e3d513ffd3/w2430h1269x0y150o/202509/43601.0.1265252026/angelina-jolie.webp,2026-09-08T07:37:24Z,,US-Schauspielerin Angelina Jolie ist überraschend in die ukrainische Stadt Charkiw gereist und hat dort den Boxklub Spadkoyemez besucht. Das gab der Klub am Montag auf Instagram bekannt. Ein dazu ver… [+2337 chars],,de,'Ukraine'
https://www.zeit.de/wirtschaft/2026-09/erneuerbare-energien-stromproduktion-deutschland-anteil,https://www.zeit.de/wirtschaft/2026-09/erneuerbare-energien-stromproduktion-deutschland-anteil,0,www.zeit.de,Erneuerbare Energien: Mehr Strom in Deutschland aus erneuerbaren Energien,"Ein größerer Teil des in Deutschland verbrauchten Stroms stammte 2026 bisher aus erneuerbaren Energien. Wind, Sonne und Biogas lieferten 59,1 Prozent des gesamten Stroms.",https://img.zeit.de/wirtschaft/2026-09/erneuerbare-energien-stromproduktion-deutschland-anteil-foto-1/wide__1300x731,2026-09-08T09:46:58Z,,"Der Anteil der erneuerbaren Energien in der deutschen Stromproduktion ist im ersten Halbjahr 2026 gestiegen. Das Statistische Bundesamt teilte mit, dass 59,1 Prozent der ins Netz eingespeisten Stromm… [+564 chars]",,de,'Erneuerbare Energien'
https://www.zeit.de/news/2026-09/08/ungarn-weist-zehn-russische-diplomaten-aus,https://www.zeit.de/news/2026-09/08/ungarn-weist-zehn-russische-diplomaten-aus,0,www.zeit.de,Ungarn-Russland: Ungarn weist zehn russische Diplomaten aus,Hier finden Sie Informationen zu dem Thema „Ungarn-Russland“. Lesen Sie jetzt „Ungarn weist zehn russische Diplomaten aus“.,https://img.zeit.de/news/2026-09/08/ungarn-weist-zehn-russische-diplomaten-aus-image-group/wide__1300x731,2026-09-08T10:55:20Z,,"Ungarn weist zehn russische Diplomaten aus. Diese hätten in Ungarn Aktivitäten ausgeübt, «die für Diplomaten gemäß der Wiener Konvention inakzeptabel sind», wie Ungarns Außenministerin Anita Orban au… [+1580 chars]",,de,'Russland'
https://www.zeit.de/news/2026-09/08/mutmasslicher-drogenhaendler-stuerzt-auf-flucht-metertief,https://www.zeit.de/news/2026-09/08/mutmasslicher-drogenhaendler-stuerzt-auf-flucht-metertief,0,www.zeit.de,Bonn: Mutmaßlicher Drogenhändler stürzt auf Flucht metertief,Hier finden Sie Informationen zu dem Thema „Bonn“. Lesen Sie jetzt „Mutmaßlicher Drogenhändler stürzt auf Flucht metertief“.,https://img.zeit.de/news/2026-09/08/mutmasslicher-drogenhaendler-stuerzt-auf-flucht-metertief-image-group/wide__1300x731,2026-09-08T12:36:40Z,,"Auf der Flucht vor der Polizei ist in Bonn ein 23-Jähriger über eine Brüstung mehrere Meter in die Tiefe gestürzt. Der Mann verletzte sich schwer und kam in ein Krankenhaus, teilte die Polizei am Tag… [+949 chars]",,de,'Flucht'
https://www.zeit.de/news/2026-09/08/nach-us-gespraechen-kiew-meldet-neue-russische-angriffe,https://www.zeit.de/news/2026-09/08/nach-us-gespraechen-kiew-meldet-neue-russische-angriffe,0,www.zeit.de,Ukraine-Krieg: Nach US-Gesprächen: Kiew meldet neue russische Angriffe,Hier finden Sie Informationen zu dem Thema „Ukraine-Krieg“. Lesen Sie jetzt „Nach US-Gesprächen: Kiew meldet neue russische Angriffe“.,https://img.zeit.de/news/2026-09/08/nach-us-gespraechen-kiew-meldet-neue-russische-angriffe-image-group/wide__1300x731,2026-09-08T12:58:28Z,,Nach einer kurzzeitigen Feuerpause während des Besuchs der Unterhändler von US-Präsident Donald Trump in der Ukraine hat Russland seine Luftangriffe auf Kiew wieder aufgenommen. In der Nacht wurden E… [+3698 chars],,de,'Ukraine'
https://www.zeit.de/news/2026-09/08/bericht-zahl-der-streubombenopfer-rasant-gestiegen,https://www.zeit.de/news/2026-09/08/bericht-zahl-der-streubombenopfer-rasant-gestiegen,0,www.zeit.de,Geächtete Waffen: Bericht: Zahl der Streubombenopfer rasant gestiegen,Hier finden Sie Informationen zu dem Thema „Geächtete Waffen“. Lesen Sie jetzt „Bericht: Zahl der Streubombenopfer rasant gestiegen“.,https://img.zeit.de/news/2026-09/08/bericht-zahl-der-streubombenopfer-rasant-gestiegen-image-group/wide__1300x731,2026-09-08T13:00:06Z,,"Die Zahl der Streubombenopfer ist 2025 rasant gestiegen: Im Vergleich zum Vorjahr hat sie sich mehr als verdreifacht. Mindestens 1.063 Menschen wurden getötet oder verletzt, einer der höchsten Jahres… [+1660 chars]",,de,'Waffen'
https://www.tagesschau.de/ausland/europa/renoir-gemaelde-diebstahl-100.html,https://www.tagesschau.de/ausland/europa/renoir-gemaelde-diebstahl-100.html,0,www.tagesschau.de,Einbruch in Museum in Südfrankreich: Renoir-Gemälde gestohlen,Es werden Erinnerungen an den Einbruch in den Louvre wach: In Südfrankreich sind wertvolle Gemälde des impressionistischen Künstlers Renoir aus einem Museum gestohlen worden. Ein Teil der Beute ließen die Täter bei ihrer Flucht zurück.,https://images.tagesschau.de/image/c224eb91-9d03-4299-9ef6-187ff54eb94a/AAABoIEMm-I/AAABnSSvrFg/16x9-big/renoir-museum-einbruch-100.jpg?width=1280,2026-09-08T13:00:58Z,,"Stand: 08.09.2026 15:00 Uhr
Es werden Erinnerungen an den Einbruch in den Louvre wach: In Südfrankreich sind wertvolle Gemälde des impressionistischen Künstlers Renoir aus einem Museum gestohlen wor… [+1818 chars]",,de,'Flucht'
https://www.computerbase.de/news/arbeitsspeicher/cxl-memory-module-kioxias-heilsbringer-gegen-dram-knappheit-wird-bald-bemustert.99298/,https://www.computerbase.de/news/arbeitsspeicher/cxl-memory-module-kioxias-heilsbringer-gegen-dram-knappheit-wird-bald-bemustert.99298/,0,www.computerbase.de,CXL Memory Module: Kioxias Heilsbringer gegen DRAM-Knappheit wird bald bemustert,Nicht zuletzt durch die anhaltende Speicherkrise erhalten Konzepte zur kostengünstigen Erweiterung des Arbeitsspeichers im KI-Server wieder Aufwind. Kioxia will sein darauf ausgerichtetes CXL Memory Module bald bei Kunden bemustern lassen. Es nutzt speziellen…,https://pics.computerbase.de/1/2/4/7/8/2-cab10233045acbfd/article-1280x720.390818b9.jpg,2026-09-08T13:37:00Z,,Nicht zuletzt durch die anhaltende Speicherkrise erhalten Konzepte zur kostengünstigen Erweiterung des Arbeitsspeichers im KI-Server wieder Aufwind. Kioxia will sein darauf ausgerichtetes CXL Memory … [+3086 chars],,de,'Knappheit'
https://www.zeit.de/news/2026-09/08/pistorius-sagt-ukraine-umfangreiche-waffenlieferungen-zu,https://www.zeit.de/news/2026-09/08/pistorius-sagt-ukraine-umfangreiche-waffenlieferungen-zu,0,www.zeit.de,Militärhilfe für die Ukraine: Pistorius sagt Ukraine umfangreiche Waffenlieferungen zu,Hier finden Sie Informationen zu dem Thema „Militärhilfe für die Ukraine“. Lesen Sie jetzt „Pistorius sagt Ukraine umfangreiche Waffenlieferungen zu“.,https://img.zeit.de/news/2026-09/08/pistorius-sagt-ukraine-umfangreiche-waffenlieferungen-zu-image-group/wide__1300x731,2026-09-08T14:30:27Z,,Verteidigungsminister Boris Pistorius hat der Ukraine weitere umfangreiche Waffenlieferungen zur Verteidigung gegen russische Angriffe zugesagt. Einschüchterungsversuche Russlands und hybride Angriff… [+1356 chars],,de,'Ukraine'
https://www.zeit.de/news/2026-09/08/putin-zu-trump-keine-aggressiven-plaene-gegen-europa,https://www.zeit.de/news/2026-09/08/putin-zu-trump-keine-aggressiven-plaene-gegen-europa,0,www.zeit.de,Telefonat: Putin zu Trump: «Keine aggressiven Pläne» gegen Europa,Hier finden Sie Informationen zu dem Thema „Telefonat“. Lesen Sie jetzt „Putin zu Trump: «Keine aggressiven Pläne» gegen Europa“.,https://img.zeit.de/news/2026-09/08/putin-zu-trump-keine-aggressiven-plaene-gegen-europa-image-group/wide__1300x731,2026-09-08T15:03:17Z,,Nach der Reise von US-Vermittlern nach Kiew und Moskau zu Gesprächen über ein Ende des Ukraine-Krieges haben US-Präsident Donald Trump und der russische Präsident Wladimir Putin telefoniert. Der russ… [+1139 chars],,de,'Ukraine'
https://www.tagesschau.de/ausland/europa/pistorius-waffenhilfe-ukraine-100.html,https://www.tagesschau.de/ausland/europa/pistorius-waffenhilfe-ukraine-100.html,0,www.tagesschau.de,Pistorius verspricht mehr Waffen - Trump telefoniert mit Putin,"Verteidigungsminister Pistorius sagt der Ukraine weitere Abfangraketen zu. Während Kiews Unterstützer ihre Hilfe ausbauen, spricht Moskau nach einem Telefonat zwischen Putin und Trump von einer möglichen Wiederannäherung an die USA.",https://images.tagesschau.de/image/8dd3bd8c-e3f4-40c4-ba09-b40680037abb/AAABoIG8icw/AAABnSSvrFg/16x9-big/boris-pistorius-208.jpg?width=1280,2026-09-08T16:47:44Z,,"Stand: 08.09.2026 18:47 Uhr
Verteidigungsminister Pistorius sagt der Ukraine weitere Abfangraketen zu. Während Kiews Unterstützer ihre Hilfe ausbauen, spricht Moskau nach einem Telefonat zwischen Pu… [+3942 chars]",,de,'Putin'
https://www.zeit.de/news/2026-09/08/tote-und-verletzte-bei-russischen-angriffen,https://www.zeit.de/news/2026-09/08/tote-und-verletzte-bei-russischen-angriffen,0,www.zeit.de,Ukraine-Krieg: Tote und Verletzte bei russischen Angriffen,Hier finden Sie Informationen zu dem Thema „Ukraine-Krieg“. Lesen Sie jetzt „Tote und Verletzte bei russischen Angriffen“.,https://img.zeit.de/news/2026-09/08/tote-und-verletzte-bei-russischen-angriffen-image-group/wide__1300x731,2026-09-08T20:41:43Z,,"Bei einer Serie von russischen Angriffen sind in der Ukraine zahlreiche Menschen zu Schaden gekommen. In der Hauptstadt Kiew wurden in Folge zahlreicher Angriffe, die bereits in der Nacht begonnen ha… [+1224 chars]",,de,'Ukraine'
https://www.zeit.de/politik/ausland/2026-09/strasse-von-hormus-iran-usa-oeltanker-revolutionsgarde,https://www.zeit.de/politik/ausland/2026-09/strasse-von-hormus-iran-usa-oeltanker-revolutionsgarde,0,www.zeit.de,Straße von Hormus: USA greifen offenbar erneut iranische Tanker an,Das US-Militär hat Berichten zufolge weitere iranische Öltanker attackiert. Auf der Insel Charg sind Explosionen zu hören. Die Regierung in Teheran kündigt Vergeltung an.,https://img.zeit.de/politik/ausland/2026-09/strasse-von-hormus-iran-usa-oeltanker-revolutionsgarde-foto-1/wide__1300x731,2026-09-08T22:13:28Z,,"Das US-Militär hat Medienberichten zufolge erneut mehrere iranische Tanker angegriffen, die mit der iranischen
 Revolutionsgarde in Verbindung stehen sollen. Die Attacken seien eine 
Reaktion auf R… [+2351 chars]",,de,'Straße von Hormus'
https://www.zeit.de/gesundheit/2026-09/pflegereform-eigenanteil-pflegeheim-anke-rehlinger,https://www.zeit.de/gesundheit/2026-09/pflegereform-eigenanteil-pflegeheim-anke-rehlinger,0,www.zeit.de,Pflegereform: Anke Rehlinger will Eigenanteil bei Kosten für Pflegeheim deckeln,"»Reformen müssen das Leben von Menschen verbessern«, fordert Anke Rehlinger. Die saarländische Ministerpräsidentin will Pflegekosten auf 1.500 Euro begrenzen.",https://img.zeit.de/gesundheit/2026-09/saarlands-ministerpraesidentin-anke-rehlinger-bild/wide__1300x731,2026-09-09T01:29:28Z,,"Die saarländische Ministerpräsidentin Anke Rehlinger hat sich dafür ausgesprochen, den Eigenanteil an den Kosten für einen Platz im Pflegeheim zu deckeln. »Reformen müssen das Leben von Menschen verb… [+1782 chars]",,de,'Kosten'
https://www.zeit.de/news/2026-09/09/nordstream-wieder-anschalten-bringt-das-was,https://www.zeit.de/news/2026-09/09/nordstream-wieder-anschalten-bringt-das-was,0,www.zeit.de,Energieversorgung: Nordstream wieder anschalten: Bringt das was?,Hier finden Sie Informationen zu dem Thema „Energieversorgung“. Lesen Sie jetzt „Nordstream wieder anschalten: Bringt das was?“.,https://img.zeit.de/news/2026-09/09/nordstream-wieder-anschalten-bringt-das-was-image-group/wide__1300x731,2026-09-09T04:00:09Z,,"Mit dem Vorschlag, Nordstream wieder in Betrieb zu nehmen, versuchen vor allem AfD und das BSW in den derzeitigen Wahlkämpfen zu punkten. «Nord Stream aufdrehen» - plakatiert etwa das BSW vor der Lan… [+4883 chars]",,de,'Nordstream'
https://www.faz.net/aktuell/politik/ausland/peter-magyar-und-der-bruch-mit-wladimir-putin-in-ungarn-201206427.html,https://www.faz.net/aktuell/politik/ausland/peter-magyar-und-der-bruch-mit-wladimir-putin-in-ungarn-201206427.html,0,www.faz.net,Diplomaten ausgewiesen: Die Ungarn haben auch Putin abgewählt,Unter Viktor Orbán wurde Budapest zum Flugzeugträger russischer Geheimdienste. Seit der Wahl von Péter Magyar zum Regierungschef scheint sich auch das zu ändern.,https://media0.faz.net/image/w1200h627/676dbd4022c8/w5585h2918x559y677o/202605/43601.0.2080823216/evgeny-stanislavov-russischer.webp,2026-09-09T04:32:21Z,,"Es zählte zu den merkwürdigen Aspekten der Regierungszeit Viktor Orbáns in Ungarn, dass er ein so enges Verhältnis zum russischen Machthaber Wladimir Putin pflegte. Schließlich war Orbán einst mit de… [+1296 chars]",,de,'Putin'
https://www.zeit.de/news/2026-09/09/preis-fuer-brent-rohoel-steigt-ueber-100-dollar,https://www.zeit.de/news/2026-09/09/preis-fuer-brent-rohoel-steigt-ueber-100-dollar,0,www.zeit.de,Preise: Preis für Brent-Rohöl steigt über 100 Dollar,Hier finden Sie Informationen zu dem Thema „Preise“. Lesen Sie jetzt „Preis für Brent-Rohöl steigt über 100 Dollar“.,https://img.zeit.de/administratives/sharing/fallback-image-die-zeit/wide__1300x731,2026-09-09T07:22:08Z,,Der Preis für Rohöl der Referenzsorte Brent ist am Mittwoch über 100 Dollar je Barrel (159 Liter) gestiegen. Hintergrund sind weitere Angriffe rund um den wichtigen Öl-Transportweg durch die Straße v… [+48 chars],,de,'Rohöl'
https://www.zeit.de/news/2026-09/09/angriffe-im-nahen-osten-treiben-rohoelpreis-ueber-100-dollar,https://www.zeit.de/news/2026-09/09/angriffe-im-nahen-osten-treiben-rohoelpreis-ueber-100-dollar,0,www.zeit.de,Energie: Angriffe im Nahen Osten treiben Rohölpreis über 100 Dollar,Hier finden Sie Informationen zu dem Thema „Energie“. Lesen Sie jetzt „Angriffe im Nahen Osten treiben Rohölpreis über 100 Dollar“.,https://img.zeit.de/news/2026-09/09/angriffe-im-nahen-osten-treiben-rohoelpreis-ueber-100-dollar-image-group/wide__1300x731,2026-09-09T07:26:35Z,,"Der Preis für Rohöl der Referenzsorte Brent ist am Mittwoch wieder über 100 US-Dollar je Barrel (159 Liter) gestiegen. Hintergrund sind weitere, gegenseitige Angriffe von den USA und dem Iran rund um… [+2665 chars]",,de,'Rohöl'
https://www.faz.net/aktuell/politik/ausland/liveblog-irankrieg-oelpreis-steigt-auf-ueber-100-dollar-wegen-neuer-eskalation-zwischen-usa-und-iran-faz-200583539.html,https://www.faz.net/aktuell/politik/ausland/liveblog-irankrieg-oelpreis-steigt-auf-ueber-100-dollar-wegen-neuer-eskalation-zwischen-usa-und-iran-faz-200583539.html,0,www.faz.net,Liveblog Irankrieg: Neue Eskalation zwischen USA und Iran lässt Rohölpreis auf mehr als 100 Dollar steigen,Jordanien: Haben fast zwei Dutzend iranische Raketen abgefangen +++ Teheran: Reaktion auf US-Angriff auf fünf iranische Tanker +++ USA melden Zerstörung von fünf iranischen Tankern +++ alle Entwicklungen im Liveblog,https://media0.faz.net/image/w1200h627/b0ad7919b6f3/w6000h3135x0y433o/202609/43601.0.2528589953/die-jordanische-armee-hat-in.webp,2026-09-09T07:38:02Z,,Irans Außenministerium übt scharfe Kritik an einer möglichen Unterstützung der US-Marine durch Südkorea. Jede operative Beteiligung oder jede weitere militärische Präsenz anderer Parteien im Persisch… [+881 chars],,de,'Rohöl'
https://www.zeit.de/wirtschaft/2026-09/oelpreis-brent-strasse-von-hormus-usa-iran,https://www.zeit.de/wirtschaft/2026-09/oelpreis-brent-strasse-von-hormus-usa-iran,0,www.zeit.de,Ölpreis: Eskalation im Nahen Osten treibt Rohölpreis über hundert Dollar,Der Kampf zwischen den USA und dem Iran eskaliert erneut. In der Straße von Hormus versenken die USA fünf iranische Öltanker. Das treibt den Rohölpreis in die Höhe.,https://img.zeit.de/wirtschaft/2026-09/oelpreis-brent-strasse-von-hormus-usa-iran-foto-1/wide__1300x731,2026-09-09T07:45:44Z,,Der Preis für Rohöl der Referenzsorte Brent ist wieder über 100 US-Dollar je Barrel (159 Liter) gestiegen. Grund dafür sind die erneuten gegenseitigen Angriffe von USA und Iran in der Straße von Horm… [+632 chars],,de,'Rohöl'
https://www.welt.de/wirtschaft/article6aa10c0b639d45f0a23ced74/krieg-in-nahost-preis-fuer-rohoel-steigt-auf-mehr-als-100-dollar.html,https://www.welt.de/wirtschaft/article6aa10c0b639d45f0a23ced74/krieg-in-nahost-preis-fuer-rohoel-steigt-auf-mehr-als-100-dollar.html,0,www.welt.de,Preis für Rohöl steigt auf mehr als 100 Dollar,Die USA melden die Zerstörung von fünf iranischen Rohöltankern in der Straße von Hormus. Der Preis für Rohöl schoss deshalb in die Höhe. Das trifft auch deutsche Verbraucher.,https://images.welt.de/6aa10c0b639d45f0a23ced74/10ff1c3010b62a49023f1dcb9e710c53-master/ci16x9-w1200/dpa-com-260907-99-559753-jpg,2026-09-09T08:15:35Z,,"Der Preis für Rohöl der Referenzsorte Brent ist am Mittwoch wieder über 100 US-Dollar je Barrel (159 Liter) gestiegen. Hintergrund sind weitere, gegenseitige Angriffe von den USA und dem Iran rund um… [+1976 chars]",,de,'Rohöl'
https://www.diepresse.com/41245969/angriffe-im-nahen-osten-treiben-preise-fuer-oel-und-gas-in-die-hoehe,https://www.diepresse.com/41245969/angriffe-im-nahen-osten-treiben-preise-fuer-oel-und-gas-in-die-hoehe,0,www.diepresse.com,Angriffe im Nahen Osten treiben Preise für Öl und Gas in die Höhe,Rohöl der Referenzsorte Brent kostet wieder über 100 Dollar pro Barrel. Ein hoher Ölpreis beeinflusst auch die Preisentwicklung insgesamt.,https://img.diepresse.com/public/incoming/909zxq-2026-09-08t134501z1198003014rc2mdnapqoxprtrmadp3iran-crisis-south-koreajpg/alternates/WEBP_WIDE_1200/2026-09-08T134501Z_1198003014_RC2MDNAPQOXP_RTRMADP_3_IRAN-CRISIS-SOUTH-KOREA.JPG,2026-09-09T08:16:01Z,,"Die Presse auf Google als bevorzugte Nachrichtenquelle hinzufügen.
 Der Preis für Rohöl der Sorte Brent ist am Mittwoch wieder über 100 US-Dollar je Barrel (159 Liter) gestiegen. Grund sind weitere,… [+2549 chars]",,de,'Rohöl'
https://www.welt.de/wirtschaft/video6aa125b0240b302c8a83e830/krieg-in-nahost-preis-fuer-rohoel-steigt-auf-mehr-als-100-dollar.html,https://www.welt.de/wirtschaft/video6aa125b0240b302c8a83e830/krieg-in-nahost-preis-fuer-rohoel-steigt-auf-mehr-als-100-dollar.html,0,www.welt.de,Preis für Rohöl steigt auf mehr als 100 Dollar,Der Preis für Rohöl der Referenzsorte Brent ist am Mittwoch wieder über 100 US-Dollar je Barrel (159 Liter) gestiegen.,https://images.welt.de/6aa125b0240b302c8a83e830/baa80eafa61a1a340c7d5225bb966dd9/ci16x9-w1200/dpa-com-260907-99-559753-jpg,2026-09-09T09:33:36Z,,Die WELT als ePaper: Die vollständige Ausgabe steht Ihnen bereits am Vorabend zur Verfügung so sind Sie immer hochaktuell informiert. Weitere Informationen https://epaper.welt.de,,de,'Rohöl'
https://www.focus.de/finanzen/autofahrern-droht-noch-mehr-schmerz-da-der-oelpreis-wieder-in-richtung-100-dollar-pro-barrel-hochschiesst_3b27fa0f-f173-480c-8484-270c55dfc2db.html,https://www.focus.de/finanzen/autofahrern-droht-noch-mehr-schmerz-da-der-oelpreis-wieder-in-richtung-100-dollar-pro-barrel-hochschiesst_3b27fa0f-f173-480c-8484-270c55dfc2db.html,0,www.focus.de,"Autofahrern droht noch mehr Schmerz, da der Ölpreis wieder in Richtung 100 Dollar pro Barrel hochschießt","Benzin und Diesel bleiben teuer. Iran, China und Ukraine verschärfen den Ölmarkt – und an deutschen Tankstellen droht weiterer Preisdruck.","https://quadro.burda-forward.de/ctf/77104866-0801-498a-af0b-84bd1e939c09.1099cc38-e34b-4997-8bd9-2e287c062a06.png?im=RegionOfInterestCrop=(1200,630),regionOfInterest=(577,394)&hash=db970160ecff95f38df4e41ab811936540490f6afa9fbed7569da41fb16f088e",2026-09-09T10:54:00Z,,"Wer in diesen Tagen an die Tankstelle fährt, bekommt die Folgen der Weltpolitik unmittelbar angezeigt. Rohöl der europäischen Sorte Brent kostete am Dienstag knapp 98 Dollar je Barrel. Am Mittwoch wu… [+7040 chars]",,de,'Knappheit'
https://www.focus.de/auto/aeltere-autos-betroffen-kaeltemittel-r134a-wird-knapp_6d3aaa31-049e-4f5d-a864-e15766cad7f3.html,https://www.focus.de/auto/aeltere-autos-betroffen-kaeltemittel-r134a-wird-knapp_6d3aaa31-049e-4f5d-a864-e15766cad7f3.html,0,www.focus.de,Ältere Autos betroffen: Kältemittel R134a wird knapp,Für viele ältere Autos wird R134a zum Engpass: Wegen strenger EU-Regeln wird das Kältemittel knapper und teurer – eine Umrüstung ist oft keine einfache Lösung.,"https://quadro.burda-forward.de/ctf/abb08c61-2712-416f-9d01-ad670022920c.87375aaf-76ac-4bd7-b48c-744e3ebc639f.png?im=RegionOfInterestCrop=(1200,630),regionOfInterest=(663,481)&hash=41bc426329d5154e77406a70db912037be8aabafd5f8ab5b56094eb0ca678e94",2026-09-09T11:00:00Z,,"Viele ältere Autos nutzen in ihrer Klimaanlage noch R134a. Der ADAC warnt: Wegen neuer EU-Vorgaben wird der Stoff schrittweise vom Markt genommen. Für Betroffene kann das steigende Kosten, Versorgung… [+2727 chars]",,de,'Knappheit'
https://www.zeit.de/news/2026-09/09/bw-innenminister-muss-wegen-luftalarm-in-kiew-in-bunker,https://www.zeit.de/news/2026-09/09/bw-innenminister-muss-wegen-luftalarm-in-kiew-in-bunker,0,www.zeit.de,Reise in die Ukraine: BW-Innenminister muss wegen Luftalarm in Kiew in Bunker,Hier finden Sie Informationen zu dem Thema „Reise in die Ukraine“. Lesen Sie jetzt „BW-Innenminister muss wegen Luftalarm in Kiew in Bunker“.,https://img.zeit.de/news/2026-09/09/bw-innenminister-muss-wegen-luftalarm-in-kiew-in-bunker-image-group/wide__1300x731,2026-09-09T11:46:54Z,,Baden-Württembergs Innenminister Manuel Hagel (CDU) ist mit einer Delegation nach Kiew gereist und hat die Auswirkungen des Krieges in der ukrainischen Hauptstadt am eigenen Leib zu spüren bekommen. … [+1586 chars],,de,'Ukraine'
https://www.zeit.de/news/2026-09/09/ausbrecher-nannte-sich-spiderman-flucht-ueber-baum,https://www.zeit.de/news/2026-09/09/ausbrecher-nannte-sich-spiderman-flucht-ueber-baum,0,www.zeit.de,JVA Duisburg: Ausbrecher nannte sich «Spiderman» - Flucht über Baum,Hier finden Sie Informationen zu dem Thema „JVA Duisburg“. Lesen Sie jetzt „Ausbrecher nannte sich «Spiderman» - Flucht über Baum“.,https://img.zeit.de/news/2026-09/09/ausbrecher-nannte-sich-spiderman-flucht-ueber-baum-image-group/wide__1300x731,2026-09-09T12:37:17Z,,Nach dem spektakulären Ausbruch aus der Justizvollzugsanstalt (JVA) Duisburg werden Details bekannt: Der Häftling nannte sich laut NRW-Justizminister Benjamin Limbach (Grüne) selbst «Spiderman» und s… [+1900 chars],,de,'Flucht'
https://www.faz.net/aktuell/gesellschaft/kriminalitaet/aus-jva-duisburg-geflohen-ausbrecher-nannte-sich-spiderman-201210931.html,https://www.faz.net/aktuell/gesellschaft/kriminalitaet/aus-jva-duisburg-geflohen-ausbrecher-nannte-sich-spiderman-201210931.html,0,www.faz.net,Aus JVA geflohen: Ausbrecher nannte sich „Spiderman“,"Vergangene Woche gelang einem Häftling die Flucht aus der JVA Duisburg. Nun wurde mehr über sein waghalsiges Manöver bekannt – und den Spitznamen, den er sich selbst gab.",https://media0.faz.net/image/w1200h627/45127651e56e/w6144h3210x0y444o/202609/43601.0.2530931215/waghalsiger-sprung-der-mann.webp,2026-09-09T13:17:34Z,,Nach dem spektakulären Ausbruch aus der Justizvollzugsanstalt (JVA) Duisburg werden Details bekannt: Der Häftling nannte sich laut NRW-Justizminister Benjamin Limbach (Grüne) selbst Spiderman und spr… [+1794 chars],,de,'Flucht'
https://www.zeit.de/news/2026-09/09/mehr-straftaten-mit-waffen-im-ersten-halbjahr-erfasst,https://www.zeit.de/news/2026-09/09/mehr-straftaten-mit-waffen-im-ersten-halbjahr-erfasst,0,www.zeit.de,Kriminalität mit Waffen: Mehr Straftaten mit Waffen im ersten Halbjahr erfasst,Hier finden Sie Informationen zu dem Thema „Kriminalität mit Waffen“. Lesen Sie jetzt „Mehr Straftaten mit Waffen im ersten Halbjahr erfasst“.,https://img.zeit.de/news/2026-09/09/mehr-straftaten-mit-waffen-im-ersten-halbjahr-erfasst-image-group/wide__1300x731,2026-09-09T14:33:56Z,,"Die Polizei hat in den ersten sechs Monaten dieses Jahres insgesamt 2.098 Straftaten registriert, bei denen Stich- oder Schusswaffen eingesetzt worden sind. Dazu zählen Kapitalverbrechen ebenso wie e… [+647 chars]",,de,'Waffen'
https://www.zeit.de/news/2026-09/09/schwesig-und-holm-streiten-ueber-kosten-bei-kitabetreuung,https://www.zeit.de/news/2026-09/09/schwesig-und-holm-streiten-ueber-kosten-bei-kitabetreuung,0,www.zeit.de,TV-Duell: Schwesig und Holm streiten über Kosten bei Kitabetreuung,Hier finden Sie Informationen zu dem Thema „TV-Duell“. Lesen Sie jetzt „Schwesig und Holm streiten über Kosten bei Kitabetreuung“.,https://img.zeit.de/news/2026-09/09/schwesig-und-holm-streiten-ueber-kosten-bei-kitabetreuung-image-group/wide__1300x731,2026-09-09T16:52:10Z,,In einem TV-Duell in Schwerin hat die amtierende Ministerpräsidentin und SPD-Spitzenkandidatin Manuela Schwesig die beitragsfreie Kita verteidigt. Auf die Frage einer Bürgerin deren Video abgespielt … [+1024 chars],,de,'Sparen'
https://www.faz.net/aktuell/finanzen/oelpreis-steigt-auf-mehr-als-100-dollar-was-heisst-das-fuer-die-welt-201209490.html,https://www.faz.net/aktuell/finanzen/oelpreis-steigt-auf-mehr-als-100-dollar-was-heisst-das-fuer-die-welt-201209490.html,0,www.faz.net,Nach neuen Kampfhandlungen: Ölpreis über 100 Dollar: Was heißt das für die Welt?,"Nicht nur Rohöl, auch Benzin und Heizöl verteuern sich nach neuen kriegerischen Auseinandersetzungen im Nahen Osten. An den Tankstellen steigt der Preis für Super E10 auf ein Rekordhoch.",https://media0.faz.net/image/w1200h627/4c3ed9ab1295/w5020h2622x0y618o/202609/43601.0.2529127186/es-gibt-keine-ruhe.webp,2026-09-09T17:16:39Z,,"Der Ölpreis hat am Mittwoch die Marke von 100 Dollar je Barrel (Fass zu 159 Liter) für die Nordseesorte Brent überschritten. Zeitweise notierte der Preis auf 100,95 Dollar. Die amerikanische Ölsorte … [+4498 chars]",,de,'Rohöl'
https://www.tagesschau.de/ausland/europa/ukraine-korruptionsermittlungen-staatsanwaltschaft-100.html,https://www.tagesschau.de/ausland/europa/ukraine-korruptionsermittlungen-staatsanwaltschaft-100.html,0,www.tagesschau.de,"Ukraine: Staatsanwaltschaft an Betrug über ""Callcenter"" beteiligt?","In der Ukraine gehen die Behörden gegen Mitarbeiter der Generalstaatsanwaltschaft vor. Sie sollen an systematischem Betrug über angebliche ""Callcenter"" beteiligt gewesen sein. Der Fall ist auch für Präsident Selenskyj heikel. Von F. Kellermann.",https://images.tagesschau.de/image/1e0de475-12a6-4cff-bf9e-f8e9178bf201/AAABoIjH-p4/AAABnSSvrFg/16x9-big/kiew-538.jpg?width=1280,2026-09-10T00:37:15Z,,"Stand: 10.09.2026 02:37 Uhr
In der Ukraine gehen die Behörden gegen Mitarbeiter der Generalstaatsanwaltschaft vor. Sie sollen an systematischem Betrug über angebliche ""Callcenter"" beteiligt gewesen … [+5182 chars]",,de,'Ukraine'
https://www.zeit.de/news/2026-09/10/auto-stuerzt-nach-flucht-in-gleisbett-bahnstrecke-gesperrt,https://www.zeit.de/news/2026-09/10/auto-stuerzt-nach-flucht-in-gleisbett-bahnstrecke-gesperrt,0,www.zeit.de,Unfälle: Auto stürzt nach Flucht in Gleisbett – Bahnstrecke gesperrt,Hier finden Sie Informationen zu dem Thema „Unfälle“. Lesen Sie jetzt „Auto stürzt nach Flucht in Gleisbett – Bahnstrecke gesperrt“.,https://img.zeit.de/news/2026-09/10/auto-stuerzt-nach-flucht-in-gleisbett-bahnstrecke-gesperrt-image-group/wide__1300x731,2026-09-10T07:24:45Z,,"Bei einer Verfolgungsfahrt ist ein Auto in der Nacht in Bad Lausick (Landkreis Leipzig) mehrere Meter tief in ein Gleisbett gestürzt. Wie die Polizei mitteilte, wurden dabei drei Personen leicht verl… [+998 chars]",,de,'Flucht'
https://www.n-tv.de/politik/Ukraine-gelingt-neuer-Drohnenrekord-in-Russland-id31290334.html,https://www.n-tv.de/politik/Ukraine-gelingt-neuer-Drohnenrekord-in-Russland-id31290334.html,0,www.n-tv.de,Angriffe auf Sibirien : Ukraine gelingt neuer Drohnenrekord in Russland,"Die Ukraine stellt einen folgenschweren Rekord auf: Mit Langstreckendrohnen schlägt das ukrainische Militär in Sibirien, mehr als 3000 Kilometer von der ukrainischen Grenze entfernt, zu. Videos zeigen die Folgen des Angriffs.",https://www.n-tv.de/img/31290536/1789034516/Img_16_9/1200/image.jpg,2026-09-10T09:06:30Z,,"Die Angriffe auf Russland wurden laut dem Hersteller mit Drohnen des Typs FP-1 ausgeführt. (Foto: AP Photo/Efrem Lukatsky)
Die Ukraine stellt einen folgenschweren Rekord auf: Mit Langstreckendrohnen… [+1928 chars]",,de,'Russland'
https://www.tagesschau.de/ausland/europa/angriffe-ukraine-russland-108.html,https://www.tagesschau.de/ausland/europa/angriffe-ukraine-russland-108.html,0,www.tagesschau.de,Tote nach russischem Angriff auf Einkaufszentrum in Sumy,Russland und die Ukraine haben ihre gegenseitigen Angriffe fortgesetzt. Bei einer russischen Attacke auf ein Einkaufszentrum starben laut Behörden zwei Menschen. Die Ukraine nahm russische Infrastruktur und den Badeort Sotschi ins Visier.,https://images.tagesschau.de/image/4a52c396-448e-4ca8-8191-01dc066552cb/AAABoIptDBI/AAABnSSvrFg/16x9-big/einkaufszentrum-sumy-100.jpg?width=1280,2026-09-10T09:33:23Z,,"Stand: 10.09.2026 11:33 Uhr
Russland und die Ukraine haben ihre gegenseitigen Angriffe fortgesetzt. Bei einer russischen Attacke auf ein Einkaufszentrum starben laut Behörden zwei Menschen. Die Ukra… [+2213 chars]",,de,'Ukraine'
https://www.faz.net/aktuell/politik/ukraine/ukraine-liveticker-ukraine-weitreichendster-angriff-mit-drohnen-gegen-russland-faz-110683325.html,https://www.faz.net/aktuell/politik/ukraine/ukraine-liveticker-ukraine-weitreichendster-angriff-mit-drohnen-gegen-russland-faz-110683325.html,0,www.faz.net,Liveblog Ukrainekrieg: Ukraine: Weitreichendster Angriff mit Drohnen gegen Russland,Zwei Ziele in rund 3000 Kilometer Entfernung sollen getroffen worden sein +++ Kiew: Risiko für Selenskyj bei Drohnenvorfall „übertrieben“ +++ Ukrainische Seedrohnen treffen Sotschi +++ alle Neuigkeiten im Liveblog,https://media0.faz.net/image/w1200h627/aa072b219302/w3000h1567x0y231o/202609/43601.0.2535034606/ukrainische.webp,2026-09-10T12:28:55Z,,Ein Flugzeug mit dem ukrainischen Präsidenten Wolodymyr Selenskyj an Bord ist nach norwegischen Angaben in Moldau beinahe von einer Drohne getroffen worden. Der Vorfall habe sich beim Start der Masch… [+1547 chars],,de,'Ukraine'
https://www.welt.de/sport/fussball/internationale-ligen/article6aa29c33e63dfef5db084519/nick-woltemade-die-wahren-gruende-fuer-die-ploetzliche-flucht-zu-juve.html,https://www.welt.de/sport/fussball/internationale-ligen/article6aa29c33e63dfef5db084519/nick-woltemade-die-wahren-gruende-fuer-die-ploetzliche-flucht-zu-juve.html,0,www.welt.de,Der wahre Grund für Woltemades plötzliche Flucht,"Nationalspieler Nick Woltemade wollte eigentlich in Newcastle bleiben. Doch dann gab es Ereignisse, die den Nationalstürmer umdenken ließen. Nun ist er in Turin und findet zunächst ähnliche Probleme vor.",https://images.welt.de/6aa29c33e63dfef5db084519/17ed0ef70093116fdc89143cafdcf7d0-master/ci16x9-w1200/dpa-com-260907-99-558390-jpg,2026-09-10T13:10:29Z,,"Nationalspieler Nick Woltemade wollte eigentlich in Newcastle bleiben. Doch dann gab es Ereignisse, die den Nationalstürmer umdenken ließen. Nun ist er in Turin und findet zunächst ähnliche Probleme … [+3988 chars]",,de,'Flucht'
https://www.zeit.de/news/2026-09/10/schuesse-auf-geparkte-autos-waffen-beschlagnahmt,https://www.zeit.de/news/2026-09/10/schuesse-auf-geparkte-autos-waffen-beschlagnahmt,0,www.zeit.de,65-Jähriger im Verdacht: Schüsse auf geparkte Autos - Waffen beschlagnahmt,Hier finden Sie Informationen zu dem Thema „65-Jähriger im Verdacht“. Lesen Sie jetzt „Schüsse auf geparkte Autos - Waffen beschlagnahmt“.,https://img.zeit.de/news/2026-09/10/schuesse-auf-geparkte-autos-waffen-beschlagnahmt-image-group/wide__1300x731,2026-09-10T15:59:34Z,,"Ein Mann soll im Berliner Norden auf mehrere geparkte Autos geschossen haben. Polizeiangaben zufolge beobachtete ein Zeuge am Mittwochabend im Ortsteil Waidmannslust, wie augenscheinlich mit einer Lu… [+455 chars]",,de,'Waffen'
https://www.zeit.de/politik/deutschland/2026-09/hybride-kriegsfuehrung-cemas-russland-julia-smirnova-sabotage-landtagswahlen,https://www.zeit.de/politik/deutschland/2026-09/hybride-kriegsfuehrung-cemas-russland-julia-smirnova-sabotage-landtagswahlen,0,www.zeit.de,"Hybride Kriegsführung: »Putin hofft, die AfD könne die Bundesregierung in eine Krise stürzen«","Russland überzieht Deutschland mit hybriden Angriffen. Das Ziel: die Gesellschaft psychisch zu zermürben und die AfD zu stärken, sagt die Forscherin Julia Smirnova.",https://img.zeit.de/politik/deutschland/2026-09/hybride-kriegsfuehrung-cemas-russland-julia-smirnova-sabotage-landtagswahlen-bild-4/wide__1300x731,2026-09-10T18:19:25Z,,"Schließen
Artikelzusammenfassung
Russlands hybride Angriffe auf Deutschland zielen auf Verunsicherung und politische Wirkung. Julia Smirnova beschreibt, wie Moskau den AfD-Erfolg in Sachsen-Anhalt … [+1046 chars]",,de,'Putin'
https://www.bild.de/politik/ausland-und-internationales/der-plan-des-kreml-diktators-so-will-putin-die-ukraine-im-winter-in-die-knie-zwingen-6aa2efdc4efdd38dc3e6a88e,https://www.bild.de/politik/ausland-und-internationales/der-plan-des-kreml-diktators-so-will-putin-die-ukraine-im-winter-in-die-knie-zwingen-6aa2efdc4efdd38dc3e6a88e,0,www.bild.de,Der Plan des Kreml-Diktators - So will Putin die Ukraine in die Knie zwingen,Experte warnt: Putin hat einen Plan für die Entscheidungsschlacht diesen Winter.,"https://images.bild.de/6aa2efdc4efdd38dc3e6a88e/2d118a0dc194e86e3df2682dac5362c6,865fd980?w=1280",2026-09-10T18:33:17Z,,TTS-Player überspringenArtikel weiterlesenMoskau Die Ukraine steht vor dem härtesten Winter seit der russischen Invasion vor vier Jahren. Es könnte sogar der entscheidende Kriegswinter sein. Denn Rus… [+1969 chars],,de,'Ukraine'
https://www.zeit.de/news/2026-09/10/tote-nach-russischem-drohnenangriff-auf-pawlohrad,https://www.zeit.de/news/2026-09/10/tote-nach-russischem-drohnenangriff-auf-pawlohrad,0,www.zeit.de,Ukraine-Krieg: Tote nach russischem Drohnenangriff auf Pawlohrad,Hier finden Sie Informationen zu dem Thema „Ukraine-Krieg“. Lesen Sie jetzt „Tote nach russischem Drohnenangriff auf Pawlohrad“.,https://img.zeit.de/news/2026-09/10/tote-nach-russischem-drohnenangriff-auf-pawlohrad-image-group/wide__1300x731,2026-09-10T18:48:36Z,,Bei einem russischen Drohnenangriff sind in der südostukrainischen Stadt Pawlohrad mindestens vier Menschen getötet und mehr als 60 weitere verletzt worden. Das teilte der ukrainische Präsident Wolod… [+1150 chars],,de,'Ukraine'
https://www.zeit.de/news/2026-09/10/preis-fuer-brent-rohoel-steigt-auf-108-dollar,https://www.zeit.de/news/2026-09/10/preis-fuer-brent-rohoel-steigt-auf-108-dollar,0,www.zeit.de,Energiepreiskrise: Preis für Brent-Rohöl steigt auf 108 Dollar,Hier finden Sie Informationen zu dem Thema „Energiepreiskrise“. Lesen Sie jetzt „Preis für Brent-Rohöl steigt auf 108 Dollar“.,https://img.zeit.de/news/2026-09/10/preis-fuer-brent-rohoel-steigt-auf-108-dollar-image-group/wide__1300x731,2026-09-10T21:10:57Z,,Der Preis für ein Fass (159 Liter) der Nordsee-Ölsorte Brent hat am Donnerstag 108 US-Dollar erreicht und damit den höchsten Stand seit Mai. Erst am Vortag wurde die Marke von 100 Dollar überschritte… [+1053 chars],,de,'Rohöl'
https://www.zeit.de/wirtschaft/2026-09/oelpreis-brent-nordsee-strasse-von-hormus-usa-iran,https://www.zeit.de/wirtschaft/2026-09/oelpreis-brent-nordsee-strasse-von-hormus-usa-iran,0,www.zeit.de,Treibstoffpreise: Ölpreis erreicht höchsten Stand seit Mai,Wegen erneuter Angriffe in der Straße von Hormus ist der Preis von Rohöl wieder gestiegen. In den USA kostet Diesel erstmals mehr als sechs ​Dollar pro Gallone.,https://img.zeit.de/wirtschaft/2026-09/oelpreis-brent-nordsee-strasse-von-hormus-usa-iran-foto-1/wide__1300x731,2026-09-11T00:43:46Z,,Der Ölpreis ist erneut angestiegen und hat den höchsten Stand seit Mai erreicht. Ein Fass der Nordseesorte Brent kostete am Donnerstag 108 US-Dollar (etwa 93 Euro). Hintergrund der hohen Öl- und Trei… [+1868 chars],,de,'Rohöl'
https://www.zeit.de/news/2026-09/11/ukraine-und-baden-wuerttemberg-wollen-polizei-vernetzen,https://www.zeit.de/news/2026-09/11/ukraine-und-baden-wuerttemberg-wollen-polizei-vernetzen,0,www.zeit.de,"Drohnen, Spionage und Co.: Ukraine und Baden-Württemberg wollen Polizei vernetzen","Hier finden Sie Informationen zu dem Thema „Drohnen, Spionage und Co.“. Lesen Sie jetzt „Ukraine und Baden-Württemberg wollen Polizei vernetzen“.",https://img.zeit.de/news/2026-09/11/ukraine-und-baden-wuerttemberg-wollen-polizei-vernetzen-image-group/wide__1300x731,2026-09-11T02:00:22Z,,Baden-württembergische Polizeibeamte sollen künftig von den Erfahrungen ihrer ukrainischen Kollegen etwa im Umgang mit Drohnen lernen. Eine entsprechende Absichtserklärung mit dem ukrainischen Innenm… [+2163 chars],,de,'Ukraine'
https://www.zeit.de/politik/deutschland/2026-09/polen-grenze-ukraine-donald-tusk-russland-gxe,https://www.zeit.de/politik/deutschland/2026-09/polen-grenze-ukraine-donald-tusk-russland-gxe,0,www.zeit.de,Bedrohung durch Russland: Polen meldet Abwehr von Bedrohung an Grenzübergang zur Ukraine,"Donald Tusk hat erneut vor russischen Provokationen an der Nato-Ostgrenze gewarnt. Dabei geht er auf Geheimdienstinformationen der USA ein, die mit ihm geteilt wurden.",https://img.zeit.de/politik/deutschland/2026-09/polen-grenze-ukraine-donald-tusk-russland-foto-1/wide__1300x731,2026-09-11T05:17:23Z,,"Polen hat nach Angaben von Ministerpräsident Donald Tusk eine Bedrohung
an einem der Grenzübergänge in die Ukraine abgewendet. Das sagte Tusk bei einer
Pressekonferenz auf einem Besuch in Bratislav… [+1916 chars]",,de,'Ukraine'
https://www.tagesschau.de/wirtschaft/finanzen/marktberichte/marktbericht-dax-dow-ezb-anleiherenditen-100.html,https://www.tagesschau.de/wirtschaft/finanzen/marktberichte/marktbericht-dax-dow-ezb-anleiherenditen-100.html,0,www.tagesschau.de,Marktbericht: EZB-Zinserhöhung vergrault die Anleger,"Die Ölpreise steigen, Leitzinsen, Anleiherenditen und Inflation ebenfalls. Die Zeiten für die Anleger am Aktienmarkt sind derzeit schwierig - der DAX dürfte weiter zurückfallen und sein Wochenminus ausbauen.",https://images.tagesschau.de/image/5c52df02-e6ba-4229-a355-64a0f5be2ce1/AAABnLJUK0w/AAABnSSvrFg/16x9-big/boerse-492.jpg?width=1280,2026-09-11T05:37:44Z,,"Stand: 11.09.2026 07:37 Uhr
Die Ölpreise steigen, Leitzinsen, Anleiherenditen und Inflation ebenfalls. Die Zeiten für die Anleger am Aktienmarkt sind derzeit schwierig - der DAX dürfte weiter zurück… [+3391 chars]",,de,'Inflation'
https://www.golem.de/sonstiges/zustimmung/auswahl.html?from=https://www.golem.de/news/ki-sicherheit-anthropic-sperrt-wissenschaftler-wegen-biowaffen-forschung-2609-212899.html&referer=https://t.co/44220739eb,https://www.golem.de/sonstiges/zustimmung/auswahl.html?from=https://www.golem.de/news/ki-sicherheit-anthropic-sperrt-wissenschaftler-wegen-biowaffen-forschung-2609-212899.html&referer=https://t.co/44220739eb,0,www.golem.de,KI-Sicherheit: Anthropic sperrt Wissenschaftler wegen Biowaffen-Forschung,"Anthropic blockiert Konten von Forschern, die KI-Modelle wie Claude zur Entwicklung von biologischen Waffen nutzen wollten. (Anthropic, KI)",,2026-09-11T06:53:01Z,,"Besuchen Sie Golem.de wie gewohnt mit Werbung und Tracking,
 indem Sie der Nutzung aller Cookies zustimmen.
 Details zum Tracking finden Sie im Privacy Center.
Skript wurde nicht geladen. Informat… [+607 chars]",,de,'Waffen'
https://www.zeit.de/news/2026-09/11/bund-gab-50-milliarden-euro-fuer-folgen-der-energiekrise-aus,https://www.zeit.de/news/2026-09/11/bund-gab-50-milliarden-euro-fuer-folgen-der-energiekrise-aus,0,www.zeit.de,Folgen des Ukraine-Kriegs: Bund gab 50 Milliarden Euro für Folgen der Energiekrise aus,Hier finden Sie Informationen zu dem Thema „Folgen des Ukraine-Kriegs“. Lesen Sie jetzt „Bund gab 50 Milliarden Euro für Folgen der Energiekrise aus“.,https://img.zeit.de/news/2026-09/11/bund-gab-50-milliarden-euro-fuer-folgen-der-energiekrise-aus-image-group/wide__1300x731,2026-09-11T07:41:20Z,,"Die Bundesregierung hat rund 50,4 Milliarden Euro ausgegeben, um Verbraucher in der Energiekrise zu entlasten und die Märkte zu stabilisieren. Das geht aus einer Antwort des Bundesfinanzministeriums … [+1637 chars]",,de,'Ukraine'
https://www.focus.de/politik/ausland/der-treibstoffmangel-durch-ukrainische-drohnenangriffe-zwingt-russland-dazu-oel-aus-suedkorea-aegypten-und-indien-zu-importieren_951ce1a9-a77f-4493-992e-bbe437a9c6d7.html,https://www.focus.de/politik/ausland/der-treibstoffmangel-durch-ukrainische-drohnenangriffe-zwingt-russland-dazu-oel-aus-suedkorea-aegypten-und-indien-zu-importieren_951ce1a9-a77f-4493-992e-bbe437a9c6d7.html,0,www.focus.de,"Der Treibstoffmangel durch ukrainische Drohnenangriffe zwingt Russland dazu, Öl aus Südkorea, Ägypten und Indien zu importieren",Ukrainische Drohnenangriffe setzen Russlands Raffinerien unter Druck. Im August musste Moskau so viel Treibstoff importieren wie nie zuvor.,"https://quadro.burda-forward.de/ctf/1131e8f3-7927-4b91-93c2-2ffc0ce477f3.16b0f154-9425-478a-b645-8ddd587641db.jpg?im=RegionOfInterestCrop=(1200,630),regionOfInterest=(1761,1296)&hash=c42ca49eb0c229d15c416c10fe4f2a855c9d61e2a079827a32d909eb6bde10cf",2026-09-11T08:59:00Z,,Russland gerät durch ukrainische Drohnenangriffe auf seine Energieinfrastruktur zunehmend unter Druck. Im August importierte das Land 172.000 Tonnen Ölprodukte. Das war mehr als siebenmal so viel wie… [+2461 chars],,de,'Rohöl'
https://www.focus.de/politik/ausland/drohnenangriff-erschuettert-saratow-feuer-in-raffinerie-und-ozon-lager_976009d4-1af5-4ca3-9ed7-7a7021684d27.html,https://www.focus.de/politik/ausland/drohnenangriff-erschuettert-saratow-feuer-in-raffinerie-und-ozon-lager_976009d4-1af5-4ca3-9ed7-7a7021684d27.html,0,www.focus.de,Drohnenangriff erschüttert Saratow: Feuer in Raffinerie und Ozon-Lager,Die Ukraine soll in Saratow eine Ölraffinerie und ein Ozon-Lager angegriffen haben. Auch aus Wolgograd und Tula werden Tote und Verletzte gemeldet.,"https://quadro.burda-forward.de/ctf/2d3a69de-6064-4504-8b60-133e9f3bb937.3f054a20-65da-4b80-833f-d3868b261ee6.jpg?im=RegionOfInterestCrop=(1200,630),regionOfInterest=(424,337)&hash=9adbaefdeac8de88d34443f976a72886ffc94ed7aab50f5ed2ac08a8f132ca71",2026-09-11T09:12:00Z,,Ukrainische Drohnen haben in der Nacht zum 11. September offenbar mehrere Ziele in Russland angegriffen. In Saratow wurden eine Ölraffinerie und ein Logistikzentrum des Onlinehändlers Ozon getroffen.… [+2842 chars],,de,'Rohöl'
https://www.zeit.de/wissenschaft/umwelt/2026-09/oelteppich-strasse-von-hormus-tanker-mt-riesco-iran-greenpeace,https://www.zeit.de/wissenschaft/umwelt/2026-09/oelteppich-strasse-von-hormus-tanker-mt-riesco-iran-greenpeace,0,www.zeit.de,Iran-Krieg: Ölteppich breitet sich in der Straße von Hormus aus,"Greenpeace hat eine erhebliche Ölverschmutzung in der Straße von Hormus gemeldet. Das Öl könnte von einem iranischen Tanker stammen, der von den USA angegriffen wurde.",https://img.zeit.de/wissenschaft/umwelt/2026-09/oelteppich-strasse-von-hormus-tanker-mt-riesco-iran-greenpeace-foto-1/wide__1300x731,2026-09-11T09:33:18Z,,"In der Straße Hormus breitet sich nach Angaben der Umweltschutzorganisation Greenpeace ein Ölteppich aus. Die Verschmutzung befindet sich auf der östlichen Seite der Meeresenge, teilte die Organisati… [+1465 chars]",,de,'Rohöl'
https://www.zeit.de/news/2026-09/11/falschgeld-drogen-waffen-mutmassliche-mafiosi-festgenommen,https://www.zeit.de/news/2026-09/11/falschgeld-drogen-waffen-mutmassliche-mafiosi-festgenommen,0,www.zeit.de,"Organisierte Kriminalität: Falschgeld, Drogen, Waffen: Mutmaßliche Mafiosi festgenommen","Hier finden Sie Informationen zu dem Thema „Organisierte Kriminalität“. Lesen Sie jetzt „Falschgeld, Drogen, Waffen: Mutmaßliche Mafiosi festgenommen“.",https://img.zeit.de/news/2026-09/11/falschgeld-drogen-waffen-mutmassliche-mafiosi-festgenommen-image-group/wide__1300x731,2026-09-11T09:55:13Z,,"Polizisten aus Baden-Württemberg, Italien, Spanien und der Schweiz haben nach jahrelangen Ermittlungen mehrere mutmaßliche Mitglieder der italienischen Mafia festgenommen. Die sechs Männer wurden der… [+1755 chars]",,de,'Waffen'
https://www.sueddeutsche.de/bayern/bayern-trockenheit-hitze-almwirtschaft-li.3545991,https://www.sueddeutsche.de/bayern/bayern-trockenheit-hitze-almwirtschaft-li.3545991,0,www.sueddeutsche.de,Extremes Hitzejahr: Wassermangel prägte auch den Sommer in den Alpen,"Kaum Schnee, kaum Regen, leere Brunnen und spärlicher Bewuchs: Die Bauern am Alpenrand mussten ihre Tiere mit viel Mühe durch die Sommermonate bringen. Am Klimawandel zweifeln sie nicht.",https://www.sueddeutsche.de/2026/09/11/ffa39612-ff58-421e-843b-d1825f3dfe10.jpg?q=60&fm=webp&width=1200&rect=0%2C89%2C4000%2C2250,2026-09-11T10:48:16Z,,"Im Allgäu finden in den kommenden Wochen die traditionellen Viehscheide statt. Am Freitag starteten die volksfestähnlichen Veranstaltungen, bei denen die Rinder oft prachtvoll geschmückt ins Tal gefü… [+2341 chars]",,de,'Schnee'
https://www.zeit.de/news/2026-09/11/dfb-gibt-kosten-fuer-polizeieinsaetze-an-vereine-weiter,https://www.zeit.de/news/2026-09/11/dfb-gibt-kosten-fuer-polizeieinsaetze-an-vereine-weiter,0,www.zeit.de,Fußball: DFB gibt Kosten für Polizeieinsätze an Vereine weiter,Hier finden Sie Informationen zu dem Thema „Fußball“. Lesen Sie jetzt „DFB gibt Kosten für Polizeieinsätze an Vereine weiter“.,https://img.zeit.de/news/2026-09/11/dfb-gibt-kosten-fuer-polizeieinsaetze-an-vereine-weiter-image-group/wide__1300x731,2026-09-11T10:48:30Z,,Der Deutsche Fußball-Bund wird künftig nicht für mögliche Kosten für Polizeieinsätze bei Hochrisikospielen aufkommen. Sollte der Verband mittels eines Gebührenbescheides für entstandene Mehrkosten de… [+1137 chars],,de,'Kosten'
https://taz.de/Tagebuch-aus-Armenien/!6207623/,https://taz.de/Tagebuch-aus-Armenien/!6207623/,0,taz.de,Tagebuch aus Armenien: Nach der Flucht kommt das große Spiel,"In Armenien haben sich Migranten aus Russland zusammengetan, um der Gesellschaft zu helfen. Sie kümmern sich um den Spielplatzbau.",https://taz.de/picture/8698007/1200/imago198554966.jpeg,2026-09-11T11:03:00Z,,"In Armenien haben sich Migranten aus Russland zusammengetan, um der Gesellschaft zu helfen. Sie kümmern sich um den Spielplatzbau. mehr...",,de,'Russland'
https://www.tagesspiegel.de/gesellschaft/panorama/flucht-endete-an-metallpoller-betrunkener-autofahrer-fahrt-mit-drei-reifen-durch-mainz-16042038.html,https://www.tagesspiegel.de/gesellschaft/panorama/flucht-endete-an-metallpoller-betrunkener-autofahrer-fahrt-mit-drei-reifen-durch-mainz-16042038.html,0,www.tagesspiegel.de,Flucht endete an Metallpoller: Betrunkener Autofahrer fährt mit drei Reifen durch Mainz,Streifenpolizisten hörten laute Schleifgeräusche: Das Auto des Mannes hatte keinen linken Vorderreifen mehr. Und noch etwas fehlte dem Fahrer.,https://www.tagesspiegel.de/images/16042118/alternates/BASE_16_9_W1400/1789125259000/polizei.jpeg,2026-09-11T11:22:13Z,,"In Mainz ist ein betrunkener Autofahrer mit nur drei Reifen durch die Stadt gefahren. Eine Streife wurde durch laute Schleifgeräusche auf das Fahrzeug aufmerksam, wie die Polizei am Freitag in der rh… [+921 chars]",,de,'Flucht'
https://www.dw.com/de/stra%C3%9Fe-von-hormus-golf-von-oman-iran-krieg-us-milit%C3%A4r-greenpeace-copernicus-riesco-ramsar-konvention/a-79230769,https://www.dw.com/de/stra%C3%9Fe-von-hormus-golf-von-oman-iran-krieg-us-milit%C3%A4r-greenpeace-copernicus-riesco-ramsar-konvention/a-79230769,0,www.dw.com,Umweltschützer waren vor Ölpest an Straße von Hormus,Der USA-Iran-Krieg könnte dramatische Folgen für die Umwelt haben. Ein Ölteppich breitet sich in der Straße von Hormus aus. Greenpeace und andere Umweltschutzorganisationen schlagen Alarm.,https://static.dw.com/image/79230404_6.jpg,2026-09-11T12:24:00Z,,"Auf Satellitenbildern ist ein riesiger Ölteppich in der Straße von Hormus zu erkennen, der rasch größer wird. Die Verschmutzung könnte von einem Tanker stammen, den die USA kürzlich angegriffen haben… [+3358 chars]",,de,'Straße von Hormus'
https://www.focus.de/politik/ausland/reichweite-von-800-kilometern-russland-plant-offenbar-bis-ende-des-jahres-den-letzten-test-einer-voellig-neuen-ballistischen-rakete-durchzufuehren_5ad9525a-73ce-450f-b0a9-ec13a2053f42.html,https://www.focus.de/politik/ausland/reichweite-von-800-kilometern-russland-plant-offenbar-bis-ende-des-jahres-den-letzten-test-einer-voellig-neuen-ballistischen-rakete-durchzufuehren_5ad9525a-73ce-450f-b0a9-ec13a2053f42.html,0,www.focus.de,"Reichweite von 800 Kilometern: Russland plant offenbar, bis Ende des Jahres den letzten Test einer völlig neuen ballistischen Rakete durchzuführen","Russland will bis Ende des Jahres eine neue ballistische Rakete mit bis zu 800 Kilometern Reichweite erproben, warnt der ukrainische Militärgeheimdien","https://quadro.burda-forward.de/ctf/88a766b2-2d63-469d-acdc-2219fc05e938.47513fd3-f5b6-4476-93af-bbb82e31c182.jpg?im=RegionOfInterestCrop=(1200,630),regionOfInterest=(797,366)&hash=5be734a998db171e3fd570f4014a0d8bafd2477cf9c5b3b6d542d3c5be50b9a9",2026-09-11T13:03:00Z,,"Russland will noch in diesem Jahr eine neue ballistische Rakete mit einer Reichweite von bis zu 800 Kilometern testen. Davor warnt der ukrainische Militärgeheimdienst HUR auf Telegram. 
Die Erprobun… [+2491 chars]",,de,'Russland'
https://www.focus.de/politik/deutschland/energiekrise-nach-russlands-angriff-auf-die-ukraine-staatliche-hilfen-kosteten-den-bund-ueber-50-milliarden-euro_a6c7cea4-40de-454b-a6b6-21dcff9f3057.html,https://www.focus.de/politik/deutschland/energiekrise-nach-russlands-angriff-auf-die-ukraine-staatliche-hilfen-kosteten-den-bund-ueber-50-milliarden-euro_a6c7cea4-40de-454b-a6b6-21dcff9f3057.html,0,www.focus.de,Energiekrise nach Russlands Angriff auf die Ukraine: Staatliche Hilfen kosteten den Bund über 50 Milliarden Euro,"Strom- und Gaspreisbremse, Soforthilfen und Energiepauschalen summierten sich auf rund 50,4 Milliarden Euro. Allein die Strompreisbremse kostete 16,3 Milliarden Euro.","https://quadro.burda-forward.de/ctf/1b199921-8043-4904-88fc-bf20a4c60fb0.241da7c7-6897-4dfd-a515-ca9dbd9677af.jpeg?im=RegionOfInterestCrop=(1200,630),regionOfInterest=(1024,660)&hash=8ceb099b6e026c38e976034f110f9d4db7fb93b2f920af4df12e7ef25edb0381",2026-09-11T13:05:00Z,,"Die staatlichen Unterstützungsmaßnahmen in der Energiekrise nach dem russischen Angriff auf die Ukraine im Februar 2022 haben die Bundesregierung rund 50,4 Milliarden Euro gekostet.
Das geht aus ein… [+4216 chars]",,de,'Ukraine'
https://www.focus.de/politik/ausland/eu-verteidigungskommissar-kubilius-will-bis-zu-10-millionen-fpv-drohnen-130-000-jet-drohnen-und-1700-ballistische-raketen-pro-jahr-produzieren-lassen_3fb81be3-273a-4afe-9772-2dbd2866cb63.html,https://www.focus.de/politik/ausland/eu-verteidigungskommissar-kubilius-will-bis-zu-10-millionen-fpv-drohnen-130-000-jet-drohnen-und-1700-ballistische-raketen-pro-jahr-produzieren-lassen_3fb81be3-273a-4afe-9772-2dbd2866cb63.html,0,www.focus.de,"EU-Verteidigungskommissar Kubilius will bis zu 10 Millionen FPV-Drohnen, 130.000 Jet-Drohnen und 1700 ballistische Raketen pro Jahr produzieren lassen","Die EU will ihre Rüstungsproduktion deutlich ausbauen. Verteidigungskommissar Andrius Kubilius fordert bis zu zehn Millionen FPV-Drohnen jährlich und kündigt 6,1 Milliarden Euro für die Ukraine an.","https://quadro.burda-forward.de/ctf/29e2fa64-b4d9-4255-92bc-383ec979a6ba.fc9d1bb6-b242-4677-bd3c-6524617d1680.jpeg?im=RegionOfInterestCrop=(1200,630),regionOfInterest=(1024,707)&hash=2519a1113ba987f203d9d42e9c1c43cc9dddad5166d8e3bfd35b6b87d693e32d",2026-09-11T13:18:00Z,,EU-Verteidigungskommissar Andrius Kubilius wirbt für einen massiven Ausbau der europäischen Fähigkeiten zur Produktion von Drohnen und ballistischen Raketen. Die Industrie in der EU produziere derzei… [+2373 chars],,de,'Ukraine'
https://www.sueddeutsche.de/politik/ukraine-krieg-tote-nach-gegenseitigen-luftangriffen-li.3546113,https://www.sueddeutsche.de/politik/ukraine-krieg-tote-nach-gegenseitigen-luftangriffen-li.3546113,0,www.sueddeutsche.de,Ukraine-Krieg: Tote nach gegenseitigen Luftangriffen,,https://www.sueddeutsche.de/szde-assets/img/szde-article-sharing-image-no-teaser-image-fallback.png,2026-09-11T13:57:42Z,,Bei gegenseitigen Luftangriffen sind in der Ukraine und in Russland in der Nacht auf Freitag und am Freitag mehrere Menschen getötet worden. In der ukrainischen Hauptstadt Kiew starben zwei Menschen … [+1898 chars],,de,'Ukraine'
https://www.faz.net/aktuell/politik/ukraine/mehrere-tote-nach-angriff-auf-ukrainisches-einkaufszentrum-201217376.html,https://www.faz.net/aktuell/politik/ukraine/mehrere-tote-nach-angriff-auf-ukrainisches-einkaufszentrum-201217376.html,0,www.faz.net,Attacke Russlands: Mehrere Tote nach Angriff auf ukrainisches Einkaufszentrum,Russland greift vermehrt Tankstellen und Einkaufszentren in der Ukraine an. Das Ziel: Das Land durch Terror zum Aufgeben zu zwingen.,https://media0.faz.net/image/w1200h627/a823c7e7a79e/w1960h1024x0y135o/202609/43601.0.2536249235/eine-von-der-ukrainischen.webp,2026-09-11T15:09:05Z,,"Russland hat am Freitag abermals Tankstellen in der ukrainischen Hauptstadt Kiew angegriffen. Dabei seien zwei Menschen getötet und acht weitere verletzt worden, teilten die Behörden mit. Der Drohnen… [+2284 chars]",,de,'Russland'
https://www.zeit.de/politik/deutschland/2026-09/sebastian-koch-afd-waffenfund-halle-rechtsextremismus,https://www.zeit.de/politik/deutschland/2026-09/sebastian-koch-afd-waffenfund-halle-rechtsextremismus,0,www.zeit.de,Rechtsextremismus: Ermittlungen gegen AfD-Abgeordneten Sebastian Koch wegen Waffenfundes,Beim AfD-Abgeordneten Sebastian Koch sind bei Durchsuchungen Waffen gefunden worden. Die Staatsanwaltschaft Halle ermittelt wegen Verstoßes gegen das Waffengesetz.,https://img.zeit.de/politik/deutschland/2026-09/sebastian-koch-afd-waffenfund-halle-rechtsextremismus-foto-1/wide__1300x731,2026-09-11T15:15:17Z,,Die Staatsanwaltschaft Halle ermittelt gegen den Landtagsabgeordneten Sebastian Koch (AfD) nun auch wegen des Verdachts eines Verstoßes gegen das Waffengesetz. Bei einer Durchsuchung Ende August im Z… [+1093 chars],,de,'Waffen'
https://www.derstandard.at/story/3000000339376/kontroverse-um-veroeffentlichtes-und-zensuriertes-mengele-dossier,https://www.derstandard.at/story/3000000339376/kontroverse-um-veroeffentlichtes-und-zensuriertes-mengele-dossier,0,www.derstandard.at,"Kontroverse um veröffentlichtes und ""zensuriertes"" Mengele-Dossier",Der Nazi-Kriegsverbrecher Josef Mengele besuchte auf Flucht auch die Schweiz. Ein Historiker erzwang die Veröffentlichung von Akten. Nun spricht er aufgrund von Schwärzungen von Zensur,https://i.ds.at/985XAw/rs:fill:1200:600/plain/lido-images/2026/09/11/7abaee8a-d05c-437a-91e3-272d84b6d436.jpg,2026-09-11T16:00:00Z,,"Sie entscheiden darüber, wie Sie unsere Inhalte nutzen wollen. Ihr Gerät erlaubt uns derzeit leider nicht, die entsprechenden Optionen anzuzeigen.
Bitte deaktivieren Sie sämtliche Hard- und Software… [+180 chars]",,de,'Flucht'
https://www.bild.de/politik/ausland-und-internationales/ukraine-bei-lyman-gegenoffensive-draengt-russland-im-donbass-zurueck-6aa41eac181cb962d488c2e1,https://www.bild.de/politik/ausland-und-internationales/ukraine-bei-lyman-gegenoffensive-draengt-russland-im-donbass-zurueck-6aa41eac181cb962d488c2e1,0,www.bild.de,Heimliche Gegenoffensive - Ukraine drängt Russen bei Lyman zurück,Die Ukraine hat bei Lyman offenbar 150 bis über 200 Quadratkilometer zurückerobert. Die monatelang geheime Offensive setzt Russland unter Druck und blamiert Putin.,"https://images.bild.de/6aa41eac181cb962d488c2e1/78f62208947e77d7cbcde240f4906345,748d7fe3?w=1280",2026-09-11T16:15:13Z,,TTS-Player überspringenArtikel weiterlesenLyman (Ukraine) Die Ukraine hat offenbar eine der erfolgreichsten Gegenoffensiven des Jahres 2026 durchgeführt. Über mehrere Monate hinweg gelang es Einheite… [+2584 chars],,de,'Putin'
https://www.zeit.de/politik/ausland/2026-09/afd-russland-ukraine-krieg-unterstuetzung,https://www.zeit.de/politik/ausland/2026-09/afd-russland-ukraine-krieg-unterstuetzung,0,www.zeit.de,"AfD und Russland : Stellt euch vor, die Front bricht","Lieber heute als morgen würden AfD und BSW die Militärhilfen für die Ukraine stoppen. Die unvermeidliche Folge: eine gewaltige Fluchtbewegung, auch nach Deutschland.",https://img.zeit.de/politik/ausland/2026-09/afd-russland-ukraine-krieg-unterstuetzung-bild-bild-01/wide__1300x731,2026-09-11T17:01:27Z,,"Schließen
Artikelzusammenfassung
Die entscheidende Frage lautet: Hält die Front? Der Autor schildert Eindrücke seiner Reise durch die Ukraine und berichtet von Menschen in Charkiw, Sumy und anderen… [+981 chars]",,de,'Russland'
https://orf.at/stories/3441921/,https://orf.at/stories/3441921/,0,orf.at,Ukraine: Ermittlungen wegen Erschießung Gefangener,,https://orf.at/mojo/1_4_1/storyserver//news/common/images/og-fallback-news.png,2026-09-11T17:53:37Z,,"Die Justiz der Ukraine ermittelt wegen der mutmaßlichen Tötung zweier ukrainischer Kriegsgefangener durch russische Soldaten.
Der Fall solle sich Anfang September an der Front bei der ostukrainische… [+819 chars]",,de,'Ukraine'
https://www.dw.com/de/afd-setzt-deutschlands-ukraine-hilfe-unter-druck/a-79226316,https://www.dw.com/de/afd-setzt-deutschlands-ukraine-hilfe-unter-druck/a-79226316,0,www.dw.com,AfD setzt Deutschlands Ukraine-Hilfe unter Druck,"Die in Teilen rechtsextreme AfD fordert nach ihrem Wahlsieg in Sachsen-Anhalt eine Wende in der Ukraine- und Russlandpolitik. Die Bundesregierung hält Kurs, doch der Rückhalt schwindet vor allem im Osten Deutschlands.",https://static.dw.com/image/79196578_6.jpg,2026-09-11T18:43:00Z,,"Bundeskanzler Friedrich Merz hält an den Hilfen für die Ukraine gegen den russischen Angriffskrieg fest. ""Wir unterstützen die Ukraine und wir werden sie weiter unterstützen, weil sie auch unsere Fre… [+7711 chars]",,de,'Russland'
https://www.zeit.de/news/2026-09/11/zwoelf-tote-bei-autounfall-in-russland,https://www.zeit.de/news/2026-09/11/zwoelf-tote-bei-autounfall-in-russland,0,www.zeit.de,Region Archangelsk: Zwölf Tote bei Autounfall in Russland,Hier finden Sie Informationen zu dem Thema „Region Archangelsk“. Lesen Sie jetzt „Zwölf Tote bei Autounfall in Russland“.,https://img.zeit.de/news/2026-09/11/zwoelf-tote-bei-autounfall-in-russland-image-group/wide__1300x731,2026-09-11T19:22:04Z,,"In der nordwestrussischen Region Archangelsk sind bei einem Autounfall mindestens zwölf Menschen ums Leben gekommen. Acht weitere seien verletzt worden, meldete die staatliche russische Nachrichtenag… [+370 chars]",,de,'Russland'
https://www.n-tv.de/politik/21-13-Britische-Schaetzung-500-000-russische-Soldaten-getoetet-id31297927.html,https://www.n-tv.de/politik/21-13-Britische-Schaetzung-500-000-russische-Soldaten-getoetet-id31297927.html,0,www.n-tv.de,Ukraine-Krieg im Liveticker: +++ 21:13 Britische Schätzung: 500.000 russische Soldaten getötet +++,"Berlin, Washington, Brüssel - überall. ntv berichtet von allen wichtigen Schauplätzen der Innen- und Außenpolitik.",https://www.n-tv.de/img/2339153/1721988811/Img_16_9/1200/image.jpg,2026-09-11T20:00:00Z,,"Eine britische Militärgeheimdienst-Einschätzung geht davon aus, dass ungefähr eine halbe Million russische Soldaten seit Beginn der großangelegten Invasion der Ukraine im Februar 2022 getötet wurden.… [+27687 chars]",,de,'Ukraine'
https://www.bild.de/politik/ausland-und-internationales/oekosysteme-bedroht-riesiger-oelteppich-im-persischen-golf-nach-us-angriff-6aa45a4d181cb962d488c621,https://www.bild.de/politik/ausland-und-internationales/oekosysteme-bedroht-riesiger-oelteppich-im-persischen-golf-nach-us-angriff-6aa45a4d181cb962d488c621,0,www.bild.de,Wertvolle Ökosysteme bedroht - Ölteppich im Persischen Golf nach US-Angriff,Nahe der iranischen Küste treibt ein riesiger Ölteppich. Die Verschmutzung könnte vom Rohöltanker „Riesco“ stammen.,"https://images.bild.de/6aa45a4d181cb962d488c621/614fedc6a8e14d07547c055d1072b3d9,124653e2?w=1280",2026-09-11T20:17:37Z,,"TTS-Player überspringenArtikel weiterlesenBerlin Nahe der iranischen Küste treibt ein riesiger Ölteppich. Die Verschmutzung könnte vom Rohöltanker Riesco stammen einem 240 Meter langen Schiff, das di… [+2286 chars]",,de,'Rohöl'
https://www.welt.de/wirtschaft/plus6aa3fdad0f417ae59102ec9a/theo-mueller-wahl-in-sachsen-anhalt-ein-gluecksfall-ich-habe-alice-sofort-gratuliert.html,https://www.welt.de/wirtschaft/plus6aa3fdad0f417ae59102ec9a/theo-mueller-wahl-in-sachsen-anhalt-ein-gluecksfall-ich-habe-alice-sofort-gratuliert.html,0,www.welt.de,"Trauen Sie Ihrer Freundin Alice Weidel das Kanzleramt zu, Theo Müller? – „Logisch“",Der erfolgreiche Unternehmer Theo Müller hält das Wahlergebnis von Sachsen-Anhalt für einen „Glücksfall“. Die Union müsse jetzt mit der AfD zusammen das Land sanieren. Aus dem Ukraine-Krieg solle sich Deutschland heraushalten.,https://images.welt.de/6aa3fdad0f417ae59102ec9a/9b200a9cd05aa92a0367fd1689fc3d54-master/ci16x9-w1200/theo-muller-018-jpg,2026-09-11T23:01:08Z,,Die WELT als ePaper: Die vollständige Ausgabe steht Ihnen bereits am Vorabend zur Verfügung so sind Sie immer hochaktuell informiert. Weitere Informationen https://epaper.welt.de,,de,'Ukraine'
https://www.faz.net/aktuell/politik/ukraine/ukraine-liveticker-putin-europaeischen-soldaten-in-ukraine-wuerden-krieg-gegen-russland-bedeuten-faz-110683325.html,https://www.faz.net/aktuell/politik/ukraine/ukraine-liveticker-putin-europaeischen-soldaten-in-ukraine-wuerden-krieg-gegen-russland-bedeuten-faz-110683325.html,0,www.faz.net,Liveblog Ukrainekrieg: Putin warnt vor europäischen Soldaten in Ukraine: Würde „Krieg gegen Russland“ bedeuten,Russischer Angriff auf Einkaufszentrum: Kiew meldet mindestens sieben Tote in der Stadt Pawlohrad +++ Selenskyj: Treffen mit Trump Ende September in New York +++ Ukraine und Kanada bauen Kooperation bei Drohnen aus +++  alle Neuigkeiten im Liveblog,https://media0.faz.net/image/w1200h627/aa4f671cce1b/w5369h2805x0y107o/202609/43601.0.2541994322/der-russische-praesident.webp,2026-09-11T23:29:16Z,,"Russland rekrutiert nach Angaben von Amnesty International mit Täuschung, Zwang und Ausbeutung Menschen aus dem Ausland für seine Streitkräfte und schickt sie in den Krieg gegen die Ukraine. In viele… [+1148 chars]",,de,'Ukraine'
https://www.welt.de/politik/ausland/article6aa48b2d181cb962d488c780/spannungen-mit-russland-putin-macht-westliche-globalisten-fuer-afd-erfolg-verantwortlich-und-warnt-europa.html,https://www.welt.de/politik/ausland/article6aa48b2d181cb962d488c780/spannungen-mit-russland-putin-macht-westliche-globalisten-fuer-afd-erfolg-verantwortlich-und-warnt-europa.html,0,www.welt.de,Putin macht „westliche Globalisten“ für AfD-Erfolg verantwortlich – und warnt Europa,"Russlands Präsident führt den Wahlsieg der AfD auf Fehler westlicher Eliten zurück. Globalisten in ‌Politik, Sicherheit und Wirtschaft haben laut Putin zudem den Ukraine-Krieg ‌provoziert, indem sie versucht hätten, die Ukraine in die Nato zu ziehen. Für Euro…",https://images.welt.de/6aa48b2d181cb962d488c780/233e8e35228789ce6ab0b4591a9407ca-master/ci16x9-w1200/618631096-jpg,2026-09-11T23:35:25Z,,"Russlands Präsident führt den Wahlsieg der AfD auf Fehler westlicher Eliten zurück. Globalisten in Politik, Sicherheit und Wirtschaft haben laut Putin zudem den Ukraine-Krieg provoziert, indem sie ve… [+2214 chars]",,de,'Ukraine'
https://www.faz.net/aktuell/politik/ukraine/ukraine-liveticker-selenskyj-vertrauter-gespraeche-zwischen-usa-ukraine-und-russland-noch-im-oktober-faz-110683325.html,https://www.faz.net/aktuell/politik/ukraine/ukraine-liveticker-selenskyj-vertrauter-gespraeche-zwischen-usa-ukraine-und-russland-noch-im-oktober-faz-110683325.html,0,www.faz.net,"Liveblog Ukrainekrieg: Selenskyj-Vertrauter: Gespräche zwischen USA, Ukraine und Russland noch im Oktober",Kreml: Dialog könnte „in absehbarer Zeit“ fortgesetzt werden +++ Putin warnt vor europäischen Soldaten in Ukraine: Würde „Krieg gegen Russland“ bedeuten +++ alle Neuigkeiten im Liveblog,https://media0.faz.net/image/w1200h627/bb79f3ad15f9/w3000h1567x0y128o/202601/43601.0.1684620795/kyrylo-budanow-stabschef-des.webp,2026-09-12T00:26:43Z,,"Der ukrainische Präsident Wolodymyr Selenskyj will sich Ende September in New York mit US-Präsident Donald Trump treffen. Ende September werden wir die Gelegenheit haben, das amerikanische Team in Ne… [+1196 chars]",,de,'Ukraine'
https://www.faz.net/aktuell/politik/ukraine/ukraine-liveticker-ukraine-russische-drohne-schlaegt-nahe-polnischer-grenze-ein-faz-110683325.html,https://www.faz.net/aktuell/politik/ukraine/ukraine-liveticker-ukraine-russische-drohne-schlaegt-nahe-polnischer-grenze-ein-faz-110683325.html,0,www.faz.net,Liveblog Ukrainekrieg: Ukraine: Russische Drohne schlägt nahe polnischer Grenze ein,"Einschlagsort rund 800 Meter von der Grenze entfernt +++ Selenskyj-Vertrauter: Gespräche zwischen USA, Ukraine und Russland noch im Oktober +++ alle Neuigkeiten im Liveblog",https://media0.faz.net/image/w1200h627/11421f761c6e/w2158h1127x0y46o/202608/43601.0.2453064328/eine-russische-kampfdrohne-im.webp,2026-09-12T00:26:43Z,,Im vermutlich ersten Zusammentreffen zweier Marine-Drohnen überhaupt hat das unbemannte russische Boot gegen sein ukrainisches Gegenstück nach Kiewer Darstellung den Kürzeren gezogen. Wie die ukraini… [+1034 chars],,de,'Russland'
https://www.welt.de/politik/ausland/article6aa49db2240b302c8a841f83/energie-saudi-arabien-schliesst-nach-drohnenangriffen-wichtige-erdoel-pipeline-irak-feuert-kommandeur.html,https://www.welt.de/politik/ausland/article6aa49db2240b302c8a841f83/energie-saudi-arabien-schliesst-nach-drohnenangriffen-wichtige-erdoel-pipeline-irak-feuert-kommandeur.html,0,www.welt.de,Saudi-Arabien schließt nach Drohnenangriffen wichtige Erdöl-Pipeline – Irak feuert Kommandeur,"Über die Ost-West-Pipeline fließen täglich Millionen Liter Rohöl. Saudi-Arabien erklärt sich nach den Drohnenangriffen von irakischem Gebiet aus bereit, „zu diesem Zeitpunkt nicht zu reagieren“. Bagdad kündigt an, die Verantwortlichen zur Rechenschaft zu zieh…",https://images.welt.de/6aa49db2240b302c8a841f83/ba511d32a80ce102266c27c8e90a2b8c-master/ci16x9-w1200/dpa-com-260911-935-1604226-jpg,2026-09-12T00:46:35Z,,"Über die Ost-West-Pipeline fließen täglich Millionen Liter Rohöl. Saudi-Arabien erklärt sich nach den Drohnenangriffen von irakischem Gebiet aus bereit, zu diesem Zeitpunkt nicht zu reagieren. Bagdad… [+2143 chars]",,de,'Rohöl'
https://www.tagesspiegel.de/internationales/zwei-new-yorker-banker-erinnern-sich-an-911-im-schock-arbeiteten-sie-weiter-denn-wir-hatten-ja-zu-tun-16044588.html,https://www.tagesspiegel.de/internationales/zwei-new-yorker-banker-erinnern-sich-an-911-im-schock-arbeiteten-sie-weiter-denn-wir-hatten-ja-zu-tun-16044588.html,0,www.tagesspiegel.de,"Zwei New Yorker Banker erinnern sich an 9/11: Im Schock arbeiteten sie weiter, denn „wir hatten ja zu tun“","Als Hunderttausende aus Manhattan flohen, halfen zwei New Yorker ihren Kollegen bei der Flucht aus Manhattan. Doch statt dann selbst wegzurennen, liefen sie in die Firmenzentrale. Eine Begegnung am Jahrestag.",https://www.tagesspiegel.de/images/16044608/alternates/BASE_16_9_W1400/1789170422000/ceremony-marking-25th-anniversary-of-9-11-attacks-in-new-york-city.jpeg,2026-09-12T01:13:21Z,,"Weißt du noch, wie blau der Himmel war?, fragt Ed.
Heute ist der Himmel vor allem grau. Aber vor 25 Jahren war er blau. So blau, dass es das ist, woran viele New Yorker sich als Erstes erinnern, wen… [+1072 chars]",,de,'Flucht'
https://www.zeit.de/news/2026-09/12/putin-fuehrt-afd-erfolg-auf-fehler-des-westens-zurueck,https://www.zeit.de/news/2026-09/12/putin-fuehrt-afd-erfolg-auf-fehler-des-westens-zurueck,0,www.zeit.de,Ukraine-Krieg: Putin führt AfD-Erfolg auf Fehler des Westens zurück,Hier finden Sie Informationen zu dem Thema „Ukraine-Krieg“. Lesen Sie jetzt „Putin führt AfD-Erfolg auf Fehler des Westens zurück“.,https://img.zeit.de/news/2026-09/12/putin-fuehrt-afd-erfolg-auf-fehler-des-westens-zurueck-image-group/wide__1300x731,2026-09-12T02:06:01Z,,"Kremlchef Wladimir Putin hat das starke Ergebnis der AfD bei der jüngsten Landtagswahl in Sachsen-Anhalt auch auf Fehler des Westens zurückgeführt. Alles, was derzeit in Europa passiere, sei das Erge… [+4093 chars]",,de,'Ukraine'
https://www.tagesspiegel.de/internationales/dpa-ukraine-krieg-16044642.html,https://www.tagesspiegel.de/internationales/dpa-ukraine-krieg-16044642.html,0,www.tagesspiegel.de,Ukraine-Krieg: Putin führt AfD-Erfolg auf Fehler des Westens zurück,"Vor Medienvertretern wird der russische Präsident nach dem starken Wahlergebnis der AfD in Sachsen-Anhalt gefragt. Der Kremlchef nutzt dies als Steilvorlage, um seine Sicht auf Europa darzulegen.",https://www.tagesspiegel.de/images/16044641/alternates/BASE_16_9_W1400/1789178840000/brics-gipfel-in-indien.jpeg,2026-09-12T02:07:19Z,,"Kremlchef Wladimir Putin hat das starke Ergebnis der AfD bei der jüngsten Landtagswahl in Sachsen-Anhalt auch auf Fehler des Westens zurückgeführt. Alles, was derzeit in Europa passiere, sei das Erge… [+3762 chars]",,de,'Putin'
https://www.zeit.de/news/2026-09/12/behoerde-gasspeicher-koennten-schon-jetzt-fuer-winter-reichen,https://www.zeit.de/news/2026-09/12/behoerde-gasspeicher-koennten-schon-jetzt-fuer-winter-reichen,0,www.zeit.de,Bald beginnt die Heizperiode: Behörde: Gasspeicher könnten schon jetzt für Winter reichen,Hier finden Sie Informationen zu dem Thema „Bald beginnt die Heizperiode“. Lesen Sie jetzt „Behörde: Gasspeicher könnten schon jetzt für Winter reichen“.,https://img.zeit.de/news/2026-09/12/behoerde-gasspeicher-koennten-schon-jetzt-fuer-winter-reichen-image-group/wide__1300x731,2026-09-12T03:05:05Z,,"Die Bundesnetzagentur ist Bedenken entgegengetreten, dass Deutschlands Gasspeicher in diesem Winter nicht ausreichen könnten für die Gasversorgung. «Wir haben jetzt schon etwas mehr Gas in den Speich… [+2475 chars]",,de,'Gasspeicher'
https://www.tagesspiegel.de/wirtschaft/dpa-bald-beginnt-die-heizperiode-16044654.html,https://www.tagesspiegel.de/wirtschaft/dpa-bald-beginnt-die-heizperiode-16044654.html,0,www.tagesspiegel.de,Bald beginnt die Heizperiode: Behörde: Gasspeicher könnten schon jetzt für Winter reichen,"Der Herbst naht, bald brauchen Millionen Haushalte wieder viel mehr Gas für ihre Heizung. Doch Deutschlands Gasspeicher sind nicht allzu voll. Die Bundesnetzagentur teilt die Bedenken nicht.",https://www.tagesspiegel.de/images/16044653/alternates/BASE_16_9_W1400/1789182380000/gasspeicher-etzel.jpeg,2026-09-12T03:06:20Z,,"Die Bundesnetzagentur ist Bedenken entgegengetreten, dass Deutschlands Gasspeicher in diesem Winter nicht ausreichen könnten für die Gasversorgung. Wir haben jetzt schon etwas mehr Gas in den Speiche… [+2135 chars]",,de,'Gasspeicher'
https://www.n-tv.de/politik/Putin-liefert-seine-Erklaerung-fuer-den-AfD-Wahlsieg-id31298042.html,https://www.n-tv.de/politik/Putin-liefert-seine-Erklaerung-fuer-den-AfD-Wahlsieg-id31298042.html,0,www.n-tv.de,"""Bürger wegen Russland unsicher"": Putin liefert seine Erklärung für den AfD-Wahlsieg","Der russische Präsident hat eine ganz eigene Theorie, warum die AfD in Sachsen-Anhalt die Wahl gewonnen hat. Kremlchef Putin sieht das Ergebnis als Ausdruck von Verunsicherung der Bürger, die angeblich völlig ohne Grund in einen Konflikt mit Russland gezwunge…",https://www.n-tv.de/img/31298043/1789189095/Img_16_9/1200/618641470.jpg,2026-09-12T03:16:20Z,,"""Bürger wegen Russland unsicher""Putin liefert seine Erklärung für den AfD-Wahlsieg
""Sind keine Bedrohung für Europa"": Putin beim Gespräch mit Journalisten in Neu Delhi. (Foto: picture alliance / TAS… [+3913 chars]",,de,'Putin'
https://www.nzz.ch/gesellschaft/v1-werden-frauen-das-rekrutierungsproblem-der-ukraine-loesen-v2-ja-ich-bin-besonders-gut-fuer-die-front-geeignet-warum-ukrainische-frauen-freiwillig-in-die-todeszone-ziehen-ld.10019933,https://www.nzz.ch/gesellschaft/v1-werden-frauen-das-rekrutierungsproblem-der-ukraine-loesen-v2-ja-ich-bin-besonders-gut-fuer-die-front-geeignet-warum-ukrainische-frauen-freiwillig-in-die-todeszone-ziehen-ld.10019933,0,www.nzz.ch,"«Ja, ich bin besonders gut für die Front geeignet»: Warum ukrainische Frauen freiwillig in die Todeszone ziehen","In der Ukraine melden sich kaum noch Männer freiwillig zum Dienst. An ihrer Stelle ziehen vermehrt Frauen in den Krieg. Sie bergen Verletzte, steuern unbemannte Panzer und jagen Russen mit Drohnen. Sind Frauen besser geeignet für die Front? Vier Soldatinnen e…","https://img-msp-prod.nzz.ch/2026/09/07/da5aedd7-3953-48d9-b507-b514fa00bfb6.jpg?width=1200&height=675&fit=bounds&quality=75&auto=webp&crop=7975,4486,x0,y534&wmark=nzz",2026-09-12T03:30:00Z,,"Whatsapp-Nachricht von Alina, Kampfname Ananda, 2.September 2026
Optimieren Sie Ihre Browsereinstellungen
NZZ.ch benötigt JavaScript für wichtige Funktionen. Ihr Browser oder Adblocker verhindert d… [+42449 chars]",,de,'Ukraine'
https://www.nzz.ch/technologie/dieser-87-jaehrigen-verdankt-deutschland-einige-seiner-schnellsten-rechner-ld.10015036,https://www.nzz.ch/technologie/dieser-87-jaehrigen-verdankt-deutschland-einige-seiner-schnellsten-rechner-ld.10015036,0,www.nzz.ch,Dieser 87-Jährigen verdankt Deutschland einige seiner schnellsten Rechner,"Nach ihrer Flucht aus der DDR gelangte Erika Fischer nach Stuttgart. Sie prägte über 65 Jahre den Aufbau des dortigen Rechenzentrums, von den ersten Lochstreifen bis zur neusten KI-Fabrik. Ein Porträt.","https://img-msp-prod.nzz.ch/2026/07/13/fdf635d4-1ee8-4637-bd58-3e0035d68d8e.jpg?width=1200&height=674&fit=bounds&quality=75&auto=webp&crop=4465,2511,x190,y708&wmark=nzz",2026-09-12T03:30:00Z,,"Nach ihrer Flucht aus der DDR gelangte Erika Fischer nach Stuttgart. Sie prägte über 65 Jahre den Aufbau des dortigen Rechenzentrums, von den ersten Lochstreifen bis zur neusten KI-Fabrik. Ein Porträ… [+10600 chars]",,de,'Flucht'
https://www.nzz.ch/international/russisches-staatsvermoegen-in-der-eu-anzapfen-die-debatte-flammt-wegen-des-ploetzlichen-finanzbedarfs-der-ukraine-wieder-auf-aber-die-huerden-bleiben-hoch-ld.10023264,https://www.nzz.ch/international/russisches-staatsvermoegen-in-der-eu-anzapfen-die-debatte-flammt-wegen-des-ploetzlichen-finanzbedarfs-der-ukraine-wieder-auf-aber-die-huerden-bleiben-hoch-ld.10023264,0,www.nzz.ch,Russisches Staatsvermögen in der EU anzapfen? Die Debatte flammt wegen des plötzlichen Finanzbedarfs der Ukraine wieder auf – aber die Hürden bleiben hoch,"Die ukrainische Regierung bittet um mehr als 20 zusätzliche Milliarden Euro. Brüssel will nun zuerst herausfinden, wie diese Zahlen zustande kommen.","https://img-msp-prod.nzz.ch/2026/09/11/becc6092-cb18-4457-bf94-5d7d9af91cb4.jpg?width=1200&height=675&fit=bounds&quality=75&auto=webp&crop=8090,4551,x0,y953&wmark=nzz",2026-09-12T03:30:00Z,,"Die ukrainische Regierung bittet um mehr als 20 zusätzliche Milliarden Euro. Brüssel will nun zuerst herausfinden, wie diese Zahlen zustande kommen.
Zusammenfassung
Der Abwehrkampf der Ukraine ist … [+6661 chars]",,de,'Ukraine'
https://www.nzz.ch/international/afd-und-der-ukraine-krieg-ruediger-lucassen-im-interview-ld.10023250,https://www.nzz.ch/international/afd-und-der-ukraine-krieg-ruediger-lucassen-im-interview-ld.10023250,0,www.nzz.ch,"INTERVIEW - «Solange der Kreml keinerlei Ernsthaftigkeit bei Friedensgesprächen zeigt, verstummen auch die moskaufreundlichen Stimmen in der AfD zusehends», sagt Rüdiger Lucassen","Der AfD-Bundestagsabgeordnete fährt am Wochenende nach Kiew. Im Interview erklärt er, wie er den Ukrainern die Position seiner Partei vermitteln will. Er fordert, Russland Gegengeschäfte für einen Friedensschluss anzubieten.","https://img-msp-prod.nzz.ch/2026/09/10/09b4b126-0939-425c-8ec0-0a82796fa0bd.jpg?width=1200&height=675&fit=bounds&quality=75&auto=webp&crop=6000,3375,x0,y313&wmark=nzz",2026-09-12T03:30:00Z,,"Der AfD-Bundestagsabgeordnete fährt am Wochenende nach Kiew. Im Interview erklärt er, wie er den Ukrainern die Position seiner Partei vermitteln will. Er fordert, Russland Gegengeschäfte für einen Fr… [+12127 chars]",,de,'Russland'
https://www.tagesspiegel.de/internationales/dpa-konflikt-im-nahen-osten-16044673.html,https://www.tagesspiegel.de/internationales/dpa-konflikt-im-nahen-osten-16044673.html,0,www.tagesspiegel.de,Konflikt im Nahen Osten: Pipeline stillgelegt: Saudische Ölexporte massiv unter Druck,"Die Zange schließt sich um Saudi-Arabien: Im Westen bedroht die Huthi-Miliz eine Exportroute, im Osten blockiert der Iran die Straße von Hormus. Eine wichtige Pipeline wird nach Attacken dichtgemacht.",https://www.tagesspiegel.de/images/16044672/alternates/BASE_16_9_W1400/1789186340000/olfeld-in-saudi-arabien.jpeg,2026-09-12T04:12:20Z,,Der sich ausweitende Konflikt im Nahen Osten setzt den weltgrößten Ölexporteur Saudi-Arabien massiv unter Druck. Nach der iranischen Blockade der Straße von Hormus und der zunehmenden Bedrohung der M… [+6546 chars],,de,'Rohöl'
https://www.faz.net/aktuell/politik/ausland/saudische-oelexporte-massiv-unter-druck-accg-201220167.html,https://www.faz.net/aktuell/politik/ausland/saudische-oelexporte-massiv-unter-druck-accg-201220167.html,0,www.faz.net,Pipeline stillgelegt: Saudische Ölexporte massiv unter Druck,"Die Zange schließt sich um Saudi-Arabien: Im Westen bedroht die Huthi-Miliz eine Exportroute, im Osten blockiert Iran die Straße von Hormus. Eine wichtige Pipeline wird nach Attacken dichtgemacht. Experten warnen vor einem deutlichen Anstieg des Ölpreises.",https://media0.faz.net/image/w1200h627/1a4c0c385d00/w2500h1306x0y180o/200711/431.0.64506181/oelfoerderung-in-saudi-arabien.webp,2026-09-12T04:54:04Z,,Der sich ausweitende Konflikt im Nahen Osten setzt den weltgrößten Ölexporteur Saudi-Arabien massiv unter Druck. Nach der iranischen Blockade der Straße von Hormus und der zunehmenden Bedrohung der M… [+6335 chars],,de,'Straße von Hormus'
https://www.focus.de/politik/ausland/die-zange-um-saudi-arabien-schliesst-sich_3bb2a530-432c-44ef-8761-ec32bedad905.html,https://www.focus.de/politik/ausland/die-zange-um-saudi-arabien-schliesst-sich_3bb2a530-432c-44ef-8761-ec32bedad905.html,0,www.focus.de,Die Zange um Saudi-Arabien schließt sich,"Die Zange schließt sich um Saudi-Arabien: Im Westen bedroht die Huthi-Miliz eine Exportroute, im Osten blockiert der Iran die Straße von Hormus. Eine wichtige Pipeline wird nach Attacken dichtgemacht.","https://quadro.burda-forward.de/ctf/c0d1c0aa-a0c1-4774-b95d-8478ff4e443c.d352ab2f-1689-478e-b8e4-63cbb20cd45d.jpeg?im=RegionOfInterestCrop=(1200,630),regionOfInterest=(1007,1032)&hash=0514db5f156d1f12a25443e41cdf1f10fd6e5f5075a66468078ee6c757206c92",2026-09-12T05:24:00Z,,"Der sich ausweitende Konflikt im Nahen Osten setzt den weltgrößten Ölexporteur Saudi-Arabien massiv unter Druck. 
Nach der iranischen Blockade der Straße von Hormus und der zunehmenden Bedrohung der… [+6576 chars]",,de,'Straße von Hormus'
https://www.n-tv.de/wirtschaft/Wichtige-saudische-Pipeline-stillgelegt-wird-Benzin-noch-teurer-id31298215.html,https://www.n-tv.de/wirtschaft/Wichtige-saudische-Pipeline-stillgelegt-wird-Benzin-noch-teurer-id31298215.html,0,www.n-tv.de,Ölexporte massiv unter Druck: Wichtige saudische Pipeline stillgelegt - wird Benzin noch teurer?,Nach Drohnenangriffen muss Saudi-Arabien auch noch eine zentrale Ölpipeline abschalten - bisher eine Alternative zur Straße von Hormus. Der Ölpreis und damit die Spritpreise in Deutschland könnten empfindlich steigen.,https://www.n-tv.de/img/31298236/1789199788/Img_16_9/1200/image.jpg,2026-09-12T06:40:29Z,,"Ölexporte massiv unter DruckWichtige saudische Pipeline stillgelegt - wird Benzin noch teurer?
Satellitenbilder sollen zeigen, dass es an der wichtigen Ost-West-Pipeline brannte. (Foto: via REUTERS)… [+6742 chars]",,de,'Rohöl'
https://www.tagesspiegel.de/wirtschaft/bis-zu-20-prozent-zum-jahreswechsel-moglich-experten-warnen-bei-gas-vor-preisschock-fur-verbraucher-16044805.html,https://www.tagesspiegel.de/wirtschaft/bis-zu-20-prozent-zum-jahreswechsel-moglich-experten-warnen-bei-gas-vor-preisschock-fur-verbraucher-16044805.html,0,www.tagesspiegel.de,„Bis zu 20 Prozent zum Jahreswechsel möglich“: Experten warnen bei Gas vor Preisschock für Verbraucher,Die Gasspeicher sind relativ gering gefüllt und wegen des Iran-Kriegs liegen die Energiekosten schon hoch. Und es könnte noch teurer werden. Die zuständige Behörde sieht die Versorgung aber nicht gefährdet.,https://www.tagesspiegel.de/images/16044808/alternates/BASE_16_9_W1400/1789196880000/erdgasleitung.jpeg,2026-09-12T07:28:39Z,,Seit mehr als sechs Monaten tobt der Krieg im Nahen Osten. Die Auswirkungen des Konflikts zwischen den USA und Israel auf der einen und dem Iran auf der anderen Seite spüren auch die Verbraucher im W… [+4476 chars],,de,'Gasspeicher'
https://www.bild.de/regional/nordrhein-westfalen/fiat-rast-in-pizzeria-waren-es-einbrecher-auf-der-flucht-6aa4f3f5181cb962d488ca4a,https://www.bild.de/regional/nordrhein-westfalen/fiat-rast-in-pizzeria-waren-es-einbrecher-auf-der-flucht-6aa4f3f5181cb962d488ca4a,0,www.bild.de,Fünf Verletzte in Köln - Einbrecher auf der Flucht? Fiat rast in Pizzeria,Nach einem schweren Crash in Köln-Ostheim mit fünf Verletzten ermittelt die Polizei in mehrere Richtungen. Auch ein möglicher Zusammenhang zu einem Einbruch wird geprüft.,"https://images.bild.de/6aa4f3f5181cb962d488ca4a/ac059d4d441b49f91f334a83a59a4ca5,45fcfee8?w=1280",2026-09-12T07:37:11Z,,TTS-Player überspringenArtikel weiterlesenKöln (NRW) War dieser Horror-Crash die Folge einer Flucht? Nach einem schweren Unfall in Köln-Ostheim prüft die Polizei einen möglichen Zusammenhang zu einem… [+1780 chars],,de,'Flucht'
https://www.kino.de/news/anime-fashion-dieser-frieren-mantel-ist-das-must-have-der-saison--01M1PBAA3T8QAQBQPG7VX4BCTQ,https://www.kino.de/news/anime-fashion-dieser-frieren-mantel-ist-das-must-have-der-saison--01M1PBAA3T8QAQBQPG7VX4BCTQ,0,www.kino.de,Anime-Fashion: Dieser „Frieren“-Mantel ist das Must-Have der Saison,"Dieser wasserabweisende Trenchcoat mit Oversize-Schnitt erinnert optisch an Frieren und bringt ein wenig Fantasy-Flair in deine Garderobe. Wir zeigen, für welche Alltagsmomente sich der Mantel besonders anbietet.",https://static.kino.de/51/ae/0b/3b89569816c36cd13359b24218_cmUgMTkyMCAxMDgwAzVlMzk5NjYxNTIx.jpg,2026-09-12T07:45:07Z,,"Dieser wasserabweisende Trenchcoat mit Oversize-Schnitt erinnert optisch an Frieren und bringt ein wenig Fantasy-Flair in deine Garderobe. Wir zeigen, für welche Alltagsmomente sich der Mantel besond… [+3072 chars]",,de,'Frieren'
https://www.focus.de/finanzen/der-anleihenmarkt-schlaegt-alarm-jetzt-wird-es-gefaehrlich_a1af5d49-a5ad-4600-b99e-bbd7b5b4836a.html,https://www.focus.de/finanzen/der-anleihenmarkt-schlaegt-alarm-jetzt-wird-es-gefaehrlich_a1af5d49-a5ad-4600-b99e-bbd7b5b4836a.html,0,www.focus.de,Marc Friedrich: Der Anleihenmarkt schlägt Alarm – jetzt wird es gefährlich,"Das Zeitalter des billigen Geldes ist vorbei. Steigende Anleiherenditen zeigen, wie groß die Risiken durch Schulden und Inflation geworden sind.","https://quadro.burda-forward.de/ctf/5bddebce-3ef1-409c-9897-6d5f64ecb016.8fedd2cc-ffa6-419e-95b5-5f753e74bad7.jpeg?im=RegionOfInterestCrop=(1200,630),regionOfInterest=(372,315)&hash=1182108f9983b6ce8d28a81667f8c19af9f06b25b4132adcfaad2eacc503764f",2026-09-12T08:20:00Z,,Rund 145 Billionen Dollar stecken im globalen Anleihenmarkt damit ist er etwa so groß wie alle Aktienmärkte der Welt zusammen. Trotzdem redet kaum jemand darüber. Dabei ist er der wichtigere Markt vo… [+12257 chars],,de,'Knappheit'
https://steiermark.orf.at/stories/3370861/,https://steiermark.orf.at/stories/3370861/,0,steiermark.orf.at,Verletzte nach Autounfall im Stich gelassen,Bei einer Kollision in Gratkorn im Bezirk Graz-Umgebung ist am Freitagnachmittag eine 50-Jährige schwer verletzt worden. Ein alkoholisierter 32-jähriger Lenker ergriff nach dem Unfall zu Fuß die Flucht und ließ die zweitbeteiligte  Lenkerin im Stich.,https://ibs.orf.at/stm?image=https%3A%2F%2Foekastatic.orf.at%2Fmojo%2F1_4_1%2Fstoryserver%2Foeka%2Fcommon%2Fimages%2Fog-fallback-stm.png%3Fs%3D34639efb5eb3bfd56044a89259a23cc721f4f603,2026-09-12T08:26:00Z,,Gegen 17.15 Uhr dürfte es auf der Harter Straße zu dem Unfall gekommen sein: Zwei Autos kollidierten miteinander; dabei erlitt die 50-jährige Fahrzeuglenkerin schwere Kopfverletzungen. Der Lenker des… [+1719 chars],,de,'Flucht'
https://www.focus.de/politik/ausland/der-treibstoffmangel-durch-ukrainische-drohnenangriffe-zwingt-russland-dazu-oel-aus-suedkorea-aegypten-und-der-tuerkei-zu-importieren_951ce1a9-a77f-4493-992e-bbe437a9c6d7.html,https://www.focus.de/politik/ausland/der-treibstoffmangel-durch-ukrainische-drohnenangriffe-zwingt-russland-dazu-oel-aus-suedkorea-aegypten-und-der-tuerkei-zu-importieren_951ce1a9-a77f-4493-992e-bbe437a9c6d7.html,0,www.focus.de,"Der Treibstoffmangel durch ukrainische Drohnenangriffe zwingt Russland dazu, Öl aus Südkorea, Ägypten und der Türkei zu importieren",Ukrainische Drohnenangriffe setzen Russlands Raffinerien unter Druck. Im August musste Moskau so viel Treibstoff importieren wie nie zuvor.,"https://quadro.burda-forward.de/ctf/1131e8f3-7927-4b91-93c2-2ffc0ce477f3.16b0f154-9425-478a-b645-8ddd587641db.jpg?im=RegionOfInterestCrop=(1200,630),regionOfInterest=(1761,1296)&hash=c42ca49eb0c229d15c416c10fe4f2a855c9d61e2a079827a32d909eb6bde10cf",2026-09-12T09:05:00Z,,Russland gerät durch ukrainische Drohnenangriffe auf seine Energieinfrastruktur zunehmend unter Druck. Im August importierte das Land 172.000 Tonnen Ölprodukte. Das war mehr als siebenmal so viel wie… [+2461 chars],,de,'Russland'
https://www.tagesschau.de/wirtschaft/verbraucher/gas-speicher-preise-102.html,https://www.tagesschau.de/wirtschaft/verbraucher/gas-speicher-preise-102.html,0,www.tagesschau.de,Bundesnetzagentur stellt klar - Gasspeicher sind ausreichend gefüllt,"Im kommenden Winter brauchen Millionen Haushalte wieder Gas für ihre Heizung - und die Sorge ist groß, dass dieses Jahr nicht genug Gas eingespeichert wurde. Die Bundesnetzagentur gibt nun Entwarnung: Die Speicher seien voll genug. Doch die Preise könnten ste…",https://images.tagesschau.de/image/0173b96b-ffef-419e-afcf-6e7714cce86c/AAABoJXHNdk/AAABnSSvrFg/16x9-big/gasspeicher-278.jpg?width=1280,2026-09-12T13:20:55Z,,"Stand: 12.09.2026 15:20 Uhr
Im kommenden Winter brauchen Millionen Haushalte wieder Gas für ihre Heizung - und die Sorge ist groß, dass dieses Jahr nicht genug Gas eingespeichert wurde. Die Bundesne… [+1508 chars]",,de,'Gasspeicher'
https://www.tagesspiegel.de/internationales/ol-inflation-finanzmarkte-kommt-nach-der-huthi-offensive-die-weltwirtschaftskrise-16045479.html,https://www.tagesspiegel.de/internationales/ol-inflation-finanzmarkte-kommt-nach-der-huthi-offensive-die-weltwirtschaftskrise-16045479.html,0,www.tagesspiegel.de,"Öl, Inflation, Finanzmärkte: Kommt nach der Huthi-Offensive die Weltwirtschaftskrise?",Die jüngsten Angriffe der pro-iranischen Miliz verschärfen die Lage am Roten Meer. Warum die Eroberung der Meerenge Bab al-Mandab zum globalen Risiko werden könnte.,https://www.tagesspiegel.de/images/16045473/alternates/BASE_16_9_W1400/1789217672000/yemen-iran-us-israel-war-houthis.jpeg,2026-09-12T13:29:38Z,,"In den vergangenen Tagen ging es plötzlich ganz schnell. Erst fiel die jemenitische Hafenstadt Mokka in die Hände der Huthis, in den nachfolgenden Stunden eroberte die pro-iranische Miliz dann noch d… [+7678 chars]",,de,'Inflation'
https://www.golem.de/sonstiges/zustimmung/auswahl.html?from=https://www.golem.de/news/ki-anthropic-entlarvt-claude-missbrauch-fuer-russische-drohnenschwaerme-2609-212949.html&referer=https://t.co/fd112bc0e1,https://www.golem.de/sonstiges/zustimmung/auswahl.html?from=https://www.golem.de/news/ki-anthropic-entlarvt-claude-missbrauch-fuer-russische-drohnenschwaerme-2609-212949.html&referer=https://t.co/fd112bc0e1,0,www.golem.de,KI: Anthropic entlarvt Claude-Missbrauch für russische Drohnenschwärme,"Russische Entwickler hatten mit Claude einen autonomen Kamikaze-Drohnenschwarm zum Einsatz gegen die Ukraine gebaut. (Drohne, KI)",,2026-09-12T13:46:01Z,,"Besuchen Sie Golem.de wie gewohnt mit Werbung und Tracking,
 indem Sie der Nutzung aller Cookies zustimmen.
 Details zum Tracking finden Sie im Privacy Center.
Skript wurde nicht geladen. Informat… [+607 chars]",,de,'Ukraine'
https://www.tagesschau.de/ausland/asien/saudi-arabien-oel-exporte-angriffe-100.html,https://www.tagesschau.de/ausland/asien/saudi-arabien-oel-exporte-angriffe-100.html,0,www.tagesschau.de,Droht der nächste Ölpreis-Schock?,"Erst die Straße von Hormus, nun die Meerenge Bab al-Mandab und eine beschädigte Pipeline. Der größte Ölexporteur der Welt Saudi-Arabien hat eine Reihe von Problemen. Wie entwickelt sich der Ölpreis? Welche Folgen hat das für Deutschland?",https://images.tagesschau.de/image/7c2e9701-e819-4725-a2ab-852b76369d8d/AAABoJaZ5y4/AAABnSSvrFg/16x9-big/pipeline-saudi-arabien-102.jpg?width=1280,2026-09-12T17:31:20Z,,"Stand: 12.09.2026 19:31 Uhr
Erst die Straße von Hormus, nun die Meerenge Bab al-Mandab und eine beschädigte Pipeline. Der größte Ölexporteur der Welt Saudi-Arabien hat eine Reihe von Problemen. Wie … [+7180 chars]",,de,'Rohöl'
https://www.zeit.de/news/2026-09/13/zwei-tote-in-russland-nach-ukrainischen-angriffen,https://www.zeit.de/news/2026-09/13/zwei-tote-in-russland-nach-ukrainischen-angriffen,0,www.zeit.de,Ukraine-Krieg: Zwei Tote in Russland nach ukrainischen Angriffen,Hier finden Sie Informationen zu dem Thema „Ukraine-Krieg“. Lesen Sie jetzt „Zwei Tote in Russland nach ukrainischen Angriffen“.,https://img.zeit.de/news/2026-09/13/zwei-tote-in-russland-nach-ukrainischen-angriffen-image-group/wide__1300x731,2026-09-13T06:29:14Z,,"Infolge eines ukrainischen Drohnenangriffs sind zwei Menschen in der russischen Teilrepublik Tatarstan getötet worden. Eine Drohne sei in einen Baum gestürzt, wodurch ein nahe stehendes Auto mit vier… [+821 chars]",,de,'Ukraine'
https://www.focus.de/politik/ausland/huthi-eskalation-stuerzt-trump-in-midterms-dilemma_47b5c981-19bf-4198-bbe2-2dd5e3b47439.html,https://www.focus.de/politik/ausland/huthi-eskalation-stuerzt-trump-in-midterms-dilemma_47b5c981-19bf-4198-bbe2-2dd5e3b47439.html,0,www.focus.de,"Lässt Trump die Ukraine fallen, zahlt Europa doppelten Preis","Der Huthi-Vormarsch zwingt Trump zu einer Entscheidung. Muss Amerika seine Verbündeten und die globalen Handelswege schützen, oder hält Trump am Versprechen fest, die USA aus neuen Kriegen herauszuhalten?","https://quadro.burda-forward.de/ctf/9b7f1f8f-420e-45fd-9166-da7e2300a7c4.6fd3e239-c44a-4563-a20d-e6ac20502cda.jpeg?im=RegionOfInterestCrop=(1200,630),regionOfInterest=(914,758)&hash=af73b066193e98dfde54cb3eb57aab612fb609c02d2422f4e6a2b8eb5032526c",2026-09-13T09:06:00Z,,Die jüngste Eskalation im Nahen Osten ist mehr als eine weitere Episode im jemenitischen Bürgerkrieg. Die vom Iran unterstützten Huthi bedrohen inzwischen nicht nur den Schiffsverkehr im Roten Meer. … [+7003 chars],,de,'Rohöl'
https://www.focus.de/politik/ausland/der-treibstoffmangel-durch-ukrainische-drohnenangriffe-zwingt-russland-dazu-oel-aus-dem-ausland-zu-importieren_951ce1a9-a77f-4493-992e-bbe437a9c6d7.html,https://www.focus.de/politik/ausland/der-treibstoffmangel-durch-ukrainische-drohnenangriffe-zwingt-russland-dazu-oel-aus-dem-ausland-zu-importieren_951ce1a9-a77f-4493-992e-bbe437a9c6d7.html,0,www.focus.de,"Der Treibstoffmangel durch ukrainische Drohnenangriffe zwingt Russland dazu, Öl aus dem Ausland zu importieren",Ukrainische Drohnenangriffe setzen Russlands Raffinerien unter Druck. Im August musste Moskau so viel Treibstoff importieren wie nie zuvor.,"https://quadro.burda-forward.de/ctf/1131e8f3-7927-4b91-93c2-2ffc0ce477f3.16b0f154-9425-478a-b645-8ddd587641db.jpg?im=RegionOfInterestCrop=(1200,630),regionOfInterest=(1761,1296)&hash=c42ca49eb0c229d15c416c10fe4f2a855c9d61e2a079827a32d909eb6bde10cf",2026-09-13T09:52:00Z,,Russland gerät durch ukrainische Drohnenangriffe auf seine Energieinfrastruktur zunehmend unter Druck. Im August importierte das Land 172.000 Tonnen Ölprodukte. Das war mehr als siebenmal so viel wie… [+2461 chars],,de,'Rohöl'
https://www.diepresse.com/41257580/wifo-chef-erwartet-hoehere-energiepreise-und-dadurch-einen,https://www.diepresse.com/41257580/wifo-chef-erwartet-hoehere-energiepreise-und-dadurch-einen,0,www.diepresse.com,Wifo-Chef erwartet höhere Energiepreise und dadurch einen Inflationsanstieg,"Die BIP-Prognose fürs laufende Jahr wird vom Wirtschaftsforschungsinstitut wohl abgesenkt, Wifo-Chef Felbermayer fordert: „Ausflüge des Gaspreises nach oben müssen vom Strompreis abgekoppelt werden.“",https://img.diepresse.com/public/incoming/4fmrrb-kein-titel/alternates/WEBP_WIDE_1200/kein%20Titel,2026-09-13T10:18:17Z,,"Die Presse auf Google als bevorzugte Nachrichtenquelle hinzufügen.
 Wie viele andere Experten erwartet auch Wifo-Chef Gabriel Felbermayer steigende Energiepreise wegen der Konflikte im Nahen Osten. … [+3059 chars]",,de,'Inflation'
https://orf.at/stories/3442035/,https://orf.at/stories/3442035/,0,orf.at,WIFO-Chef erwartet steigende Inflation,"Die weltpolitische Lage bietet für Gabriel Felbermayr, Chef des Wirtschaftsforschungsinstituts (WIFO), wenig Anlass zu Optimismus. Eine neue Welle gestiegener Energiepreise erfasse Österreich, die Inflation werde in der Folge über drei Prozent steigen, so Fel…",https://ibs.orf.at/news?image=https%3A%2F%2Fassets.orf.at%2Fmims%2F2026%2F38%2F96%2Fcrops%2Fw%3D1200%2Ch%3D630%2Cq%3D75%2F3181245_master_1233696_pressestunde_felbermayr_wifo_o.jpg%3Fs%3Df5b7f8dd578db8f1d95f505b6c9f63d78499fe23,2026-09-13T11:39:43Z,,"Man kenne bereits solch hohe Gas- und Ölpreise aus der ersten Phase des Iran-Krieges. Nun werde Österreich von einer neuen Welle überrollt, so Felbermayr. Kurzzeitig habe der Preis für das Fass der Ö… [+5627 chars]",,de,'Inflation'
https://www.zeit.de/politik/ausland/2026-09/eisenbahn-ukraine-angriffe-russland-dnipro-polnischer-zug-drohne,https://www.zeit.de/politik/ausland/2026-09/eisenbahn-ukraine-angriffe-russland-dnipro-polnischer-zug-drohne,0,www.zeit.de,Angriffe auf die Ukraine: Ukraine meldet mehrere russische Angriffe auf das Bahnnetz,"Die Ukraine wirft Russland vor, ihr Eisenbahnnetz systematisch anzugreifen. Bei einem Drohnenangriff nahe der polnischen Grenze ist eine Lokomotive in Brand geraten.",https://img.zeit.de/politik/ausland/2026-09/eisenbahn-ukraine-angriffe-russland-dnipro-polnischer-zug-drohne-foto-1/wide__1300x731,2026-09-13T13:39:24Z,,Die Ukraine hat Russland einen systematischen Angriff auf ihr Eisenbahnnetz vorgeworfen. Wegen landesweiter Angriffe seien das Überwachungszentrum und das gesamte Personal der ukrainischen Bahn »in h… [+1298 chars],,de,'Ukraine'
https://www.zeit.de/news/2026-09/13/22-jaehriger-schiesst-aus-fahrendem-auto-in-die-luft,https://www.zeit.de/news/2026-09/13/22-jaehriger-schiesst-aus-fahrendem-auto-in-die-luft,0,www.zeit.de,Waffen: 22-Jähriger schießt aus fahrendem Auto in die Luft,Hier finden Sie Informationen zu dem Thema „Waffen“. Lesen Sie jetzt „22-Jähriger schießt aus fahrendem Auto in die Luft“.,https://img.zeit.de/news/2026-09/13/22-jaehriger-schiesst-aus-fahrendem-auto-in-die-luft-image-group/wide__1300x731,2026-09-13T13:43:18Z,,Ein 22-Jähriger soll auf der Südwesttangente bei Fürth aus einem fahrenden Auto mehrfach in die Luft geschossen haben. Ein Verkehrsteilnehmer beobachtete den Beifahrer eines Autos am Samstagnachmitta… [+701 chars],,de,'Waffen'
https://www.bild.de/politik/er-sorgt-fuer-knappheit-trump-fordert-von-selenskyj-angriffsstopp-auf-russen-diesel-6aa6a611587e2f989fe129b8,https://www.bild.de/politik/er-sorgt-fuer-knappheit-trump-fordert-von-selenskyj-angriffsstopp-auf-russen-diesel-6aa6a611587e2f989fe129b8,0,www.bild.de,„Er sorgt für Knappheit“ - Trump fordert Angriffsstopp auf Russen-Diesel,Der Krieg trifft Russland an einer empfindlichen Stelle: Treibstoff! US-Präsident Donald Trump fordert jetzt einen Angriffsstopp auf Russen-Diesel.,"https://images.bild.de/6aa6a611587e2f989fe129b8/6f3775fed1a9de468cc83816f34f2be3,e5b680a7?w=1280",2026-09-13T13:47:17Z,,TTS-Player überspringenArtikel weiterlesenKiew  Der Krieg trifft Russland an einer empfindlichen Stelle: Treibstoff! US-Präsident Donald Trump fordert den ukrainischen Präsidenten Wolodymyr Selenskyj… [+2065 chars],,de,'Knappheit'
https://www.tagesschau.de/ausland/europa/ukraine-angriff-nahe-polnischer-grenze-100.html,https://www.tagesschau.de/ausland/europa/ukraine-angriff-nahe-polnischer-grenze-100.html,0,www.tagesschau.de,Ukraine: Russische Drohne trifft Passagierzug nach Warschau,In der Ukraine ist ein Passagierzug von Kiew nach Warschau von einer russischen Drohne getroffen worden. Verletzt wurde dabei niemand. Polen ist nach dem Angriff unmittelbar an seiner Grenze alarmiert.,https://images.tagesschau.de/image/5bbc8275-e341-425f-9d62-1dfc14b776c5/AAABoJsLpO4/AAABnSSvrFg/16x9-big/ukraine-zug-brennt-100.jpg?width=1280,2026-09-13T14:03:27Z,,"Stand: 13.09.2026 16:03 Uhr
In der Ukraine ist ein Passagierzug von Kiew nach Warschau von einer russischen Drohne getroffen worden. Verletzt wurde dabei niemand. Polen ist nach dem Angriff unmittel… [+3912 chars]",,de,'Ukraine'
https://www.zeit.de/feuilleton/2026-09/krieg-ukraine-sprache-russisch-ukrainisch-angriff,https://www.zeit.de/feuilleton/2026-09/krieg-ukraine-sprache-russisch-ukrainisch-angriff,0,www.zeit.de,Krieg in der Ukraine: Sie sagen »Mama« in der Sprache ihrer Feinde,Vor dem Krieg sprachen Millionen Ukrainer Russisch. Doch seit Putins Angriff gilt das vielen als unpatriotisch. Auch unser Autor ringt um seine Muttersprache.,https://img.zeit.de/feuilleton/2026-09/krieg-ukraine-sprache-russisch-ukrainisch-angriff-bild/wide__1300x731,2026-09-13T14:19:15Z,,"Am Ostersonntag dieses Jahres umstellte
mich ein halbes Dutzend groß gewachsener ukrainischer Veteranen. Eigentlich war
ich zu dem Trainingsgelände nahe Kyjiw gekommen, um den Männern beim Schießen… [+730 chars]",,de,'Ukraine'
https://www.zeit.de/news/2026-09/13/polen-alarmiert-nach-angriff-auf-zug-von-kiew-nach-warschau,https://www.zeit.de/news/2026-09/13/polen-alarmiert-nach-angriff-auf-zug-von-kiew-nach-warschau,0,www.zeit.de,Ukraine-Krieg: Polen alarmiert nach Angriff auf Zug von Kiew nach Warschau,Hier finden Sie Informationen zu dem Thema „Ukraine-Krieg“. Lesen Sie jetzt „Polen alarmiert nach Angriff auf Zug von Kiew nach Warschau“.,https://img.zeit.de/news/2026-09/13/polen-alarmiert-nach-angriff-auf-zug-von-kiew-nach-warschau-image-group/wide__1300x731,2026-09-13T16:23:17Z,,Nach russischen Angriffen auf einen Zug von Kiew nach Warschau sowie auf die Grenzregion der Ukraine zu Polen hat die polnische Regierung Moskau eine Verschärfung des Konflikts vorgeworfen. «Die Eska… [+3946 chars],,de,'Ukraine'
https://www.diepresse.com/41258481/trump-ukraine-soll-aufhoeren-die-dieselversorgung-lahmzulegen,https://www.diepresse.com/41258481/trump-ukraine-soll-aufhoeren-die-dieselversorgung-lahmzulegen,0,www.diepresse.com,"Trump: Ukraine soll „aufhören, die Dieselversorgung lahmzulegen“","Die Ukraine müsse die Angriffe auf russische Raffinerien einstellen, fordert US-Präsident Donald Trump.",https://img.diepresse.com/public/incoming/wzo623-imagost0706162200010860892137jpg/alternates/WEBP_WIDE_1200/imago_st_0706_16220001_0860892137.jpg,2026-09-13T16:38:52Z,,"Die Presse auf Google als bevorzugte Nachrichtenquelle hinzufügen.
 US-Präsident Donald Trump hat Ukraines Präsidenten Wolodymyr Selenskyj aufgerufen, Angriffe auf russische Raffinerien einzustellen… [+3998 chars]",,de,'Knappheit'
https://www.zeit.de/news/2026-09/13/omans-aussenminister-treffen-zu-strasse-von-hormus-verschoben,https://www.zeit.de/news/2026-09/13/omans-aussenminister-treffen-zu-strasse-von-hormus-verschoben,0,www.zeit.de,Iran-Krieg: Omans Außenminister: Treffen zu Straße von Hormus verschoben,Hier finden Sie Informationen zu dem Thema „Iran-Krieg“. Lesen Sie jetzt „Omans Außenminister: Treffen zu Straße von Hormus verschoben“.,https://img.zeit.de/news/2026-09/13/omans-aussenminister-treffen-zu-strasse-von-hormus-verschoben-image-group/wide__1300x731,2026-09-13T19:54:12Z,,Das für diesen Montag geplante Außenministertreffen der Staaten am Persischen Golf im Oman wurde nach Angaben aus Maskat verschoben. «Im Interesse des Konsenses wurde das für morgen in Salalah geplan… [+1654 chars],,de,'Straße von Hormus'
https://www.faz.net/aktuell/politik/ausland/liveblog-irankrieg-gespraeche-zur-strasse-von-hormus-verschoben-faz-200583539.html,https://www.faz.net/aktuell/politik/ausland/liveblog-irankrieg-gespraeche-zur-strasse-von-hormus-verschoben-faz-200583539.html,0,www.faz.net,Liveblog Irankrieg: Gespräche zur Straße von Hormus kurzfristig verschoben,Spannungen unter den Golf-Staaten +++ Saudi-Arabien schließt nach Angriffen wichtige Ost-West-Pipeline +++ Irak schließt nach Drohnenangriff auf saudische Pipeline Grenzübergang zu Iran +++ alle Entwicklungen im Liveblog,https://media0.faz.net/image/w1200h627/fe52db76d2a4/w1000h522x0y184o/202609/43601.0.2548717808/der-iranische-aussenminister.webp,2026-09-13T21:03:41Z,,"Saudi-Arabien hat nach Angaben der jemenitischen Huthi-Miliz neue Angriffe auf Ziele im Jemen geflogen. Der den Huthi nahestehende Fernsehsender Almasirah berichtete, es habe am Sonntag zwei Luftangr… [+839 chars]",,de,'Straße von Hormus'
https://www.faz.net/podcasts/f-a-z-podcast-fruehdenker/kehrt-der-tankrabatt-doch-noch-zurueck-faz-fruehdenker-201223400.html,https://www.faz.net/podcasts/f-a-z-podcast-fruehdenker/kehrt-der-tankrabatt-doch-noch-zurueck-faz-fruehdenker-201223400.html,0,www.faz.net,F.A.Z. Frühdenker: Kehrt der Tankrabatt doch noch zurück?,"Die hohen Benzinpreise in Deutschland lassen den Ruf nach staatlicher Kontrolle laut werden. Im Ukraine-Krieg soll die Diplomatie eine neue Chance erhalten. Und Finanzminister Klingbeil trifft den Mann, der seit zwei Jahren an der Übernahme der Commerzbank ar…",https://media0.faz.net/image/w1200h627/8e8a240b37c1/w6144h3210x0y178o/202609/43601.0.2501925899/die-kraftstoffpreise-werden-am.webp,2026-09-14T03:54:18Z,,"Das Wichtigste für Sie am Montag:
<ol><li>Die hohen Benzinpreise werden wieder zum Politikum</li><li>Die Kommunalwahl in Niedersachsen schlägt Wellen bis nach Berlin</li><li>Im Ukraine-Krieg soll di… [+10844 chars]",,de,'Ukraine'
https://www.zeit.de/news/2026-09/14/kein-treffen-zur-strasse-von-hormus-was-steckt-dahinter,https://www.zeit.de/news/2026-09/14/kein-treffen-zur-strasse-von-hormus-was-steckt-dahinter,0,www.zeit.de,Iran-Krieg: Kein Treffen zur Straße von Hormus – was steckt dahinter?,Hier finden Sie Informationen zu dem Thema „Iran-Krieg“. Lesen Sie jetzt „Kein Treffen zur Straße von Hormus – was steckt dahinter?“.,https://img.zeit.de/news/2026-09/14/kein-treffen-zur-strasse-von-hormus-was-steckt-dahinter-image-group/wide__1300x731,2026-09-14T07:51:15Z,,Seit Monaten belastet die festgefahrene Situation in der Straße von Hormus die Weltwirtschaft. Hoffnung machte ein geplantes Treffen der Außenminister des Irans und des Omans mit ihren Kollegen aus d… [+5802 chars],,de,'Straße von Hormus'
https://www.diepresse.com/41260157/83-75-euro-pro-mwh-europaeischer-gaspreis-auf-hoechstem-stand-seit-2022,https://www.diepresse.com/41260157/83-75-euro-pro-mwh-europaeischer-gaspreis-auf-hoechstem-stand-seit-2022,0,www.diepresse.com,"83,75 Euro pro MWh: Europäischer Gaspreis auf höchstem Stand seit 2022 E",Der europäische Gaspreis hat sich in diesem Jahr bereits fast verdreifacht. In Österreich sind die Gasspeicher derzeit zu knapp 67 Prozent gefüllt.,https://img.diepresse.com/public/incoming/n967hb-imagost0820095500010170976309jpg/alternates/WEBP_WIDE_1200/imago_st_0820_09550001_0170976309.jpg,2026-09-14T08:39:02Z,,"Die Presse auf Google als bevorzugte Nachrichtenquelle hinzufügen.
 Der Preis für europäisches Erdgas ist am Montag wegen Angebotssorgen durch Lieferausfälle aus den Fördergebieten am Persischen Gol… [+2757 chars]",,de,'Gasspeicher'
https://www.focus.de/politik/ausland/trump-fordert-die-ukraine-auf-die-streiks-in-den-raffinerien-zu-beenden-da-die-dieselpreise-in-die-hoehe-schnellen_ef253f71-6063-4549-8dec-1c694b9d45c5.html,https://www.focus.de/politik/ausland/trump-fordert-die-ukraine-auf-die-streiks-in-den-raffinerien-zu-beenden-da-die-dieselpreise-in-die-hoehe-schnellen_ef253f71-6063-4549-8dec-1c694b9d45c5.html,0,www.focus.de,"Trump fordert die Ukraine auf, die Streiks in den Raffinerien zu beenden, da die Dieselpreise in die Höhe schnellen","Donald Trump fordert von Wolodymyr Selenskyj, russische Raffinerien nicht weiter anzugreifen. Die Attacken verschärfen laut Berichten die Diesel-Knappheit.","https://quadro.burda-forward.de/ctf/3bedd817-76e9-4663-8842-25e9ffef7100.bb4a3da5-e230-4cac-a9e1-9e5ad8067767.jpeg?im=RegionOfInterestCrop=(1200,630),regionOfInterest=(1049,363)&hash=b3a88e9c50c528ab4412e8ef8d836b5aebec920d7e1e7c3da98dfb6b4f77ed83",2026-09-14T08:47:00Z,,"US-Präsident Donald Trump hat den ukrainischen Präsidenten Wolodymyr Selenskyj aufgefordert, Angriffe auf russische Ölraffinerien einzustellen. Die Attacken hätten die Dieselproduktion in Russland be… [+2684 chars]",,de,'Ukraine'
https://www.tagesschau.de/ausland/asien/krieg-naher-osten-oman-huthi-100.html,https://www.tagesschau.de/ausland/asien/krieg-naher-osten-oman-huthi-100.html,0,www.tagesschau.de,Golftstaaten: Krisentreffen zur Lage in Straße von Hormus verschoben,Das für heute geplante Treffen der Golfstaaten zum Konflikt um die Straße von Hormus ist verschoben. Eine Rolle spielten dabei offenbar die erneuten Angriffe der Huthi-Miliz im Jemen auf Saudi-Arabien. Derweil steigen die Öl- und Benzinpreise.,https://images.tagesschau.de/image/df1baf9e-d3de-4be2-85d4-dee8de9bf0c3/AAABoJ9FIOs/AAABnSSvrFg/16x9-big/huthi-148.jpg?width=1280,2026-09-14T10:10:56Z,,"Stand: 14.09.2026 12:10 Uhr
Das für heute geplante Treffen der Golfstaaten zum Konflikt um die Straße von Hormus ist verschoben. Eine Rolle spielten dabei offenbar die erneuten Angriffe der Huthi-Mi… [+3748 chars]",,de,'Straße von Hormus'
https://www.faz.net/aktuell/wirtschaft/unternehmen/heckler-koch-nimmt-den-schiessstand-ins-visier-accg-201217150.html,https://www.faz.net/aktuell/wirtschaft/unternehmen/heckler-koch-nimmt-den-schiessstand-ins-visier-accg-201217150.html,0,www.faz.net,Nicht nur Waffen: Heckler & Koch nimmt den Schießstand ins Visier,Der Waffenhersteller wird zum Betreiber: Heckler & Koch baut und modernisiert Schießanlagen und übernimmt deren Betrieb.,https://media0.faz.net/image/w1200h627/dc42a59bc01e/w5760h3009x0y241o/202609/43601.0.2540151142/im-training-freiwillige.webp,2026-09-14T11:45:10Z,,"Heckler &amp; Koch (HK) erweitert sein Geschäft über die Produktion von Waffen hinaus: Der Mittelständler bietet künftig auch die Planung, den Betrieb, den Bau und die Modernisierung von Schieß- und … [+5548 chars]",,de,'Waffen'
https://www.perlentaucher.de/buecherschau/2026-09-14.html,https://www.perlentaucher.de/buecherschau/2026-09-14.html,0,www.perlentaucher.de,BÜCHERSCHAU DES TAGES: Warnung für alle Zukunft,"Die SZ lässt sich von Isabel Schayani berührende Geschichten von gelingenden Freundschaften zwischen Russen und Ukrainern, Israelis und Palästinensern oder Rechten und Linken erzählen. Eva Menasses neuer Roman erscheint der SZ wie das Buch zur Wahl in Sachsen…",https://www.perlentaucher.de/cdata/buecherschau-twitterbild/8147.png,2026-09-14T12:00:00Z,,"Perlentaucher-Fakten
113519
Rezensionsnotizen
68631
Bücher
38704
Buchautoren
Bücherschau des Tages
Warnung für alle Zukunft
Notizen zu den Buchkritiken des Tages aus FAZ, FR, NZZ, SZ, taz, Z… [+2216 chars]",,de,'Ukraine'
https://www.morgenpost.de/politik/article413110396/finnischer-botschafter-wir-sind-ein-starker-player-in-der-arktis.html,https://www.morgenpost.de/politik/article413110396/finnischer-botschafter-wir-sind-ein-starker-player-in-der-arktis.html,0,www.morgenpost.de,"Wie Europa die Arktis vor Trump, Putin und Xi schützen will",Finnlands Botschafter spricht über Europas Rolle in der Arktis. Er warnt vor russischem Einfluss und mahnt mehr Engagement für die Sicherheit an.,https://img.sparknews.funkemedien.de/413139894/413139894_1789305650_v16_9_1600.jpeg,2026-09-14T12:00:23Z,,"Die Arktis ist längst zum geopolitischen Objekt der Begierde geworden: Europa will sie schützen und das Völkerrecht wahren. China und Russland spekulieren vor allem auf neue Seewege, die durch das Ab… [+8642 chars]",,de,'Schnee'
https://www.tagesspiegel.de/politik/gasspeicher-halb-leer-tanken-immer-teurer-muss-die-bundesregierung-wieder-eingreifen-16049152.html,https://www.tagesspiegel.de/politik/gasspeicher-halb-leer-tanken-immer-teurer-muss-die-bundesregierung-wieder-eingreifen-16049152.html,0,www.tagesspiegel.de,"Gasspeicher halb leer, Tanken immer teurer: Muss die Bundesregierung wieder eingreifen?","Der Preisschock an den Zapfsäulen ist zurück, Gas wird immer teurer und deshalb bald auch der Strom? Der Handlungsdruck auf Union und SPD wird immer größer. Welche Optionen sie hat und wer blockiert.",https://www.tagesspiegel.de/images/16050924/alternates/BASE_16_9_W1400/1789387640000/milhad-nacaxewguji-unsplash-b.jpeg,2026-09-14T12:26:11Z,,"Nach der Straße von Hormus braut sich jetzt auch am Bab al-Mandab, der Einfahrt zum Roten Meer, Ungemach zusammen. Am Freitag eroberte die Huthi-Miliz die in der Meerenge gelegene Insel Majun. Die Fo… [+335 chars]",,de,'Gasspeicher'
https://www.derstandard.at/story/3000000339728/energiepreisanstieg-ziemlich-besorgniserregend-ezb-direktorin-schnabel-warnt,https://www.derstandard.at/story/3000000339728/energiepreisanstieg-ziemlich-besorgniserregend-ezb-direktorin-schnabel-warnt,0,www.derstandard.at,"Energiepreisanstieg ""ziemlich besorgniserregend"": EZB-Direktorin Schnabel warnt","Die rasche Auffüllung der Gasspeicher in der EU treibt die Nachfrage nach oben. Auf einen Gaspreisschock wären die EU-Mitgliedstaaten unterschiedlich gut vorbereitet, zeigt eine Simulation",https://i.ds.at/FPZY4Q/rs:fill:1200:600/plain/lido-images/2026/09/07/fc2b9b30-9552-4a9c-ba84-92f34654015e.jpg,2026-09-14T12:37:07Z,,"Sie entscheiden darüber, wie Sie unsere Inhalte nutzen wollen. Ihr Gerät erlaubt uns derzeit leider nicht, die entsprechenden Optionen anzuzeigen.
Bitte deaktivieren Sie sämtliche Hard- und Software… [+180 chars]",,de,'Gasspeicher'
https://www.zeit.de/news/2026-09/14/mutmassliche-waffen-in-videos-praesentiert-mann-in-u-haft,https://www.zeit.de/news/2026-09/14/mutmassliche-waffen-in-videos-praesentiert-mann-in-u-haft,0,www.zeit.de,Im Wald gehaust: Mutmaßliche Waffen in Videos präsentiert - Mann in U-Haft,Hier finden Sie Informationen zu dem Thema „Im Wald gehaust“. Lesen Sie jetzt „Mutmaßliche Waffen in Videos präsentiert - Mann in U-Haft“.,https://img.zeit.de/news/2026-09/14/mutmassliche-waffen-in-videos-praesentiert-mann-in-u-haft-image-group/wide__1300x731,2026-09-14T13:10:02Z,,"Weil er in Internetvideos mutmaßliche Schuss- und Hiebwaffen präsentiert haben soll, sitzt ein 39-jähriger Mann in Untersuchungshaft. Wie Polizei und Staatsanwaltschaft mitteilten, werden ihm Verstöß… [+1122 chars]",,de,'Waffen'
https://www.zeit.de/news/2026-09/14/mann-faehrt-betrunken-und-mit-waffen-auto,https://www.zeit.de/news/2026-09/14/mann-faehrt-betrunken-und-mit-waffen-auto,0,www.zeit.de,Kontrolle: Mann fährt betrunken und mit Waffen Auto,Hier finden Sie Informationen zu dem Thema „Kontrolle“. Lesen Sie jetzt „Mann fährt betrunken und mit Waffen Auto“.,https://img.zeit.de/news/2026-09/14/mann-faehrt-betrunken-und-mit-waffen-auto-image-group/wide__1300x731,2026-09-14T15:06:34Z,,"Mehrere Waffen hat die Polizei bei einem betrunkenen Autofahrer in Dornhan (Kreis Rottweil) gefunden. Wie die Beamten mitteilten, wurde der 59-Jährige am Sonntag kontrolliert. Zunächst habe der Mann … [+389 chars]",,de,'Waffen'
https://orf.at/stories/3442174/,https://orf.at/stories/3442174/,0,orf.at,Heimische Gasspeicher weniger gut gefüllt als in Vorjahren,,https://orf.at/mojo/1_4_1/storyserver//news/common/images/og-fallback-news.png,2026-09-14T16:39:36Z,,"Die Gasspeicher in Europa sind heuer deutlich weniger gut gefüllt als in den Vorjahren. Grund dafür ist der Iran-Krieg, der Gas verteuerte und es wirtschaftlich unattraktiv machte, es zu hohen Preise… [+1171 chars]",,de,'Gasspeicher'
https://www.zeit.de/politik/ausland/2026-09/eu-russland-sanktionen-alischer-usmanow-slowakei-frankreich,https://www.zeit.de/politik/ausland/2026-09/eu-russland-sanktionen-alischer-usmanow-slowakei-frankreich,0,www.zeit.de,Krieg gegen die Ukraine: EU debattiert Verlängerung von Sanktionspaket für Russland weiter,Morgen läuft ein Sanktionspaket gegen Russland aus. Die EU wird sich nicht einig und verlängert es nur wenige Tage. Berichten zufolge soll es um einen Oligarchen gehen.,https://img.zeit.de/politik/ausland/2026-09/eu-russland-sanktionen-alischer-usmanow-slowakei-frankreich-foto-1/wide__1300x731,2026-09-14T17:03:43Z,,"In der EU gibt es erneut Streit um Sanktionen gegen Russland. Wie ein Sprecher der derzeitigen irischen Ratspräsidentschaft mitteilte, konnten sich die Mitgliedstaaten nicht auf eine einjährige Verlä… [+727 chars]",,de,'Russland'
https://www.zeit.de/news/2026-09/14/tierpark-hellabrunn-erhoeht-eintrittspreise,https://www.zeit.de/news/2026-09/14/tierpark-hellabrunn-erhoeht-eintrittspreise,0,www.zeit.de,Kosten: Tierpark Hellabrunn erhöht Eintrittspreise,Hier finden Sie Informationen zu dem Thema „Kosten“. Lesen Sie jetzt „Tierpark Hellabrunn erhöht Eintrittspreise“.,https://img.zeit.de/administratives/sharing/fallback-image-die-zeit/wide__1300x731,2026-09-14T17:31:03Z,,"Der Tierpark Hellabrunn in München erhöht seine Eintrittspreise. Um die finanzielle Belastung für die Besucherinnen und Besucher möglichst gering zu halten, erfolge die Erhöhung der Tageskarten «bewu… [+2034 chars]",,de,'Kosten'
https://www.tagesspiegel.de/internationales/dpa-oltanker-soll-in-strasse-von-hormus-explodiert-sein-16052354.html,https://www.tagesspiegel.de/internationales/dpa-oltanker-soll-in-strasse-von-hormus-explodiert-sein-16052354.html,0,www.tagesspiegel.de,Auf Seemine gefahren: Öltanker soll in Straße von Hormus explodiert sein,Teile der wirtschaftlich bedeutenden Meerenge hat der Iran vermint. Jetzt melden die Revolutionsgarden einen explodierten Tanker. Die USA widersprechen.,https://www.tagesspiegel.de/images/16052359/alternates/BASE_16_9_W1400/1789418251000/nahostkonflikt-iran.jpeg,2026-09-14T20:39:54Z,,In der Straße von Hormus ist nach Angaben der iranischen Revolutionsgarden ein Öltanker auf eine Seemine gefahren und explodiert. Der Tanker El Gaia sei auf der vom Iran verminten südlichen Route dur… [+1719 chars],,de,'Gasspeicher'
https://www.zeit.de/politik/ausland/2026-09/generalstaatsanwalt-ukraine-ruslan-krawtschenko-korruption,https://www.zeit.de/politik/ausland/2026-09/generalstaatsanwalt-ukraine-ruslan-krawtschenko-korruption,0,www.zeit.de,Korruption in der Ukraine: Ukrainischer Präsident Selenskyj entlässt Generalstaatsanwalt,Dem ukrainischen Generalstaatsanwalt Ruslan Krawtschenko wird Korruption im Zusammenhang mit betrügerischen Callcentern vorgeworfen. Nun hat Selenskyj ihn entlassen.,https://img.zeit.de/politik/ausland/2026-09/generalstaatsanwalt-ukraine-ruslan-krawtschenko-korruption-foto-1/wide__1300x731,2026-09-14T20:51:46Z,,"Der ukrainische Präsident Wolodymyr Selenskyj hat Generalstaatsanwalt Ruslan Krawtschenko nach Korruptionsvorwürfen entlassen. Bei Krawtschenko bleibe »nur ein Ausweg: die Entlassung«, teilte Selensk… [+2440 chars]",,de,'Ukraine'
https://www.zeit.de/news/2026-09/15/trotz-trump-ansage-ukraine-greift-russische-anlage-an,https://www.zeit.de/news/2026-09/15/trotz-trump-ansage-ukraine-greift-russische-anlage-an,0,www.zeit.de,Ukraine-Krieg: Trotz Trump-Ansage: Ukraine greift russische Anlage an,Hier finden Sie Informationen zu dem Thema „Ukraine-Krieg“. Lesen Sie jetzt „Trotz Trump-Ansage: Ukraine greift russische Anlage an“.,https://img.zeit.de/news/2026-09/15/trotz-trump-ansage-ukraine-greift-russische-anlage-an-image-group/wide__1300x731,2026-09-15T04:39:28Z,,"Die Ukraine hat in der Nacht mit Drohnen eine Industrieanlage in Russland angegriffen. Dabei seien die Anlage sowie mehrere Wohngebäude in der Region Samara im Südosten des Landes beschädigt worden, … [+1842 chars]",,de,'Ukraine'
https://www.tagesschau.de/wirtschaft/finanzen/marktberichte/marktbericht-dax-dow-geldanlage-152.html,https://www.tagesschau.de/wirtschaft/finanzen/marktberichte/marktbericht-dax-dow-geldanlage-152.html,0,www.tagesschau.de,Marktbericht: DAX-Schwäche dürfte anhalten,"Die Lage im Nahen Osten bleibt angespannt, die Energiepreise steigen - genau wie die Inflationssorgen: Der DAX dürfte heute weiter zurückfallen. Langsam gerät die Marke von 25.000 Punkten wieder ins Blickfeld.",https://images.tagesschau.de/image/7f7bdfcd-57b6-4841-bce5-7cea2a7a36c2/AAABmfJxAV4/AAABnSSvrFg/16x9-big/boerse-452.jpg?width=1280,2026-09-15T05:52:53Z,,"Stand: 15.09.2026 07:52 Uhr
Die Lage im Nahen Osten bleibt angespannt, die Energiepreise steigen - genau wie die Inflationssorgen: Der DAX dürfte heute weiter zurückfallen. Langsam gerät die Marke v… [+2860 chars]",,de,'Inflation'
https://www.focus.de/finanzen/news/gasspeicher-nur-halb-voll-jetzt-soll-aserbaidschan-helfen_07fc3f24-1a1f-4988-83b7-405679e0737e.html,https://www.focus.de/finanzen/news/gasspeicher-nur-halb-voll-jetzt-soll-aserbaidschan-helfen_07fc3f24-1a1f-4988-83b7-405679e0737e.html,0,www.focus.de,Gasspeicher nur halb voll: Jetzt soll Aserbaidschan helfen,Wegen der schwach gefüllten Gasspeicher benötigt Deutschland neue Lieferwege. Aserbaidschan und Algerien könnten dabei eine Schlüsselrolle spielen.,"https://quadro.burda-forward.de/ctf/3e7de99c-c4af-4b34-a7b4-ec7dfad4221c.ad505a46-bd6c-4745-b901-c11689455bf1.jpeg?im=RegionOfInterestCrop=(1200,630),regionOfInterest=(643,393)&hash=50d8b4e4c0bf88e49307813b1d4ba0c4aa3491d872245675a7fa5876378e1d83",2026-09-15T06:17:00Z,,"55,2 Prozent. So voll sind Deutschlands Gasspeicher Mitte September. Rund 136,6 Terawattstunden Gas liegen damit in den Kavernen. Vor einem Jahr waren die Speicher zu diesem Zeitpunkt noch zu rund 74… [+7178 chars]",,de,'Gasspeicher'
https://www.golem.de/sonstiges/zustimmung/auswahl.html?from=https://www.golem.de/news/space-force-us-militaer-bestaetigt-erstmals-waffen-im-weltraum-2609-213011.html&referer=https://t.co/e59d2393d3,https://www.golem.de/sonstiges/zustimmung/auswahl.html?from=https://www.golem.de/news/space-force-us-militaer-bestaetigt-erstmals-waffen-im-weltraum-2609-213011.html&referer=https://t.co/e59d2393d3,0,www.golem.de,Space Force: US-Militär bestätigt erstmals Waffen im Weltraum,"Ein hochrangiger US-Beamter hat erstmals öffentlich eingeräumt, dass die Vereinigten Staaten Waffen im Orbit stationiert haben. (Militär, Politik)",,2026-09-15T06:22:02Z,,"Besuchen Sie Golem.de wie gewohnt mit Werbung und Tracking,
 indem Sie der Nutzung aller Cookies zustimmen.
 Details zum Tracking finden Sie im Privacy Center.
Skript wurde nicht geladen. Informat… [+607 chars]",,de,'Waffen'
https://www.zeit.de/news/2026-09/15/medienberichte-waffen-und-munition-in-wald-gefunden,https://www.zeit.de/news/2026-09/15/medienberichte-waffen-und-munition-in-wald-gefunden,0,www.zeit.de,Polizei ermittelt: Medienberichte: Waffen und Munition in Wald gefunden,Hier finden Sie Informationen zu dem Thema „Polizei ermittelt“. Lesen Sie jetzt „Medienberichte: Waffen und Munition in Wald gefunden“.,https://img.zeit.de/news/2026-09/15/medienberichte-waffen-und-munition-in-wald-gefunden-image-group/wide__1300x731,2026-09-15T07:00:14Z,,In einem Waldstück bei Speyer sind Medienberichten zufolge am Montag mehrere Waffen und Munition gefunden worden. Die Polizei bestätigte einen entsprechenden Einsatz auf Nachfrage. Details nannte ein… [+308 chars],,de,'Waffen'
https://www.bild.de/sport/wintersport-traumpaar-teilt-beziehungsglueck-schon-10-jahre-im-7-ski-himmel-6aa90d508191ba8609511b56,https://www.bild.de/sport/wintersport-traumpaar-teilt-beziehungsglueck-schon-10-jahre-im-7-ski-himmel-6aa90d508191ba8609511b56,0,www.bild.de,Wintersport-Traumpaar teilt Beziehungsglück - Schon 10 Jahre im 7. Ski-Himmel,Coletta Rydzek und Simon Jocher sind seit über einem Jahrzehnt das Traumpaar des deutschen Wintersports. Jetzt tanzen sie nicht nur im Schnee – sondern a...,"https://images.bild.de/6aa90d508191ba8609511b56/b76e288116bbba7ab7a3e3c7df40b9d2,e3bd4bbe?w=1280",2026-09-15T10:06:29Z,,"TTS-Player überspringenArtikel weiterlesenOberstdorf Tanzen, lachen, lieben: Langläuferin Coletta Rydzek (29) gewährt auf Instagram einen seltenen Blick ins Privatleben und der hat es in sich. Das Fo… [+1794 chars]",,de,'Schnee'
https://www.tagesschau.de/ausland/amerika/usa-munition-knappheit-100.html,https://www.tagesschau.de/ausland/amerika/usa-munition-knappheit-100.html,0,www.tagesschau.de,Bericht zum Iran-Krieg: US-Armee leidet unter Munitionsknappheit,"Präsident Trump behauptet immer wieder, dass die USA über ""praktisch unbegrenzt"" Munition verfügen - trotz des Iran-Kriegs. Ein Bericht an den Kongress widerspricht und listet genau Kosten und Schäden des Krieges auf.",https://images.tagesschau.de/image/3e13f128-d424-4e5b-9fc9-fc8a86914b70/AAABoKUFLAA/AAABnSSvrFg/16x9-big/flugabwehrsystem-thaad-100.jpg?width=1280,2026-09-15T12:04:35Z,,"Stand: 15.09.2026 14:04 Uhr
Präsident Trump behauptet immer wieder, dass die USA über ""praktisch unbegrenzt"" Munition verfügen - trotz des Iran-Kriegs. Ein Bericht an den Kongress widerspricht und l… [+1825 chars]",,de,'Kosten'
https://www.focus.de/finanzen/strasse-von-hormuz-verstopft-wie-ein-abfluss-im-badezimmer_cb4d7c6d-4939-47f2-882b-d8c731fe62ae.html,https://www.focus.de/finanzen/strasse-von-hormuz-verstopft-wie-ein-abfluss-im-badezimmer_cb4d7c6d-4939-47f2-882b-d8c731fe62ae.html,0,www.focus.de,Straße von Hormuz: Verstopft wie ein Abfluss im Badezimmer,"Hormus ist dicht, wichtige Ausweichrouten fallen aus und selbst die USA können die Lücke kaum schließen. Die Energiekrise droht sich weiter zu verschärfen.","https://quadro.burda-forward.de/ctf/a7a25d7b-0731-45a8-bc11-713a8ffadf2b.82234c8a-7499-4f6b-bffe-a68c01756fbb.jpg?im=RegionOfInterestCrop=(1200,630),regionOfInterest=(2852,1914)&hash=8cb9abb9620d0a6dc7d02a3ab5683926991dc679ac46179bd95c5fca910751ed",2026-09-15T12:13:00Z,,"Die Energiekrise nimmt weiter Fahrt auf. Nicht nur die Straße von Hormuz, sondern auch die Alternativrouten im Nahen Osten fallen als Lieferweg für Öl und Gas durch Angriffe immer mehr aus. Die folgl… [+8284 chars]",,de,'Straße von Hormus'
https://www.nzz.ch/wirtschaft/der-oelschock-trifft-die-schweiz-weniger-als-andere-laender-doch-wieso-wird-diesel-deutlich-teurer-als-benzin-ld.10023822,https://www.nzz.ch/wirtschaft/der-oelschock-trifft-die-schweiz-weniger-als-andere-laender-doch-wieso-wird-diesel-deutlich-teurer-als-benzin-ld.10023822,0,www.nzz.ch,Der Ölschock trifft die Schweiz weniger als andere Länder. Doch wieso wird Diesel deutlich teurer als Benzin?,"Die steigenden Energiepreise belasten die Schweizer Konsumenten im internationalen Vergleich wenig. Am stärksten leidet, wer auf Diesel angewiesen ist. Dort ist die Knappheit grösser als beim Benzin.","https://img-msp-prod.nzz.ch/2026/09/15/73860638-5436-48d1-9d81-99eea335edc7.jpg?width=1200&height=675&fit=bounds&quality=75&auto=webp&crop=9404,5290,x0,y0&wmark=nzz",2026-09-15T13:42:48Z,,"Die steigenden Energiepreise belasten die Schweizer Konsumenten im internationalen Vergleich wenig. Am stärksten leidet, wer auf Diesel angewiesen ist. Dort ist die Knappheit grösser als beim Benzin.… [+6811 chars]",,de,'Knappheit'
https://www.tagesschau.de/ausland/europa/ukraine-krieg-unterstuetzung-100.html,https://www.tagesschau.de/ausland/europa/ukraine-krieg-unterstuetzung-100.html,0,www.tagesschau.de,"Russland gegen die Ukraine: ""Übergang zu einem Vernichtungskrieg""","Russlands Strategie hat sich von einem Abnutzungs- zu einem Vernichtungskrieg in der Ukraine gewandelt, sagt Politologe Heinemann-Grüder. Sollte der Westen die Unterstützung der Ukraine weiter drosseln, hätte das gefährliche Konsequenzen für Europa.",https://images.tagesschau.de/image/81f9bee2-3f96-4aef-9020-c89247900fa8/AAABoKWYna4/AAABnSSvrFg/16x9-big/angriff-ukraine-110.jpg?width=1280,2026-09-15T15:03:57Z,,"Stand: 15.09.2026 17:03 Uhr
Russlands Strategie hat sich von einem Abnutzungs- zu einem Vernichtungskrieg in der Ukraine gewandelt, sagt Politologe Heinemann-Grüder. Sollte der Westen die Unterstütz… [+5804 chars]",,de,'Russland'
https://www.faz.net/aktuell/politik/ausland/liveblog-irankrieg-us-energieminister-saudische-pipeline-nach-angriff-bald-wieder-in-betrieb-faz-200583539.html,https://www.faz.net/aktuell/politik/ausland/liveblog-irankrieg-us-energieminister-saudische-pipeline-nach-angriff-bald-wieder-in-betrieb-faz-200583539.html,0,www.faz.net,Liveblog Irankrieg: US-Energieminister: Saudische Pipeline nach Angriff bald wieder in Betrieb,Chris Wright spricht über Reparaturen +++ USA machen unterschiedliche Angaben zu explodiertem Öltanker in Straße von Hormus +++ Österreich verweigert Visum auf US-Druck +++  alle Entwicklungen im Liveblog,https://media0.faz.net/image/w1200h627/e395a75123f1/w7265h3795x0y901o/202609/43601.0.2557202991/us-energieminister-chris.webp,2026-09-15T17:46:07Z,,"Saudi-Arabien hat nach Angaben der jemenitischen Huthi-Miliz neue Angriffe auf Ziele im Jemen geflogen. Der den Huthi nahestehende Fernsehsender Almasirah berichtete, es habe am Sonntag zwei Luftangr… [+839 chars]",,de,'Straße von Hormus'
https://www.focus.de/politik/deutschland/staatsunternehmen-sollen-bei-gasspeicher-befuellung-helfen_40c0ffb6-8814-40f3-9648-2bceebc2cfb4.html,https://www.focus.de/politik/deutschland/staatsunternehmen-sollen-bei-gasspeicher-befuellung-helfen_40c0ffb6-8814-40f3-9648-2bceebc2cfb4.html,0,www.focus.de,Staatsunternehmen sollen bei Gasspeicher-Befüllung helfen,"Bundeswirtschaftsministerin Katherina Reiche (CDU) ist in Gesprächen mit den beiden Staatsunternehmen Sefe und Uniper, um die Gasspeicher besser zu füllen.","https://quadro.burda-forward.de/ctf/e1811302-2707-4486-ac94-30bd067c4df0.c3c166d9-81a1-4c1b-8424-f8d2a18b0073.jpeg?im=RegionOfInterestCrop=(1200,630),regionOfInterest=(1049,383)&hash=1ce6d24cb32e4947b418e3a267aec56e52aec6d953a5a7f067a8a7b3db39c587",2026-09-15T19:18:00Z,,"Wie die Deutsche Presse-Agentur aus Regierungskreisen erfuhr, sollen entsprechende Maßnahmen eingeleitet werden. Die Kosten würden dann vom Markt getragen und nicht wie bei einem staatlichen Eingriff… [+3337 chars]",,de,'Gasspeicher'
https://www.bild.de/politik/inland/wirtschaftsministerin-katherina-reiche-laesst-gas-speicher-wieder-auffuellen-6aa993e7a3450cf42e4532b0,https://www.bild.de/politik/inland/wirtschaftsministerin-katherina-reiche-laesst-gas-speicher-wieder-auffuellen-6aa993e7a3450cf42e4532b0,0,www.bild.de,Gasspeicher-Wende! - Regierung rüstet heimlich für den Winter auf,"Berlin – Deutschlands Gas-Speicher sind nur etwas mehr als halb voll, die Heizsaison rückt näher. Jetzt reagiert die Bundesregierung überraschend: Bundes...","https://images.bild.de/6aa993e7a3450cf42e4532b0/4e08d72ebe3832e12c55dbe608e4db3d,96948c18?w=1280",2026-09-15T19:46:40Z,,"TTS-Player überspringenArtikel weiterlesenBerlin Deutschlands Gas-Speicher sind nur etwas mehr als halb voll, die Heizsaison rückt näher. Jetzt reagiert die Bundesregierung überraschend: Bundeswirtsc… [+1704 chars]",,de,'Gasspeicher'
https://www.faz.net/aktuell/wirtschaft/klima-nachhaltigkeit/reiche-will-gasspeicher-mit-ausschreibungen-fuellen-accg-201231227.html,https://www.faz.net/aktuell/wirtschaft/klima-nachhaltigkeit/reiche-will-gasspeicher-mit-ausschreibungen-fuellen-accg-201231227.html,0,www.faz.net,Nur halb voll: Reiche will Gasspeicher mit Ausschreibungen füllen,Die Bundeswirtschaftsministerin will nun doch etwas gegen die Schieflage am Gasmarkt tun. Spritpreisdeckel und Übergewinnsteuern für Mineralölkonzerne lehnt sie ab.,https://media0.faz.net/image/w1200h627/1edcd8acbb2f/w4196h2192x854y1820o/202609/43601.0.2558448878/wirtschaftsministerin-reiche.webp,2026-09-16T05:39:09Z,,"Angesichts historisch niedriger Gasspeicherstände in Deutschland will Bundeswirtschaftsministerin Katherina Reiche den finanziellen Anreiz für Händler erhöhen, zusätzlich Gas für den Winter verfügbar… [+4876 chars]",,de,'Gasspeicher'
https://taz.de/Versorgung-fuer-den-Winter/!6213570/,https://taz.de/Versorgung-fuer-den-Winter/!6213570/,0,taz.de,Versorgung für den Winter: Reiche will Gasspeicher mit höheren Ausschreibungen füllen,Angesichts historisch niedriger Füllmengen in den Gasspeichern setzt die Bundeswirtschaftsministerin auf den Markt – sie will aber Anreize geben.,https://taz.de/picture/8741707/1200/618688021.jpeg,2026-09-16T06:31:00Z,,Angesichts historisch niedriger Füllmengen in den Gasspeichern setzt die Bundeswirtschaftsministerin auf den Markt – sie will aber Anreize geben. mehr...,,de,'Gasspeicher'
https://www.faz.net/aktuell/rhein-main/limburg-gegen-groesseres-outlet-in-montabaur-aktuelle-nachrichten-aus-frankfurt-hessen-faz-19735361.html,https://www.faz.net/aktuell/rhein-main/limburg-gegen-groesseres-outlet-in-montabaur-aktuelle-nachrichten-aus-frankfurt-hessen-faz-19735361.html,0,www.faz.net,Rhein-Main-Liveblog: Limburg gegen größeres Outlet in Montabaur,Finanzminister Lorz: Sparen und weniger neue Schulden +++ Gas tritt aus: Explosionsgefahr in Wiesbaden-Dotzheim +++ Deutlich mehr Staus in Hessen +++ Lehrer wegen Missbrauchsverdachts in Haft +++ Liveblog zu Rhein-Main und Hessen,https://media0.faz.net/image/w1200h627/f028b4cb962f/w4252h2221x0y307o/201607/431.0.28926869/umstritten-fashion-outlet.webp,2026-09-16T10:54:00Z,,Ähnlich sah es bei der Länge der Staus aus: Der Verkehr auf den Autobahnen stand über die Sommerferien hinweg demnach auf knapp 10.800 Kilometern. Im vergangenen Jahr hatte es hingegen 9.200 Kilomete… [+501 chars],,de,'Sparen'
https://www.zeit.de/news/2026-09/16/flucht-vor-kontrolle-polizist-mit-e-scooter-angefahren,https://www.zeit.de/news/2026-09/16/flucht-vor-kontrolle-polizist-mit-e-scooter-angefahren,0,www.zeit.de,Unter Drogeneinfluss: Flucht vor Kontrolle - Polizist mit E-Scooter angefahren,Hier finden Sie Informationen zu dem Thema „Unter Drogeneinfluss“. Lesen Sie jetzt „Flucht vor Kontrolle - Polizist mit E-Scooter angefahren“.,https://img.zeit.de/news/2026-09/16/flucht-vor-kontrolle-polizist-mit-e-scooter-angefahren-image-group/wide__1300x731,2026-09-16T11:18:02Z,,"Mit einem E-Scooter hat ein 17-Jähriger einen angehenden Polizisten angefahren und verletzt. Der Minderjährige wollte am Dienstagnachmittag vor einer Kontrolle in Bremen fliehen, wie die Polizei mitt… [+665 chars]",,de,'Flucht'
https://www.faz.net/aktuell/politik/ukraine/ukraine-liveticker-polen-auch-an-ostseekueste-gefundene-drohne-trug-sprengsatz-faz-110683325.html,https://www.faz.net/aktuell/politik/ukraine/ukraine-liveticker-polen-auch-an-ostseekueste-gefundene-drohne-trug-sprengsatz-faz-110683325.html,0,www.faz.net,Liveblog Ukrainekrieg: Polen: Auch an Ostseeküste gefundene Drohne trug Sprengsatz,Über Litauen abgeschossene Drohne stammt ebenfalls aus Russland +++ Ukraine meldet erfolgreichen Test neuer Drohnenabwehrwaffe +++ alle Neuigkeiten im Liveblog,https://media0.faz.net/image/w1200h627/1e8660b8f22c/w1664h869x0y198o/202609/43601.0.2553159333/eine-drohne-am-strand-von.webp,2026-09-16T12:36:25Z,,"Die Drohne, die in der Nacht auf Dienstag über Litauen von einem NATO-Kampfflugzeug abgeschossen wurde, stammt laut den litauischen Behörden aus Russland. Litauens Präsident Gitanas Nausda sagte am M… [+2299 chars]",,de,'Russland'
https://www.sueddeutsche.de/projekte/artikel/panorama/berge-karakorum-unfall-klettern-achttausender-lebensretter-lukas-woerle-broad-peak-e094074/,https://www.sueddeutsche.de/projekte/artikel/panorama/berge-karakorum-unfall-klettern-achttausender-lebensretter-lukas-woerle-broad-peak-e094074/,0,www.sueddeutsche.de,SZ-Serie „Drama am Berg“: „Ich hätte mich nie mehr im Spiegel anschauen können“,Auf dem Weg zum Gipfel des Broad Peak findet Lukas Wörle einen sterbenden Mann im Schnee. Kurz vor dem Ziel gibt er seinen Traum vom Achttausender auf – und beginnt eine riskante Rettungsaktion.,"https://www.sueddeutsche.de/projekte/artikel/panorama/berge-karakorum-unfall-klettern-achttausender-lebensretter-lukas-woerle-broad-peak-e094074/3935c11164562d884f7dc49080bf845243683961bf1c3288489ecba6507c76e5_w2400_h1256_r38,0,1920,1005_q70.jpg",2026-09-16T13:31:00Z,,Auf dem Weg zum Gipfel des Broad Peak findet Lukas Wörle einen sterbenden Mann im Schnee. Kurz vor dem Ziel gibt er seinen Traum vom Achttausender auf – und beginnt eine riskante Rettungsaktion.,,de,'Schnee'
https://www.zeit.de/news/2026-09/16/grenznaher-reaktor-in-tschechien-ausserplanmaessig-abgeschaltet,https://www.zeit.de/news/2026-09/16/grenznaher-reaktor-in-tschechien-ausserplanmaessig-abgeschaltet,0,www.zeit.de,Atomenergie: Grenznaher Reaktor in Tschechien außerplanmäßig abgeschaltet,Hier finden Sie Informationen zu dem Thema „Atomenergie“. Lesen Sie jetzt „Grenznaher Reaktor in Tschechien außerplanmäßig abgeschaltet“.,https://img.zeit.de/news/2026-09/16/grenznaher-reaktor-in-tschechien-ausserplanmaessig-abgeschaltet-image-group/wide__1300x731,2026-09-16T17:40:36Z,,"Im umstrittenen tschechischen Atomkraftwerk Temelin ist es zu einer Panne gekommen. Der Reaktorblock 2 wurde außerplanmäßig heruntergefahren und vom Netz getrennt, wie die Betreibergesellschaft CEZ m… [+1422 chars]",,de,'Atomenergie'
https://www.bild.de/geld/wirtschaft/kampf-gegen-hohe-inflation-us-notenbank-fed-erhoeht-leitzins-6aaad976bfb40073cb2f4053,https://www.bild.de/geld/wirtschaft/kampf-gegen-hohe-inflation-us-notenbank-fed-erhoeht-leitzins-6aaad976bfb40073cb2f4053,0,www.bild.de,Kampf gegen hohe Inflation - US-Notenbank Fed erhöht Leitzins,Washington – ⁠Im Kampf gegen die hartnäckig hohe Inflation ⁠hebt die US-Notenbank ‌den ​Leitzins an. Der ‌geldpolitische ​Schlüsselsatz wurde am Mittwoch...,"https://images.bild.de/6aaad976bfb40073cb2f4053/abcb2257d431bbf7a2d1eac3f9001c2d,10a8885?w=1280",2026-09-16T18:06:02Z,,TTS-Player überspringenArtikel weiterlesenWashington Im Kampf gegen die hartnäckig hohe Inflation hebt die US-Notenbank den Leitzins an. Der geldpolitische Schlüsselsatz wurde am Mittwoch um einen Vi… [+1955 chars],,de,'Rohöl'
https://www.tagesschau.de/ausland/asien/hormus-oel-umwelt-100.html,https://www.tagesschau.de/ausland/asien/hormus-oel-umwelt-100.html,0,www.tagesschau.de,Kampf um die Straße von Hormus: Eine Bedrohung auch für die Umwelt,"Minen in der Straße von Hormus, Beschuss von Tankern: Satellitenbilder zeigen nun, was das für die Umwelt bedeutet. Rund um die Meerenge gibt es laut Greenpeace mehrere Ölteppiche. Viele Schutzgebiete seien bedroht. Von N. Amin.",https://images.tagesschau.de/image/c697b51d-2cc4-4c33-aed8-ded1681211ca/AAABoKsVPE0/AAABnSSvrFg/16x9-big/tanker-rauch-100.jpg?width=1280,2026-09-17T03:47:49Z,,"Stand: 17.09.2026 05:47 Uhr
Minen in der Straße von Hormus, Beschuss von Tankern: Satellitenbilder zeigen nun, was das für die Umwelt bedeutet. Rund um die Meerenge gibt es laut Greenpeace mehrere Ö… [+3842 chars]",,de,'Rohöl'
https://www.morgenpost.de/wirtschaft/article413177108/neuer-rekordwert-diesel-in-deutschland-teuer-wie-nie-zuvor.html,https://www.morgenpost.de/wirtschaft/article413177108/neuer-rekordwert-diesel-in-deutschland-teuer-wie-nie-zuvor.html,0,www.morgenpost.de,Neuer Rekordwert: Diesel in Deutschland teuer wie nie zuvor,Die Dieselpreise in Deutschland erreichen neue Rekordhöhen. Steigende Rohölpreise und politische Debatten verschärfen die Belastung für Autofahrer.,https://img.sparknews.funkemedien.de/413177101/413177101_1789628536_v16_9_1600.jpeg,2026-09-17T06:53:22Z,,"Diesel kostet in Deutschland so viel wie noch nie. Am Donnerstag lag der bundesweite Tagesdurchschnitt bei 2,453 Euro pro Liter. Damit wurde der bisherige Höchststand aus dem April übertroffen. Das g… [+2453 chars]",,de,'Rohöl'
https://www.faz.net/aktuell/rhein-main/herbstwetter-in-hessen-regen-wind-und-milde-temperaturen-aktuelle-nachrichten-aus-frankfurt-hessen-faz-19735361.html,https://www.faz.net/aktuell/rhein-main/herbstwetter-in-hessen-regen-wind-und-milde-temperaturen-aktuelle-nachrichten-aus-frankfurt-hessen-faz-19735361.html,0,www.faz.net,"Rhein-Main-Liveblog: Regen, Wind und milde Temperaturen",Kassel: Freispruch für Polizisten nach Herzstillstand bei Festnahme +++ Limburg gegen größeres Outlet in Montabaur +++ Finanzminister Lorz: Sparen und weniger neue Schulden +++ Liveblog zu Rhein-Main und Hessen,https://media0.faz.net/image/w1200h627/b3cfa23d9c8c/w6144h3210x0y538o/202609/43601.0.2562187968/herbstwetter-dunkle-wolken.webp,2026-09-17T08:27:55Z,,Ähnlich sah es bei der Länge der Staus aus: Der Verkehr auf den Autobahnen stand über die Sommerferien hinweg demnach auf knapp 10.800 Kilometern. Im vergangenen Jahr hatte es hingegen 9.200 Kilomete… [+501 chars],,de,'Sparen'
https://www.bild.de/geld/wirtschaft/fed-leitzins-erhoeht-erstmals-seit-drei-jahren-6aaad976bfb40073cb2f4053,https://www.bild.de/geld/wirtschaft/fed-leitzins-erhoeht-erstmals-seit-drei-jahren-6aaad976bfb40073cb2f4053,0,www.bild.de,Kampf gegen hohe Inflation - US-Notenbank Fed erhöht Leitzins,"Die US-Notenbank Fed erhöht den Leitzins erstmals seit mehr als drei Jahren. Erfahren Sie, wie sie die hohe Inflation bremsen will und was Anleger erwartet.","https://images.bild.de/6aaad976bfb40073cb2f4053/fd85da5ec9c6071232d34f76e74ead5a,a9174321?w=1280",2026-09-17T08:48:31Z,,TTS-Player überspringenArtikel weiterlesenWashington Im Kampf gegen die hartnäckig hohe Inflation hebt die US-Notenbank Fed den Leitzins an. Der geldpolitische Schlüsselsatz wurde am Mittwoch um eine… [+1929 chars],,de,'Rohöl'
https://www.focus.de/politik/ausland/russland-baute-in-der-arktis-einen-gigantischen-oelkomplex-das-endergebnis-ist-bisher-ein-beladener-oeltanker_e360034b-6fa6-4549-8b44-a2df3c3364ed.html,https://www.focus.de/politik/ausland/russland-baute-in-der-arktis-einen-gigantischen-oelkomplex-das-endergebnis-ist-bisher-ein-beladener-oeltanker_e360034b-6fa6-4549-8b44-a2df3c3364ed.html,0,www.focus.de,Russland baute in der Arktis einen gigantischen Ölkomplex – Das Endergebnis ist bisher ein beladener Öltanker,Rosneft hat erstmals Öl aus dem arktischen Vostok-Oil-Projekt verschifft. Russland will damit seine Präsenz in der Arktis und seine Exporte nach Asien ausbauen.,"https://quadro.burda-forward.de/ctf/1875055d-c806-42ac-9609-3f2c907bc440.649d033b-97ab-4c2d-9f6c-b3f1816738e3.jpeg?im=RegionOfInterestCrop=(1200,630),regionOfInterest=(1644,1040)&hash=060587da347d276dd068bc521e785aede59f6edfb984732bc3a0c06cefadfad5",2026-09-17T08:49:00Z,,Russland hat erstmals Rohöl aus dem gigantischen Vostok-Oil-Projekt über die Nördliche Seeroute verschifft. Der Tanker Valentin Pikul wurde am neu gebauten Terminal Sever Bay in der Region Taimyr bel… [+2273 chars],,de,'Russland'
https://orf.at/stories/3442413/,https://orf.at/stories/3442413/,0,orf.at,Spritpreis treibt Inflation wieder in die Höhe,"Die Teuerungsrate ist im August wieder gestiegen. Laut Mitteilung der Statistik Austria von Donnerstag lag sie bei 3,2 Prozent. Längerfristiger Preistreiber Nummer eins waren nach wie vor teure Dienstleistungen. Vor allem aber stiegen die Treibstoffpreise zul…",https://ibs.orf.at/news?image=https%3A%2F%2Fassets.orf.at%2Fmims%2F2026%2F38%2F26%2Fcrops%2Fw%3D1200%2Ch%3D630%2Cq%3D75%2F3185489_master_1235526_inflation_treibstoffpreise_august_pba.jpg%3Fs%3D37e338f6fbad94a090a4d225ff9345c542d467bf,2026-09-17T09:34:21Z,,"Im Vergleich zum Juli stieg das durchschnittliche Preisniveau im August um 3,2 Prozent, die Statistik Austria bestätigte am Donnerstag ihre Schnellschätzung von Anfang September. Die Teuerungsrate la… [+4492 chars]",,de,'Rohöl'
https://www.focus.de/auto/elektroauto/e-auto-servicekosten-steigen-im-alter-deutlich_be956cf7-c523-4e53-8f23-d0cbeda5d31a.html,https://www.focus.de/auto/elektroauto/e-auto-servicekosten-steigen-im-alter-deutlich_be956cf7-c523-4e53-8f23-d0cbeda5d31a.html,0,www.focus.de,E-Auto-Servicekosten steigen im Alter deutlich,Der Servicebedarf von Elektroautos unterscheidet sich von dem Aufwand bei Modellen mit Verbrennungsmotor. Hohe Kosten fallen vor allem später an.,"https://quadro.burda-forward.de/ctf/6720001a-168a-4b5f-a3fa-8eaa04afbe41.aec76f7b-bf08-478d-9bd3-020ac51539ff.jpeg?im=RegionOfInterestCrop=(1200,630),regionOfInterest=(916,272)&hash=a00a8c50565b84ef4e6230963e357a259eb87878554345d23a1173de89a96599",2026-09-17T09:42:00Z,,"Während laut dem Experten früher von einer Reduktion des Wartungsaufwands um 25 bis 50 Prozent ausgegangen worden sei, zeige sich heute eine Verringerung um etwa 15 bis 20 Prozent. Die Kosten würden … [+1601 chars]",,de,'Sparen'
https://www.nzz.ch/international/iran-krieg-asien-leidet-noch-immer-unter-den-hohen-treibstoff-preisen-ld.10024180,https://www.nzz.ch/international/iran-krieg-asien-leidet-noch-immer-unter-den-hohen-treibstoff-preisen-ld.10024180,0,www.nzz.ch,Auswirkungen des Iran-Kriegs: Asien leidet weiter unter den hohen Treibstoffpreisen,Seit dem Iran-Krieg sind die Kosten für Benzin und Diesel in Südostasien explodiert. Jetzt kommt es in mehreren Ländern erneut zu Protesten. Für Fischer und Bauern lohnt sich die Arbeit kaum.,"https://img-msp-prod.nzz.ch/2026/09/17/c698a785-c004-4611-999d-a1f76d229393.jpg?width=1200&height=674&fit=bounds&quality=75&auto=webp&crop=4617,2597,x0,y240&wmark=nzz",2026-09-17T10:39:02Z,,"Seit dem Iran-Krieg sind die Kosten für Benzin und Diesel in Südostasien explodiert. Jetzt kommt es in mehreren Ländern erneut zu Protesten. Für Fischer und Bauern lohnt sich die Arbeit kaum.
Zusamm… [+5041 chars]",,de,'Sparen'
https://www.bild.de/politik/ausland-und-internationales/russland-wahl-bewaffneter-druck-und-das-verlogene-umfrage-wunder-fuer-putin-6aabacf13e0af7910e522578,https://www.bild.de/politik/ausland-und-internationales/russland-wahl-bewaffneter-druck-und-das-verlogene-umfrage-wunder-fuer-putin-6aabacf13e0af7910e522578,0,www.bild.de,Staatsduma-Wahl in Russland startet - Putins verlogenes Umfrage-Wunder,"In besetzten Gebieten der Ukraine stimmen Menschen unter bewaffneter Bewachung ab. Lesen Sie, warum Putins Duma-Wahl als kontrolliert gilt und wie Oppositionelle protestieren.","https://images.bild.de/6aabacf13e0af7910e522578/e3c3df33a952de5a84b53459de33fc24,857a70b6?w=1280",2026-09-17T13:02:30Z,,TTS-Player überspringenArtikel weiterlesenMoskau (Russland) Donezk in der besetzten Ostukraine: Eine Frau tritt vor ihre Haustür. Vor ihr stehen Wahlhelfer mit einer mobilen Wahlurne. Aufschrift: Ihr… [+3741 chars],,de,'Putin'
https://www.n-tv.de/politik/Selenskyj-prangert-Chinas-Unterstuetzung-fuer-Russland-an-id31316936.html,https://www.n-tv.de/politik/Selenskyj-prangert-Chinas-Unterstuetzung-fuer-Russland-an-id31316936.html,0,www.n-tv.de,"Hilfe bedeute ""recht viel"": Selenskyj prangert Chinas Unterstützung für Russland an","China ist der wichtigste Handelspartner Russlands. Seinen Einfluss auf Moskau würde Peking aber nicht nutzen, um den Krieg gegen die Ukraine zu beenden, moniert Selenskyj. Der ukrainische Staatschef erhebt auch noch weitere konkrete Vorwürfe gegen China.",https://www.n-tv.de/img/31316976/1789651823/Img_16_9/1200/616405252.jpg,2026-09-17T13:05:58Z,,"Kremlchef Putin und Chinas Präsident Xi vor dem SCO-Gipfel in der kirgisischen Hauptstadt Bischkek Anfang des Monats. (Foto: picture alliance / ZUMAPRESS.com)
China ist der wichtigste Handelspartner… [+2033 chars]",,de,'Putin'
https://www.welt.de/politik/ausland/plus6aaa696091d8cffaad47b393/trumps-partei-wir-wollen-dass-putin-scheitert-der-ueberraschende-ukraine-schwenk-der-republikaner.html,https://www.welt.de/politik/ausland/plus6aaa696091d8cffaad47b393/trumps-partei-wir-wollen-dass-putin-scheitert-der-ueberraschende-ukraine-schwenk-der-republikaner.html,0,www.welt.de,"„Wir wollen, dass Putin scheitert“ – Der überraschende Ukraine-Schwenk der Republikaner","Washington erhöht den Druck auf Moskau: Neue Sanktionen sollen Russlands Wirtschaft hart treffen, Republikaner sehen eine „Verschiebung“ des Ukraine-Kurses in der Trump-Partei.",https://images.welt.de/6aaa696091d8cffaad47b393/313a518b7c67116b564dc5b51cfbcae9-master/ci16x9-w1200/dpa-com-260906-99-554008-jpg,2026-09-17T13:34:33Z,,Die WELT als ePaper: Die vollständige Ausgabe steht Ihnen bereits am Vorabend zur Verfügung so sind Sie immer hochaktuell informiert. Weitere Informationen https://epaper.welt.de,,de,'Putin'
https://www.faz.net/aktuell/feuilleton/kunst-und-architektur/ausstellung/weltberuehmte-ikone-droht-seit-umzug-zerstoerung-201231711.html,https://www.faz.net/aktuell/feuilleton/kunst-und-architektur/ausstellung/weltberuehmte-ikone-droht-seit-umzug-zerstoerung-201231711.html,0,www.faz.net,Ikone Rubljows in Gefahr: Wie Putin eines der wichtigsten Kunstwerke der Welt bedroht,"Die schlechte Luft der Kirche: Die berühmteste Ikone überhaupt, Andrej Rubljows „Dreifaltigkeit“, ist durch ihren Umzug in einem kritischem Zustand. Schuld daran ist Putin.",https://media0.faz.net/image/w1200h627/c0998e26c670/w2024h1057x0y489o/202609/43601.0.2556831556/viel-kopiert-nie-erreicht-doch.webp,2026-09-17T13:37:03Z,,"Die berühmte Dreifaltigkeitsikone von Andrej Rubljow, die Präsident Putin im Kriegsjahr 2023 aus der Moskauer Tretjakow-Galerie der russisch-orthodoxen Kirche übergeben hat, ist in einem kritischen Z… [+2193 chars]",,de,'Putin'
https://www.diepresse.com/41269410/zoelle-von-500-prozent-angedroht-usa-verschaerfen-mit-drastischen-den,https://www.diepresse.com/41269410/zoelle-von-500-prozent-angedroht-usa-verschaerfen-mit-drastischen-den,0,www.diepresse.com,Zölle von 500 Prozent angedroht: USA verschärfen mit drastischen Graham-Sanktionen den Kurs gegen Russland [premium],"Die rigorosen Strafmaßnahmen sollen als Vermächtnis des republikanischen Senators ein Ende des Ukraine-Kriegs beschleunigen. Russland drohen Strafzölle bis zu 500 Prozent, China oder Indien bis zu 100 Prozent.",https://img.diepresse.com/public/incoming/89zm6m-2026-09-15t223512z62543243rc22bmayqm6mrtrmadp3ukraine-crisis-usa-sanctionsjpg/alternates/WEBP_WIDE_1200/2026-09-15T223512Z_62543243_RC22BMAYQM6M_RTRMADP_3_UKRAINE-CRISIS-USA-SANCTIONS.JPG,2026-09-17T14:03:11Z,,Lindsey Graham war ein eifriger Verfechter Israels wie der Ukraine. Nachdem der republikanische Senator vor zwei Monaten unmittelbar nach der Rückkehr von seiner zehnten Kiew-Reise überraschend in Wa… [+2860 chars],,de,'Ukraine'
https://www.n-tv.de/politik/25-000-Nordkoreaner-schuften-in-Russlands-Drohnenfabriken-id31317053.html,https://www.n-tv.de/politik/25-000-Nordkoreaner-schuften-in-Russlands-Drohnenfabriken-id31317053.html,0,www.n-tv.de,Devisen fürs Atomprogramm: 25.000 Nordkoreaner schuften in Russlands Drohnenfabriken,"Die Zusammenarbeit zwischen Russland und Nordkorea soll eine neue Form angenommen haben. Wie ein internationales Team berichtet, hat Pjöngjang bis zu 25.000 Arbeiter nach Russland geschickt, die dort Drohnen bauen. Davon profitiert auch das Kim-Regime enorm.",https://www.n-tv.de/img/31317050/1789652870/Img_16_9/1200/619623331.jpg,2026-09-17T14:27:29Z,,"Devisen fürs Atomprogramm25.000 Nordkoreaner schuften in Russlands Drohnenfabriken
Zunächst importierte Russland iranische Kampfdrohnen vom Typ Shahed. Mittlerweile baut das Land sie für seinen Angr… [+3527 chars]",,de,'Putin'
https://www.faz.net/aktuell/feuilleton/medien-und-film/medienpolitik/russische-desinformation-ueber-bundeskanzler-friedrich-merz-201236846.html,https://www.faz.net/aktuell/feuilleton/medien-und-film/medienpolitik/russische-desinformation-ueber-bundeskanzler-friedrich-merz-201236846.html,0,www.faz.net,Aus Russland gesteuert: Propaganda gegen Merz,Die gegen Friedrich Merz persönlich gerichtete Desinformation aus Russland hat sich laut Verfassungsschutz zuletzt spürbar verstärkt. Verwundern kann das nicht.,https://media0.faz.net/image/w1200h627/9622d02bc953/w6000h3135x0y514o/202609/43601.0.2559844022/die-russische-propaganda-hat.webp,2026-09-17T16:03:54Z,,"Der Verfassungsschutz, schreibt das Handelsblatt, stelle seit einigen Wochen fest, dass die russische Desinformation, die sich direkt gegen Friedrich Merz richtet, massiv zugenommen habe. Seit Ende J… [+2199 chars]",,de,'Putin'
https://orf.at/stories/3442428/,https://orf.at/stories/3442428/,0,orf.at,Wasserreserven der Welt geraten an Grenzen,"Die Vereinten Nationen warnen vor einem weiteren Rückgang der weltweiten Wasserreserven. Die Gesamtmenge des in Grundwasser, Seen, Flüssen, Böden, Eis und Schnee gespeicherten Süßwassers schrumpfe seit Jahren, heißt es in einem am Donnerstag veröffentlichten …",https://ibs.orf.at/news?image=https%3A%2F%2Fassets.orf.at%2Fmims%2F2026%2F38%2F05%2Fcrops%2Fw%3D1200%2Ch%3D630%2Cq%3D75%2F3185690_master_1235605_klima_wasser_ressourcen_rueckgang_uno_r.jpg%3Fs%3D98c116122a6ef5818ff69e4d59dc43b06d9bbe5e,2026-09-17T17:08:07Z,,WMO-Generalsekretärin Celeste Saulo äußerte sich besonders besorgt über den Rückgang der nachhaltigen Reserven wie Grundwasser und Gletscher. Diese hätten traditionell als Puffer für schlechte Jahre … [+3755 chars],,de,'Schnee'
https://taz.de/Russland/!6213945/,https://taz.de/Russland/!6213945/,0,taz.de,Russland: Fernsehkoch Pawel Sjutkin muss sechs Jahre in Haft,Sein Hitler-Vergleich hat Russlands Präsident Putin nicht gefallen. Jetzt muss Fernsehkoch Pawel Sjutkin ins Gefängnis. Er nennt es eine „kreative Dienstreise“.,https://taz.de/picture/8744940/1200/42095669.jpeg,2026-09-17T17:41:00Z,,Sein Hitler-Vergleich hat Russlands Präsident Putin nicht gefallen. Jetzt muss Fernsehkoch Pawel Sjutkin ins Gefängnis. Er nennt es eine „kreative Dienstreise“. mehr...,,de,'Russland'
https://www.faz.net/aktuell/wirtschaft/mehr-wirtschaft/kevin-warsh-trotzt-donald-trump-bei-der-inflationsbekaempfung-201236493.html,https://www.faz.net/aktuell/wirtschaft/mehr-wirtschaft/kevin-warsh-trotzt-donald-trump-bei-der-inflationsbekaempfung-201236493.html,0,www.faz.net,Federal Reserve: Geldpolitik mit Crack,"Statt Donald Trumps Ruf nach niedrigeren Zinsen zu folgen, bekämpft der Fed-Chef die Inflation. Damit zeigt er unerwartet Rückgrat.",https://media0.faz.net/image/w1200h627/3ce39416bf39/w6000h3135x0y433o/202609/43601.0.2560776714/der-chef-federal-reserve-board.webp,2026-09-17T17:43:16Z,,"Das Wort Crack hat viele Bedeutungen, die mühelos mit der aktuellen amerikanischen Geldpolitik in Zusammenhang gebracht werden können. Crack steht für den Spitzensportler, den ausgewiesenen Spezialis… [+1941 chars]",,de,'Rohöl'
https://www.faz.net/aktuell/wirtschaft/nordkorea-schickt-zwangsarbeiter-in-russlands-drohnenfabriken-201235527.html,https://www.faz.net/aktuell/wirtschaft/nordkorea-schickt-zwangsarbeiter-in-russlands-drohnenfabriken-201235527.html,0,www.faz.net,Nordkoreas Arbeiter in Russland: Mit Studentenvisum in der Drohnenfabrik schuften,"Pjöngjang verdient bis zu 800 Millionen Dollar im Jahr mit Arbeitern, die es nach China und Russland verfrachtet. Ein Bericht schildert schaurige Zustände.",https://media0.faz.net/image/w1200h627/9391f171df84/w4056h2119x0y286o/202608/43601.0.2438467829/staatlich-auferlegte.webp,2026-09-17T17:46:21Z,,"Sie arbeiten am Bau, auf Fischerbooten oder in der Rüstungsproduktion, zwölf bis 18 Stunden am Tag, nicht selten sieben Tage die Woche. Nordkoreas Auslandsarbeitskräfte sind für das Regime in Pjöngja… [+5139 chars]",,de,'Putin'
https://orf.at/stories/3442488/,https://orf.at/stories/3442488/,0,orf.at,Putin stellt Nestle-Russland unter Staatsverwaltung,,https://orf.at/mojo/1_4_1/storyserver//news/common/images/og-fallback-news.png,2026-09-17T18:10:28Z,,Der Schweizer Lebensmittelkonzern Nestle verliert die Kontrolle über einen Teil seines Russland-Geschäfts. Der russische Präsident Wladimir Putin stellte zwei Nestle-Gesellschaften unter eine vorüber… [+1290 chars],,de,'Putin'
https://www.morgenpost.de/politik/article413177936/parlamentswahl-in-russland-wovor-putin-sich-diesmal-fuerchten-muss.html,https://www.morgenpost.de/politik/article413177936/parlamentswahl-in-russland-wovor-putin-sich-diesmal-fuerchten-muss.html,0,www.morgenpost.de,Parlamentswahl in Russland: Wovor Putin sich diesmal fürchten muss,Zur Parlamentswahl hat sich die Stimmung in Russland eingetrübt. Wie ist der Rückhalt für Putin? Das sagen Bürgerinnen und Bürger in Moskau.,https://img.sparknews.funkemedien.de/413180503/413180503_1789670794_v16_9_1600.jpeg,2026-09-17T18:49:02Z,,"Unterwegs in Moskau vor der Duma-Wahl, unterwegs mit Olga. Sie ist Rentnerin, geht gerade zum Einkaufen, vorbei an den Wahlplakaten. Meine Meinung? Weder die politischen noch die wirtschaftlichen Pro… [+5373 chars]",,de,'Russland'
https://www.n-tv.de/politik/21-20-Tusk-sieht-kritischsten-Moment-auf-Ukraine-zukommen-und-rechnet-mit-Angriffen-auf-Unterstuetzer-id31319310.html,https://www.n-tv.de/politik/21-20-Tusk-sieht-kritischsten-Moment-auf-Ukraine-zukommen-und-rechnet-mit-Angriffen-auf-Unterstuetzer-id31319310.html,0,www.n-tv.de,"Ukraine-Krieg im Liveticker: +++ 21:20 Tusk sieht ""kritischsten Moment"" auf Ukraine zukommen und rechnet mit Angriffen auf Unterstützer +++","Berlin, Washington, Brüssel - überall. ntv berichtet von allen wichtigen Schauplätzen der Innen- und Außenpolitik.",https://www.n-tv.de/img/2339153/1721988811/Img_16_9/1200/image.jpg,2026-09-17T20:00:00Z,,Der polnische Ministerpräsident Donald Tusk rechnet für die kommenden Wochen mit stärkeren russischen Angriffen auf die Ukraine wie auf ihre Unterstützer. Nach Einschätzung von Geheimdiensten könnte … [+26093 chars],,de,'Putin'
https://www.derstandard.at/story/3000000340306/putin-stellt-russische-nestl233-beteiligungen-unter-fremdverwaltung,https://www.derstandard.at/story/3000000340306/putin-stellt-russische-nestl233-beteiligungen-unter-fremdverwaltung,0,www.derstandard.at,Putin stellt russische Nestlé-Beteiligungen unter Fremdverwaltung,"Zwei Gesellschaften wurden unter eine vorübergehende russische Verwaltung gestellt. Nestlé bleibt Eigentümer, kann aber vorerst nicht mehr selbst über die Beteiligungen bestimmen",https://i.ds.at/9AmVoA/rs:fill:1200:600/plain/lido-images/2026/09/17/5854de06-f54b-4970-a870-751786ad94a0.jpg,2026-09-17T20:14:18Z,,"Sie entscheiden darüber, wie Sie unsere Inhalte nutzen wollen. Ihr Gerät erlaubt uns derzeit leider nicht, die entsprechenden Optionen anzuzeigen.
Bitte deaktivieren Sie sämtliche Hard- und Software… [+180 chars]",,de,'Putin'
https://www.faz.net/aktuell/politik/ausland/duma-wahl-in-russland-wo-ein-kriegsgegner-gegen-einen-veteranen-antritt-201227953.html,https://www.faz.net/aktuell/politik/ausland/duma-wahl-in-russland-wo-ein-kriegsgegner-gegen-einen-veteranen-antritt-201227953.html,0,www.faz.net,Scheinwahl in Russland: Kriegsveteran gegen Kriegsgegner,"Putin inszeniert die Duma-Wahl als Votum über den Krieg. Ein Besuch in Moskaus Osten, wo der Kandidat der Jabloko-Partei für Frieden wirbt und gegen einen Frontkämpfer antritt.",https://media0.faz.net/image/w1200h627/641c02923031/w6192h3235x0y553o/202609/43601.0.2523386232/fussgaenger-laufen-am.webp,2026-09-17T20:39:04Z,,"Wer an der Metrostation Perowo im Osten von Moskau aussteigt, sieht ein Plakat in einem Gestell auf dem Asphalt stehen. Es zeigt einen jungen Mann in Uniform, von der Orden hängen: Eduard Schonow. Er… [+9277 chars]",,de,'Putin'
https://www.telepolis.de/article/Ukraine-Was-wenn-Moskau-gewinnt-11456773.html,https://www.telepolis.de/article/Ukraine-Was-wenn-Moskau-gewinnt-11456773.html,0,www.telepolis.de,"Ukraine: Was, wenn Moskau gewinnt?","Niemand will es aussprechen, doch die Frage drängt sich auf: Was würde ein russischer Sieg im Ukraine-Krieg bedeuten – und wie könnte das Szenario aussehen?",https://heise.cloudimg.io/v7/_www-heise-de_/imgs/18/5/1/6/6/9/0/5/shutterstock_2202935145-c90ea3298994b242.jpg?func=bound&height=1200&org_if_sml=1&q=85&width=1200,2026-09-17T22:00:00Z,,"Ukraines Präsident Wolodymir Selenskyj steht innenpolitisch unter Druck
(Bild: Dmytro Larin/Shutterstock.com)
Niemand will es aussprechen, doch die Frage drängt sich auf: Was würde ein russischer S… [+7492 chars]",,de,'Ukraine'
https://www.bild.de/politik/ausland-und-internationales/schock-fuer-europa-trump-koennte-40-000-us-soldaten-abziehen-6aac60d8baad3fac16cdf06e,https://www.bild.de/politik/ausland-und-internationales/schock-fuer-europa-trump-koennte-40-000-us-soldaten-abziehen-6aac60d8baad3fac16cdf06e,0,www.bild.de,Trump-Truppenhammer! - USA könnten 40.000 Soldaten aus Europa abziehen,Trump erwägt laut NBC den Abzug von bis zu 40.000 US-Soldaten aus Europa – mitten in wachsender Sorge vor Russlands Bedrohung der NATO.,"https://images.bild.de/6aac60d8baad3fac16cdf06e/2bf11f46509f7902784c338f8e211d88,6850d077?w=1280",2026-09-17T23:36:28Z,,Washington/Berlin  Möglicher Knalleffekt bei den US-Truppen in Europa! Laut einem Bericht des Senders NBC erwägt das Pentagon einen massiven Abzug von 25.000 bis sogar 40.000 Soldaten aus den europäi… [+2643 chars],,de,'Putin'
https://www.focus.de/politik/ausland/putins-kriegswahl-russland-bestimmt-neues-parlament_22aaf68d-81c9-4407-8c09-fb4a0b76a914.html,https://www.focus.de/politik/ausland/putins-kriegswahl-russland-bestimmt-neues-parlament_22aaf68d-81c9-4407-8c09-fb4a0b76a914.html,0,www.focus.de,Putins Kriegswahl - Russland bestimmt neues Parlament,"Zum ersten Mal seit Beginn des Angriffskriegs gegen die Ukraine wählt Russland ein neues Parlament. Die Opposition ist nicht zugelassen. Kremlchef Putin erwartet, dass sein Kriegskurs bestätigt wird.","https://quadro.burda-forward.de/ctf/1c9b4a27-1cfc-4f57-b051-5416784dfd34.6fa5ca33-b8f4-4587-a11f-2046aecc596b.jpeg?im=RegionOfInterestCrop=(1200,630),regionOfInterest=(1024,683)&hash=74d3366e9bd77ce32119d402c7f31f403d5ec80330063f67c685f996254dcc91",2026-09-18T00:39:00Z,,"Russland wählt im Schatten seines Angriffskrieges gegen die Ukraine von heute (Freitag) bis Sonntag ein neues Parlament. Kremlchef Wladimir Putin hat die Russen aufgefordert, mit ihrer Stimmabgabe ei… [+5654 chars]",,de,'Putin'
https://www.tagesspiegel.de/internationales/die-kreml-kinder-so-bringt-putin-die-nachste-generation-seiner-elite-in-position-16020036.html,https://www.tagesspiegel.de/internationales/die-kreml-kinder-so-bringt-putin-die-nachste-generation-seiner-elite-in-position-16020036.html,0,www.tagesspiegel.de,Die Kreml-Kinder: So bringt Putin die nächste Generation seiner Elite in Position,Sie besetzen politische Ämter und Aufsichtsrats-Posten in Staatsunternehmen – die Kinder der russischen Elite. Sie sollen das Überleben des Systems Putin sichern. Ist unter ihnen auch ein Nachfolger?,https://www.tagesspiegel.de/images/16067342/alternates/BASE_16_9_W1400/1789660661000/2026-09-18-kreml-kinder.jpeg,2026-09-18T02:37:54Z,,"Stellen Sie sich vor, Sie müssen Ihr Haus renovieren. Die Wasserrohre in der Küche haben ein Leck und müssen ausgetauscht werden. Sie haben zwei Optionen: Entweder Sie heuern Handwerker an. Profis, d… [+1401 chars]",,de,'Putin'
https://www.nzz.ch/international/russland-der-kreml-veranstaltet-eine-wahlfarce-fuer-die-duma-ld.10024211,https://www.nzz.ch/international/russland-der-kreml-veranstaltet-eine-wahlfarce-fuer-die-duma-ld.10024211,0,www.nzz.ch,Wahlfarce in Russland: Der Kreml lässt die Bürger zu einem abgekarteten Spiel antraben,"Das Putin-Regime hat vorgesorgt, dass auch in der nächsten Duma oppositionelle Stimmen fehlen werden. Trotzdem gibt die Wahl vom Wochenende einen Einblick in die veränderte politische Landschaft Russlands. Der Krieg drückt ihr den Stempel auf.","https://img-msp-prod.nzz.ch/2026/09/17/31e21ca8-c96a-435c-8e0f-07b5180d2864.jpg?width=1200&height=674&fit=bounds&quality=75&auto=webp&crop=4985,2804,x0,y313&wmark=nzz",2026-09-18T03:30:00Z,,"Das Putin-Regime hat vorgesorgt, dass auch in der nächsten Duma oppositionelle Stimmen fehlen werden. Trotzdem gibt die Wahl vom Wochenende einen Einblick in die veränderte politische Landschaft Russ… [+9551 chars]",,de,'Russland'
https://www.nzz.ch/deutschland/politik/mehr-trump-mehr-putin-oder-beides-so-will-die-afd-ihren-streit-ueber-die-richtige-aussenpolitik-loesen-ld.10024090,https://www.nzz.ch/deutschland/politik/mehr-trump-mehr-putin-oder-beides-so-will-die-afd-ihren-streit-ueber-die-richtige-aussenpolitik-loesen-ld.10024090,0,www.nzz.ch,"Mehr Trump, mehr Putin – oder beides? So will die AfD ihren Streit über die richtige Aussenpolitik lösen","Die AfD versucht seit langem, die unterschiedlichen aussenpolitischen Ansätze in ihrer Partei unter einen Hut zu bekommen. Nun hat sie ihre Positionen weitgehend geklärt und in zwei Dokumenten zusammengefasst. Dem Kreml werden zentrale Ideen bekannt vorkommen.","https://img-msp-prod.nzz.ch/2026/09/17/3375e4d5-8481-4b66-8da8-e9dc7561c0e8.jpg?width=1200&height=675&fit=bounds&quality=75&auto=webp&crop=8192,4608,x0,y856&wmark=nzz",2026-09-18T03:30:00Z,,"Die AfD versucht seit langem, die unterschiedlichen aussenpolitischen Ansätze in ihrer Partei unter einen Hut zu bekommen. Nun hat sie ihre Positionen weitgehend geklärt und in zwei Dokumenten zusamm… [+9559 chars]",,de,'Putin'
https://www.nzz.ch/meinung/warum-der-globale-sueden-ein-mythos-und-nuetzlich-fuer-diktatoren-ist-ld.10024033,https://www.nzz.ch/meinung/warum-der-globale-sueden-ein-mythos-und-nuetzlich-fuer-diktatoren-ist-ld.10024033,0,www.nzz.ch,"KOMMENTAR - Den globalen Süden gibt es nicht – der Mythos hilft Diktatoren, Linkspopulisten und ehrgeizigen Politikern","Am Brics-Gipfel in Delhi beschworen Xi Jinping, Wladimir Putin und Narendra Modi ihre Einigkeit. Ein Blick auf die Realpolitik zeigt: Die Länder Südamerikas, Afrikas und Asiens sind viel zu verschieden, als dass sie einen Block bilden könnten. Hinter der Fass…","https://img-msp-prod.nzz.ch/2026/09/17/4e556982-02e2-4871-853e-5ce19a27eeaa.jpg?width=1200&height=675&fit=bounds&quality=75&auto=webp&crop=3904,2196,x0,y299&wmark=nzz",2026-09-18T03:35:00Z,,"Am Brics-Gipfel in Delhi beschworen Xi Jinping, Wladimir Putin und Narendra Modi ihre Einigkeit. Ein Blick auf die Realpolitik zeigt: Die Länder Südamerikas, Afrikas und Asiens sind viel zu verschied… [+9251 chars]",,de,'Putin'
https://www.faz.net/podcasts/f-a-z-podcast-fruehdenker/wie-gross-ist-gefahr-durch-flughafenmalaria-faz-fruehdenker-201238421.html,https://www.faz.net/podcasts/f-a-z-podcast-fruehdenker/wie-gross-ist-gefahr-durch-flughafenmalaria-faz-fruehdenker-201238421.html,0,www.faz.net,F.A.Z. frühdenker: Wie groß ist die Gefahr durch Flughafenmalaria?,Die Wahlen in Mecklenburg-Vorpommern und Berlin könnten die Bundespolitik erschüttern. Putin inszeniert die Duma-Wahl als Votum über den Krieg. Und: Das Oktoberfest beginnt. Der F.A.Z. Frühdenker.,https://media0.faz.net/image/w1200h627/70445311139b/w4024h2102x0y290o/202606/43601.0.2277172826/kann-keinen-schaden-mehr.webp,2026-09-18T03:45:48Z,,Die Wahlen in Mecklenburg-Vorpommern und Berlin könnten die Bundespolitik erschüttern. Putin inszeniert die Duma-Wahl als Votum über den Krieg. Und: Das Oktoberfest beginnt. Der F.A.Z. Frühdenker.,,de,'Putin'
https://www.diepresse.com/41269442/der-letzte-mann-der-wladimir-putin-in-moskau-die-stirn-bietet,https://www.diepresse.com/41269442/der-letzte-mann-der-wladimir-putin-in-moskau-die-stirn-bietet,0,www.diepresse.com,"Der letzte Mann, der Wladimir Putin in Moskau die Stirn bietet [premium]","Der liberale Politiker Sergej Mitrochin kandidiert im Wahlkreis Moskau Mitte für die Parlamentswahlen. Obwohl er sehr populär ist, gilt er als chancenlos. Aber Mitrochin hat sein eigenes politisches Konzept. Eine Reportage.",https://img.diepresse.com/public/incoming/wcu4o6-2026-09-16t092923z889960186rc2y6naotq16rtrmadp3russia-election-politicsjpg/alternates/WEBP_WIDE_1200/2026-09-16T092923Z_889960186_RC2Y6NAOTQ16_RTRMADP_3_RUSSIA-ELECTION-POLITICS.JPG,2026-09-18T03:51:19Z,,"Moskau. 26 Leute stehen um Sergej Mitrochin herum, die Mehrzahl in Adidas, Asics oder in chinesischen Straßensportschuhen. Mittelklasse-Moskauer, die zu Fuß bis zur U-Bahn gehen, das spektakulärste K… [+6548 chars]",,de,'Putin'
https://orf.at/stories/3442252/,https://orf.at/stories/3442252/,0,orf.at,Duma-Wahl als Planspiel des Kreml,In Russland findet von Freitag (Ortszeit) bis Sonntag die erste Parlamentswahl seit dem Angriff auf die Ukraine statt. Im äußersten Osten begann die Abstimmung bereits am Donnerstagabend. Der Sieg von Präsident Wladimir Putins Partei Geeintes Russland steht F…,https://ibs.orf.at/news?image=https%3A%2F%2Fassets.orf.at%2Fmims%2F2026%2F38%2F39%2Fcrops%2Fw%3D1200%2Ch%3D630%2Cq%3D75%2F3184809_master_1235239_russland_duma_wahl_vorschau_im.jpg%3Fs%3Dae242c016c184985426f9efdb7f47df4c757df89,2026-09-18T04:01:01Z,,"Innerhalb von drei Tagen werden die 450 Sitze des Unterhauses des russischen Parlaments, der Staatsduma, zur Hälfte über landesweite Listen und zur Hälfte über Wahlkreislisten neu besetzt.
Neben Gee… [+6635 chars]",,de,'Russland'
https://www.diepresse.com/41272641/putin-stellt-russische-toechter-von-nestle-und-auchan-unter-temporaere,https://www.diepresse.com/41272641/putin-stellt-russische-toechter-von-nestle-und-auchan-unter-temporaere,0,www.diepresse.com,Putin stellt russische Töchter von Nestlé und Auchan unter temporäre Verwaltung,Die russischen Vermögenswerte des Lebensmittelkonzerns Nestlé wurden auf Anordnung des russischen Präsidenten an die L.E.V. zur Verwaltung übertragen.,https://www.diepresse.com/assets_v2/images/diepresse_nachrichten.png,2026-09-18T04:22:05Z,,"Die Presse auf Google als bevorzugte Nachrichtenquelle hinzufügen.
 Der russische Präsident Wladimir Putin hat die russischen Vermögenswerte des Schweizer Lebensmittelkonzerns Nestlé und des französ… [+271 chars]",,de,'Putin'
https://www.sueddeutsche.de/politik/wahlen-in-mv-und-berlin-merz-brief-krieg-in-der-ukraine-li.3549786,https://www.sueddeutsche.de/politik/wahlen-in-mv-und-berlin-merz-brief-krieg-in-der-ukraine-li.3549786,0,www.sueddeutsche.de,SZ am Morgen: Nachrichten des Tages – die Übersicht für Eilige,Übersicht über Landtagswahlen in Berlin und Mecklenburg-Vorpommern. Die CDU in der Krise. In Russland beginnen die Parlamentswahlen.,https://www.sueddeutsche.de/2026/09/16/460731b7-5b8a-4f2f-ae9a-f668f254c8ac.jpg?q=60&fm=webp&width=1200&rect=0%2C209%2C4000%2C2250,2026-09-18T04:57:36Z,,"Arbeitstitel: die ersten Erkenntnisse aus den Wahlnachbefragungen. Aber da heute noch niemand weiß, was die Wähler am Sonntag machen werden, muss ich verschiedene Varianten vorschreiben. Einige Absät… [+3854 chars]",,de,'Russland'
https://taz.de/Sport-und-Regime-und-Russland/!6213908/,https://taz.de/Sport-und-Regime-und-Russland/!6213908/,0,taz.de,Sport und Regime und Russland: Ihr müsst das nicht tun,"Eishockey-Star Alexander Owetschkin macht Wahlwerbung für den Kriegsverbrecher Putin. Serbiens Volleyballerinnen zeigen, wie es mutig und anders geht.",https://taz.de/picture/8744655/1200/42095925.jpeg,2026-09-18T05:20:00Z,,"Eishockey-Star Alexander Owetschkin macht Wahlwerbung für den Kriegsverbrecher Putin. Serbiens Volleyballerinnen zeigen, wie es mutig und anders geht. mehr...",,de,'Putin'
https://www.focus.de/gesundheit/gleitgele-im-oeko-test-teuer-flutscht-nicht-immer-am-besten_6108159c-2902-407f-ae77-9ea9b55c2e02.html,https://www.focus.de/gesundheit/gleitgele-im-oeko-test-teuer-flutscht-nicht-immer-am-besten_6108159c-2902-407f-ae77-9ea9b55c2e02.html,0,www.focus.de,Gleitgele im Öko-Test: Teuer flutscht nicht immer am besten,"Gleitgele sorgen für ein reibungsloses Liebesleben. Eingesetzt an sehr intimer Stelle, sollten aber die Inhaltsstoffe stimmen. Ein Test zeigt: Die meisten Gele sind gut, manche aber auch gar nicht.","https://quadro.burda-forward.de/ctf/c816bdb0-23be-4e7e-abb8-e56b398d72c5.21f64cda-f246-4629-bf3a-33384154aaa2.jpeg?im=RegionOfInterestCrop=(1200,630),regionOfInterest=(1008,510)&hash=64fa44339f9b65abf9171b579db3565c820d8d65bbaaf826b07f8d3bf368d766",2026-09-18T10:45:00Z,,Egal ob man wegen Scheidentrockenheit oder persönlichen Vorlieben beim Sex ein Gleitgel benutzt - es sollte jedenfalls nicht gesundheitsschädlich sein. Die Zeitschrift Öko-Test (Ausgabe 10/2026) hat … [+2733 chars],,de,'Teuer'
https://www.n-tv.de/wirtschaft/Deutscher-Staatskonzern-setzt-Gasversorgung-aufs-Spiel-id31317671.html,https://www.n-tv.de/wirtschaft/Deutscher-Staatskonzern-setzt-Gasversorgung-aufs-Spiel-id31317671.html,0,www.n-tv.de,Sefe gehörte russischem Gazprom: Deutscher Staatskonzern setzt Gasversorgung aufs Spiel,"Nach Russlands Vollinvasion in der Ukraine übernimmt Deutschland die hiesige Gazprom-Tochter. Heute heißt das Gasunternehmen Securing Energy for Europe (Sefe). Doch statt die Versorgung zu sichern, riskiert es ebendiese.",https://www.n-tv.de/img/31320902/1789734347/Img_16_9/1200/559175210.jpg,2026-09-18T10:47:12Z,,"Sefe-Mitarbeiter auf dem Gelände des Erdgasspeichers Rehden. (Foto: picture alliance/dpa)
Nach Russlands Vollinvasion in der Ukraine übernimmt Deutschland die hiesige Gazprom-Tochter. Heute heißt da… [+6419 chars]",,de,'Teuer'
https://www.focus.de/finanzen/news/putin-greift-nach-nestles-russlandgeschaeft-mega-enteignung-trifft-schweizer-hersteller_5a4058bf-8760-4774-853f-00fa307e5211.html,https://www.focus.de/finanzen/news/putin-greift-nach-nestles-russlandgeschaeft-mega-enteignung-trifft-schweizer-hersteller_5a4058bf-8760-4774-853f-00fa307e5211.html,0,www.focus.de,Putin greift nach Nestlés Russlandgeschäft – Mega-Enteignung trifft Schweizer Hersteller,Der Kreml will das Russlandgeschäft von Nestlé enteignen. Es ist längst nicht die erste Enteignung gegenüber westlichen Unternehmen.,"https://quadro.burda-forward.de/ctf/bc5ef16b-512d-4886-9efa-dc7218928fe7.57d8c7e1-a67a-4d8a-8467-7aa8d37ca74a.jpg?im=RegionOfInterestCrop=(1200,630),regionOfInterest=(2914,1074)&hash=8f968172552a1cf211d86aa3e1d6bc74d73b05b922167dc7c2a24811074689a5",2026-09-18T12:20:00Z,,"Am Freitag (18. September) teilte Nestlé mit, das Unternehmen wolle alle Optionen prüfen, um seine Rechte in Russland zu wahren. Die Meldung kam nach einem Beschluss aus dem Kreml, die Kontrolle über… [+3933 chars]",,de,'Russland'
https://www.diepresse.com/41273700/geht-putin-jetzt-aufs-ganze-in-russland-warten-alle-nur-darauf-was-nach,https://www.diepresse.com/41273700/geht-putin-jetzt-aufs-ganze-in-russland-warten-alle-nur-darauf-was-nach,0,www.diepresse.com,"Geht Putin jetzt aufs Ganze? In Russland warten alle nur darauf, was nach den Wahlen passiert",Die Duma-Wahl in Russland lässt die Russen eher kalt. Das Ergebnis steht quasi fest. An heiklen Themen wie dem Krieg in der Ukraine oder dem Benzinmangel will niemand anstreifen. „Presse“-Korrespondent Stefan Scholl erzählt von Begegnungen während des Wahlkam…,https://www.diepresse.com/assets_v2/images/diepresse_nachrichten.png,2026-09-18T12:21:53Z,,"Die Presse auf Google als bevorzugte Nachrichtenquelle hinzufügen.
 Über 4400 Kandidaten und zehn Parteien bewerben sich um 450 Sitze im russischen Parlament. Das Ergebnis der Dreitages-Abstimmung g… [+1383 chars]",,de,'Putin'
https://www.focus.de/politik/ausland/die-armee-will-den-watchkeeper-durch-eine-in-der-ukraine-bewaehrte-drohne-ersetzen_4fa02c9d-32bf-4993-9acc-16fa4096d16c.html,https://www.focus.de/politik/ausland/die-armee-will-den-watchkeeper-durch-eine-in-der-ukraine-bewaehrte-drohne-ersetzen_4fa02c9d-32bf-4993-9acc-16fa4096d16c.html,0,www.focus.de,Die Armee will den „Watchkeeper“ durch eine in der Ukraine bewährte Drohne ersetzen,Die britische Armee ersetzt ihr Watchkeeper-System durch die Ukraine-erprobte AR5-Drohne. Zusätzlich erhält sie mehr als 1000 kleine Aufklärungsdrohnen.,"https://quadro.burda-forward.de/ctf/2058f1a0-bcb8-405e-9938-7f7ca3633a41.38d9895b-c275-455a-934b-8617988ce14a.jpg?im=RegionOfInterestCrop=(1200,630),regionOfInterest=(2997,2640)&hash=1c7eb4c82f979fa767a1bb5a9ed64b8982257b45bb54fd4b8ca47b690b62fd34",2026-09-18T12:27:00Z,,London bekommt ein neues Drohnensystem für die Gefechtsaufklärung. Das britische Verteidigungsministerium hat einen Vertrag mit Tekever über bis zu 400 Millionen Pfund (ca. 465 Millionen Euro) angekü… [+2545 chars],,de,'Ukraine'
https://www.focus.de/politik/ausland/sie-verdienen-etwa-6500-euro-pro-jahr-bis-zu-25-000-nordkoreaner-sind-nach-russland-gereist-um-in-drohnenfabriken-zu-arbeiten_a28e4502-dd93-42a2-a1e3-a3861a229dfa.html,https://www.focus.de/politik/ausland/sie-verdienen-etwa-6500-euro-pro-jahr-bis-zu-25-000-nordkoreaner-sind-nach-russland-gereist-um-in-drohnenfabriken-zu-arbeiten_a28e4502-dd93-42a2-a1e3-a3861a229dfa.html,0,www.focus.de,"Sie verdienen etwa 6500 Euro pro Jahr: Bis zu 25.000 Nordkoreaner sind nach Russland gereist, um in Drohnenfabriken zu arbeiten",Nordkorea schickt offenbar Tausende Arbeiter nach Russland. In Alabuga sollen sie an Drohnen für den Krieg gegen die Ukraine mitarbeiten – getarnt als Studenten.,"https://quadro.burda-forward.de/ctf/5b8de684-aed8-4b84-a03d-796617788d4f.4d208b6e-bf14-44b0-a118-61a3d1d63be4.jpeg?im=RegionOfInterestCrop=(1200,630),regionOfInterest=(400,306)&hash=0d01b94ee4d047e6a7e2b4121283441a198d3a6562588b90c4a2f9328ab89ad8",2026-09-18T12:30:00Z,,"Bis zu 25.000 Nordkoreaner sollen in russischen Drohnenfabriken arbeiten. Besonders die Sonderwirtschaftszone Alabuga in Tatarstan steht im Mittelpunkt. Dort werden Drohnen des Typs Geran produziert,… [+2207 chars]",,de,'Ukraine'
https://www.faz.net/aktuell/wirtschaft/unternehmen/nestle-in-russland-wladimir-putin-greift-konzern-an-201239414.html,https://www.faz.net/aktuell/wirtschaft/unternehmen/nestle-in-russland-wladimir-putin-greift-konzern-an-201239414.html,0,www.faz.net,Per Erlass: Putin schnappt sich Nestlés Russland-Geschäft,"Russlands Herrscher überträgt Gesellschaften von Nestlé und den französischen Handelsketten Leroy Merlin und Auchan einer unbekannten Struktur, obwohl sie Moskau treu blieben. Folgt der Zwangsverkauf?",https://media0.faz.net/image/w1200h627/9c2a264ba165/w4000h2090x0y497o/202609/43601.0.2566133650/im-angebot-babynahrung-von.webp,2026-09-18T12:32:35Z,,"Allem Anschein nach ist ein Generalmajor des russischen Innenministeriums namens Andrej Krajuschkin der Mann, dem sein oberster Dienstherr, Präsident Wladimir Putin, gerade im Handstreich eine Reihe … [+6408 chars]",,de,'Russland'
https://www.bild.de/politik/deutsches-konsulat-schliesst-in-st-petersburg-spannungen-wegen-drohne-am-flughafen-leipzig-halle-6aad0a60708e760b5e062df7,https://www.bild.de/politik/deutsches-konsulat-schliesst-in-st-petersburg-spannungen-wegen-drohne-am-flughafen-leipzig-halle-6aad0a60708e760b5e062df7,0,www.bild.de,Konsulat in St. Petersburg geschlossen - Hier wird die deutsche Flagge eingeholt,Russland ordnete die Schließung des deutschen Konsulats an. Die Mitarbeiter müssen das Land bis zum 18. September verlassen. Auch die Goethe-Institute in...,"https://images.bild.de/6aad0a60708e760b5e062df7/479e2091b5072a8cd92a3ea6fd452780,a901005d?w=1280",2026-09-18T12:41:54Z,,"+++Gericht entscheidet: Eugen Block darf seine Enkel nicht besuchen
+++Gericht entscheidet: Eugen Block darf seine Enkel nicht besuchen
+++Gericht entscheidet: Eugen Block darf seine Enkel nicht be… [+488 chars]",,de,'Russland'
https://www.focus.de/politik/ausland/russland-steigert-den-einsatz-schneller-jet-drohnen-in-der-ukraine-deutlich-kiew-entwickelt-neue-abfangdrohnen_6a6bc39f-440b-43a0-948d-80fdc4bb9d1d.html,https://www.focus.de/politik/ausland/russland-steigert-den-einsatz-schneller-jet-drohnen-in-der-ukraine-deutlich-kiew-entwickelt-neue-abfangdrohnen_6a6bc39f-440b-43a0-948d-80fdc4bb9d1d.html,0,www.focus.de,Russland steigert den Einsatz schneller Jet-Drohnen in der Ukraine deutlich – Kiew entwickelt neue Abfangdrohnen,Russland setzt immer mehr Jet-Drohnen ein. Die Ukraine entwickelt deshalb schnellere und günstigere Abfangsysteme gegen die neuen Geran-Modelle.,"https://quadro.burda-forward.de/ctf/88d445ad-2937-4294-b638-5fcfadb13c28.999ed29d-84f5-4557-a7a4-629d7977b8b1.jpeg?im=RegionOfInterestCrop=(1200,630),regionOfInterest=(640,360)&hash=a20db7fb1d6159487f4a7810f503c8f83ddfe4434336ef493ca04d54c56ff3c7",2026-09-18T12:51:00Z,,Russland setzt im Krieg gegen die Ukraine zunehmend auf schnelle Drohnen mit Strahltriebwerken. Die Fluggeräte erreichen Geschwindigkeiten von bis zu 500 km/h und stellen die ukrainische Luftverteidi… [+2784 chars],,de,'Russland'
https://www.focus.de/politik/ausland/parlamentswahl-in-russland-wahllokale-in-sotschi-wegen-drohnenalarm-geschlossen-abstimmung-unter-kriegsbedingungen_07df8bd2-0a5d-4ab5-a63a-06921eae856f.html,https://www.focus.de/politik/ausland/parlamentswahl-in-russland-wahllokale-in-sotschi-wegen-drohnenalarm-geschlossen-abstimmung-unter-kriegsbedingungen_07df8bd2-0a5d-4ab5-a63a-06921eae856f.html,0,www.focus.de,Parlamentswahl in Russland: Wahllokale in Sotschi wegen Drohnenalarm geschlossen – Abstimmung unter Kriegsbedingungen,Russland wählt inmitten seines Angriffskrieges gegen die Ukraine ein neues Parlament. Die Ukraine setzt ihre Gegenangriffe mit Drohnen derweil fort. Das hat auch Folgen für die Abstimmung.,"https://quadro.burda-forward.de/ctf/61117b25-7ad1-4ed5-9569-b5ad42cbad3c.1fb234de-6077-4dd2-89f9-ec914866852f.jpeg?im=RegionOfInterestCrop=(1200,630),regionOfInterest=(1024,683)&hash=e3490729f76e5e6e392ab17f891fec20225609cd055940094ef0972d2ee12721",2026-09-18T13:03:00Z,,Bei der Parlamentswahl in Russland haben die Wahllokale in der Schwarzmeermetropole Sotschi kurzzeitig wegen Drohnenalarms schließen müssen. Aus Sicherheitsgründen hätten Mitglieder der Wahlkommissio… [+1334 chars],,de,'Russland'
https://www.focus.de/politik/ausland/saudi-arabien-wird-im-naechsten-monat-kein-oel-nach-europa-liefern-so-wirkt-sich-das-auf-deutschland-aus_9f4fe699-641b-4bb8-bfde-a630556e29c5.html,https://www.focus.de/politik/ausland/saudi-arabien-wird-im-naechsten-monat-kein-oel-nach-europa-liefern-so-wirkt-sich-das-auf-deutschland-aus_9f4fe699-641b-4bb8-bfde-a630556e29c5.html,0,www.focus.de,Saudi-Arabien wird im nächsten Monat kein Öl nach Europa liefern. So wirkt sich das auf Deutschland aus,Europa wird im kommenden Monat kein Rohöl aus Saudi-Arabien erhalten. Deutschland dürfte davon nur in geringem Ausmaß betroffen sein.,"https://quadro.burda-forward.de/ctf/b8e1f07e-c7a2-4e3c-bb65-71e7da079734.50293d6b-fa63-4a90-a698-03f82618ebef.jpeg?im=RegionOfInterestCrop=(1200,630),regionOfInterest=(1024,683)&hash=be360bad2e62846589d6e1728c2d02e1f083c2f8eac088e53a7390cee9fc94a5",2026-09-18T13:06:00Z,,"Saudi-Arabien wird im kommenden Monat kein Rohöl an Raffinerien in Europa liefern. Grund sind Schäden an der wichtigen Ost-West-Pipeline des Landes nach einem Drohnenangriff, berichtet die Nachrichte… [+2321 chars]",,de,'Rohöl'
https://www.tagesspiegel.de/internationales/dpa-duma-wahl-in-russland-putins-kriegswahl-russland-wahlt-neues-parlament-16071212.html,https://www.tagesspiegel.de/internationales/dpa-duma-wahl-in-russland-putins-kriegswahl-russland-wahlt-neues-parlament-16071212.html,0,www.tagesspiegel.de,Duma-Wahl in Russland: Putins Kriegswahl - Russland wählt neues Parlament,"Zum ersten Mal seit Beginn des Angriffskriegs gegen die Ukraine wählt Russland ein neues Parlament. Die Opposition ist nicht zugelassen. Kremlchef Putin erwartet, dass sein Kriegskurs bestätigt wird.",https://www.tagesspiegel.de/images/16071211/alternates/BASE_16_9_W1400/1789736981000/vor-den-parlamentswahlen-in-russland.jpeg,2026-09-18T13:09:41Z,,In Russland hat unter dem Eindruck des Angriffskrieges von Kremlchef Wladimir Putin gegen die Ukraine die dreitägige Parlamentswahl begonnen. Gleich am ersten Tag mussten wegen Drohnenalarms in der S… [+5018 chars],,de,'Russland'
https://www.tagesspiegel.de/internationales/wegen-irgendeines-artikels-5-slowakischer-regierungschef-stellt-beistandspflicht-der-nato-infrage-16068866.html,https://www.tagesspiegel.de/internationales/wegen-irgendeines-artikels-5-slowakischer-regierungschef-stellt-beistandspflicht-der-nato-infrage-16068866.html,0,www.tagesspiegel.de,„Wegen irgendeines Artikels 5“: Slowakischer Regierungschef stellt Beistandspflicht der Nato infrage,"Robert Fico will sein Land aus einem Konflikt mit Russland heraushalten. Es gebe Versuche, „einen Vorwand für einen größeren Konflikt zwischen der Nato und Russland“ zu finden, meint der Ministerpräsident.",https://www.tagesspiegel.de/images/16068882/alternates/BASE_16_9_W1400/1789721630000/v4-country-pms-meet-pm-of-ireland-in-slovakia.jpeg,2026-09-18T13:24:40Z,,"Der slowakische Ministerpräsident Robert Fico hat Zweifel gesät, ob sein Land einem Nato-Verbündeten im Kriegsfall zur Hilfe käme. Ich möchte nicht, dass die Slowakei wegen irgendeines Artikels 5 in … [+4529 chars]",,de,'Russland'
https://www.faz.net/aktuell/politik/ausland/emmanuel-macron-warnt-vor-russischer-eskalation-201239452.html,https://www.faz.net/aktuell/politik/ausland/emmanuel-macron-warnt-vor-russischer-eskalation-201239452.html,0,www.faz.net,Krisensitzung: Macron warnt Parteichefs vor russischer Eskalation,Der französische Präsident kündigt mehr Schutz gegen Einmischungsversuche und Drohnenangriffe an. Die Aggressivität Russlands habe sich seit dem Sommer verändert.,https://media0.faz.net/image/w1200h627/1fe7bd5739a5/w5546h2897x0y357o/202609/43601.0.2566791561/der-franzoesische-praesident.webp,2026-09-18T13:25:40Z,,"Die Vorsitzende der französischen Grünen, Marine Tondelier, hat den Elysée-Palast am Freitag beunruhigt verlassen. Präsident Emmanuel Macron hatte kurzfristig einen Termin an der Atlantikküste abgesa… [+2323 chars]",,de,'Russland'
https://www.diepresse.com/41274642/warum-stockers-zuversicht-so-sehr-der-realitaet-widerspricht,https://www.diepresse.com/41274642/warum-stockers-zuversicht-so-sehr-der-realitaet-widerspricht,0,www.diepresse.com,Warum Stockers Zuversicht so sehr der Realität widerspricht [premium],"Waffen im All, Krieg in Europa, Inflation, Klimakrise, Vernichtung der Menschheit, eine unpopuläre Regierung in Österreich: Woher soll Zukunftsglaube kommen?",https://img.diepresse.com/public/incoming/oi14d6-22730394794805140bldhiresjpg/alternates/WEBP_WIDE_1200/22730394794805140_BLD_HiRes.jpg,2026-09-18T13:26:54Z,,"Angeblich, so betont es zumindest Bundeskanzler Christian Stocker, möchte die ÖVP Österreich mit Zuversicht in eine bessere Zukunft führen. Nun, woher sollen die Menschen diese gegenwärtig nehmen? We… [+4073 chars]",,de,'Waffen'
https://www.welt.de/politik/ausland/plus6aaa40b1bfb40073cb2f332e/armenien-ich-musste-die-versprengten-leichenreste-aufsammeln-auf-der-flucht-vor-der-naechsten-einberufung.html,https://www.welt.de/politik/ausland/plus6aaa40b1bfb40073cb2f332e/armenien-ich-musste-die-versprengten-leichenreste-aufsammeln-auf-der-flucht-vor-der-naechsten-einberufung.html,0,www.welt.de,„Ich musste die versprengten Leichenreste aufsammeln“ – Auf der Flucht vor der nächsten Einberufung,"Aus Sorge vor einer Mobilmachung nach der Parlamentswahl am heutigen Sonntag verlassen junge Russen in Scharen ihre Heimat. Nur wenige Länder liefern nicht nach Russland aus – wie Armenien. Aber die Sicherheit ist trügerisch, wie ein Besuch vor Ort zeigt.",https://images.welt.de/6aaa40b1bfb40073cb2f332e/23f53e37c0021508af732b2617cacd4d-master/ci16x9-w1200/261df963-502b-41de-92e7-3cd58318ee31-srgb,2026-09-18T13:37:00Z,,Aus Sorge vor einer Mobilmachung nach der Parlamentswahl am heutigen Sonntag verlassen junge Russen in Scharen ihre Heimat. Nur wenige Länder liefern nicht nach Russland aus  wie Armenien. Aber die S… [+54 chars],,de,'Russland'
https://www.telepolis.de/article/27-000-Verluste-monatlich-Die-Ukraine-stoesst-an-ihre-personelle-Grenze-11458657.html,https://www.telepolis.de/article/27-000-Verluste-monatlich-Die-Ukraine-stoesst-an-ihre-personelle-Grenze-11458657.html,0,www.telepolis.de,27.000 Verluste monatlich: Die Ukraine stößt an ihre personelle Grenze,Polens Premier Donald Tusk legt die Arithmetik des Abnutzungskriegs offen: Die Lücke zwischen Verlusten und Rekruten schrumpft auf ein gefährliches Minimum.,https://heise.cloudimg.io/v7/_www-heise-de_/imgs/18/5/1/6/7/8/5/3/Screenshot_2026-09-18_153539-7bab2aa34161906e.png?func=bound&height=1200&org_if_sml=1&q=85&width=1200,2026-09-18T14:00:00Z,,"(Bild: Screenshot)
Polens Premier Donald Tusk legt die Arithmetik des Abnutzungskriegs offen: Die Lücke zwischen Verlusten und Rekruten schrumpft auf ein gefährliches Minimum.
Die Rechnung im Ukrai… [+5351 chars]",,de,'Russland'
https://orf.at/stories/3442579/,https://orf.at/stories/3442579/,0,orf.at,EU und Kiew kritisieren Wahlen in Russland scharf,,https://orf.at/mojo/1_4_1/storyserver//news/common/images/og-fallback-news.png,2026-09-18T14:40:55Z,,In Russland wird seit heute Früh das erste Mal seit Beginn des russischen Angriffskriegs in der Ukraine im Februar 2022 ein neues Parlament gewählt. Bei der dreitägigen Abstimmung gilt ein Sieg der P… [+1869 chars],,de,'Putin'
https://www.welt.de/wirtschaft/article6aad4462708e760b5e063427/saudi-arabien-will-oellieferungen-nach-europa-stoppen-sorge-vor-versorgungsengpaessen-waechst.html,https://www.welt.de/wirtschaft/article6aad4462708e760b5e063427/saudi-arabien-will-oellieferungen-nach-europa-stoppen-sorge-vor-versorgungsengpaessen-waechst.html,0,www.welt.de,Saudi-Arabien will laut Bericht Öllieferungen nach Europa stoppen,Saudi-Arabien will nach Angaben von Insidern im kommenden Monat kein Rohöl mehr an europäische Raffinerien liefern. Auslöser ist demnach ein Drohnenangriff auf eine wichtige Pipeline. Die Sorge vor Versorgungsengpässen wächst.,https://images.welt.de/6aad4462708e760b5e063427/351538b0206c6446e3d42ea5170a4fc4/ci16x9-w1200/dpa-com-260916-935-1612373-jpg,2026-09-18T14:41:44Z,,Nach einem Drohnenangriff auf eine wichtige Pipeline werden saudische Öllieferungen nach Europa im kommenden Monat offenbar ausfallen. Europäische Raffinerien suchen bereits nach Alternativen.Klicken… [+1685 chars],,de,'Rohöl'
https://www.welt.de/politik/article6aad4953708e760b5e0634ab/bereits-zum-auftakt-putin-waehlt-online-opposition-meldet-zahlreiche-verstoesse-bei-russland-wahl.html,https://www.welt.de/politik/article6aad4953708e760b5e0634ab/bereits-zum-auftakt-putin-waehlt-online-opposition-meldet-zahlreiche-verstoesse-bei-russland-wahl.html,0,www.welt.de,"Putin wählt online, Opposition meldet zahlreiche Verstöße bei Russland-Wahl","Bei der Parlamentswahl in Russland haben Oppositionsgruppen zahlreiche Wahlrechtsverstöße gemeldet. Kritisiert werden Behinderungen von Beobachtern, Druck auf Staatsangestellte und Probleme bei der Online-Abstimmung.",https://images.welt.de/6aad4953708e760b5e0634ab/bb21ce870ac844a9189c7d86e604bcba-master/ci16x9-w1200/apdpa-5aa616e2e5014568915518ec90b9eabc-jpg,2026-09-18T15:18:15Z,,"Schon am ersten Wahltag sehen Oppositionsgruppen die Abstimmung in Russland von Unregelmäßigkeiten überschattet. Beobachter berichten von Behinderungen, zudem gibt es erneut Kritik an der Online-Wahl… [+4032 chars]",,de,'Russland'
https://www.diepresse.com/41275347/bericht-afd-spitze-und-putins-wirtschaftsberater-planen-ein-treffen,https://www.diepresse.com/41275347/bericht-afd-spitze-und-putins-wirtschaftsberater-planen-ein-treffen,0,www.diepresse.com,Bericht: AfD-Spitze und Putins Wirtschaftsberater planen ein Treffen,Alice Weidel und Tino Chrupalla sollen laut einem Bericht der Nachrichtenagentur Reuters den Kreml-Berater Kirill Dmitrijew treffen. Das Gesprächsthema: Die Wiederaufnahme von Gaslieferungen. Eine Bestätigung für das Treffen gibt es vorerst nicht.,https://img.diepresse.com/public/incoming/byhcq-2025-10-24t215414z1875083056rc26eeaq2z30rtrmadp3ukraine-crisis-russia-usa-dmitrievjpg/alternates/WEBP_WIDE_1200/2025-10-24T215414Z_1875083056_RC26EEAQ2Z30_RTRMADP_3_UKRAINE-CRISIS-RUSSIA-USA-DMITRIEV.JPG,2026-09-18T15:30:38Z,,"Die Presse auf Google als bevorzugte Nachrichtenquelle hinzufügen.
 Die AfD-Führung und ein Wirtschaftsberater des russischen Präsidenten Wladimir Putin bereiten zwei Insidern zufolge ein Treffen im… [+2291 chars]",,de,'Putin'
https://www.welt.de/politik/ausland/plus6aad23c3708e760b5e0630d6/moskaus-angriffsplaene-das-wahrscheinlichste-szenario-fuer-die-naechsten-monate-so-konkret-ist-polens-warnung-vor-putin.html,https://www.welt.de/politik/ausland/plus6aad23c3708e760b5e0630d6/moskaus-angriffsplaene-das-wahrscheinlichste-szenario-fuer-die-naechsten-monate-so-konkret-ist-polens-warnung-vor-putin.html,0,www.welt.de,„Das wahrscheinlichste Szenario für die nächsten Monate“ – So konkret ist Polens Warnung vor Putin,"Die Warnungen Polens vor russischen Eskalationsplänen werden immer lauter – und immer konkreter. Premierminister Tusk hält vor allem ein Szenario für wahrscheinlich. Und während Deutschland sich zurückhält, demonstriert Warschau Stärke.",https://images.welt.de/6aad23c3708e760b5e0630d6/0b6dad808194e922855f29cb5be177aa/ci16x9-w1200/2025-09-11t103254z-1941167953-rc2jpgazkip2-rtrmadp-3-ukraine-cri,2026-09-18T15:34:24Z,,Die Warnungen Polens vor russischen Eskalationsplänen werden immer lauter und immer konkreter. Premierminister Tusk hält vor allem ein Szenario für wahrscheinlich. Und während Deutschland sich zurück… [+34 chars],,de,'Putin'
https://www.n-tv.de/politik/AfD-Spitze-will-wohl-mit-Putin-Berater-ueber-Gas-Geschaefte-reden-id31322730.html,https://www.n-tv.de/politik/AfD-Spitze-will-wohl-mit-Putin-Berater-ueber-Gas-Geschaefte-reden-id31322730.html,0,www.n-tv.de,"""Das wäre Verrat"": AfD-Spitze will wohl mit Putin-Berater über Gas-Geschäfte reden",Berichte über ein mögliches Treffen der AfD-Spitze mit einem Putin-Vertrauten sorgen für scharfe Kritik in Berlin. Bei den Gesprächen soll es um eine Wiederaufnahme russischer Gaslieferungen gehen. Grüne und CDU warnen vor neuer Abhängigkeit von Moskau.,https://www.n-tv.de/img/31322757/1789750348/Img_16_9/1200/617717509.jpg,2026-09-18T15:43:41Z,,"""Das wäre Verrat""AfD-Spitze will wohl mit Putin-Berater über Gas-Geschäfte reden
Die AfD versucht vor allem in Ostdeutschland mit der Nähe zu Russland zu punkten. (Foto: picture alliance / Chris Emi… [+5120 chars]",,de,'Putin'
https://www.bild.de/politik/ausland-und-internationales/russland-waehlt-neues-parlament-putins-kriegswahl-hat-begonnen-6aad3dc24453e0520be19f07,https://www.bild.de/politik/ausland-und-internationales/russland-waehlt-neues-parlament-putins-kriegswahl-hat-begonnen-6aad3dc24453e0520be19f07,0,www.bild.de,Parlamentswahlen in Russland - Putins Wahlsieg steht schon fest,Russland wählt unter Kriegsdruck und ohne echte Opposition ein neues Parlament.,"https://images.bild.de/6aad3dc24453e0520be19f07/4cf1803cd3e1728de45c80f148a98c74,7671f8d4?w=1280",2026-09-18T17:47:24Z,,TTS-Player überspringenArtikel weiterlesenMoskau Kreml-Despot Wladimir Putin (73) zementiert seine Macht per Farce-Wahl: Mehr als 110 Millionen Russen bestimmen 450 Abgeordnete für die Staatsduma. Di… [+2774 chars],,de,'Russland'
https://www.dw.com/de/kriegsm%C3%BCde-und-besorgt-russland-bei-den-parlamentswahlen/a-79333020,https://www.dw.com/de/kriegsm%C3%BCde-und-besorgt-russland-bei-den-parlamentswahlen/a-79333020,0,www.dw.com,Kriegsmüde und besorgt: Russland bei den Parlamentswahlen,"Spritmangel, Drohnenangriffe und Angst vor einer weiteren Mobilmachung: In Russland wächst die Kriegsmüdigkeit. Zu Beginn der dreitätigen Parlamentswahl steigt die Zustimmung zu Friedensverhandlungen mit der Ukraine.",https://static.dw.com/image/79310286_6.jpg,2026-09-18T18:02:00Z,,In Russlands Bevölkerung wächst offenbar die Unruhe. Fast die Hälfte der vom staatlichen Meinungsforschungsinstitut FOM Befragten nimmt in ihrem Umfeld eine wachsende Besorgnis wahr. Daten des unabhä… [+6214 chars],,de,'Russland'
https://www.focus.de/politik/ausland/spritmangel-drohnen-mobilmachung-vor-dumawahl-waechst-in-putins-reich-die-kriegsmuedigkeit_ea47b608-56eb-4b63-ba85-37950cce1af5.html,https://www.focus.de/politik/ausland/spritmangel-drohnen-mobilmachung-vor-dumawahl-waechst-in-putins-reich-die-kriegsmuedigkeit_ea47b608-56eb-4b63-ba85-37950cce1af5.html,0,www.focus.de,"Spritmangel, Drohnen, Mobilmachung: Vor Dumawahl wächst in Putins Reich die Kriegsmüdigkeit","Spritmangel, Drohnenangriffe und Angst vor einer weiteren Mobilmachung: In Russland wächst die Kriegsmüdigkeit. Zu Beginn der dreitätigen Parlamentswahl steigt die Zustimmung zu Friedensverhandlungen mit der Ukraine.","https://quadro.burda-forward.de/ctf/89a84877-6a93-4e2b-8593-94fe5fbea9c2.bb6cf5c1-db6f-4af2-b9fb-48bac07f973a.png?im=RegionOfInterestCrop=(1200,630),regionOfInterest=(629,263)&hash=12622109086c9ead4533e35024e984bad3e43b66005746bc5a79484522acca65",2026-09-18T18:34:00Z,,In Russlands Bevölkerung wächst offenbar die Unruhe. Fast die Hälfte der vom staatlichen Meinungsforschungsinstitut FOM Befragten nimmt in ihrem Umfeld eine wachsende Besorgnis wahr. Daten des unabhä… [+6241 chars],,de,'Putin'
https://www.bild.de/news/wetter/rekord-el-nino-das-bedeutet-ein-riss-im-polarwirbel-fuer-unseren-winter-6aad2ec5b1857e86757a6257,https://www.bild.de/news/wetter/rekord-el-nino-das-bedeutet-ein-riss-im-polarwirbel-fuer-unseren-winter-6aad2ec5b1857e86757a6257,0,www.bild.de,Rekord-El Niño - Das bedeutet ein Riss im Polarwirbel für unseren Winter,Meteorologen beobachten den Polarwirbel genau. Ab Januar könnte ein seltenes Szenario mit Frost und Schnee wahrscheinlicher werden.,"https://images.bild.de/6aad2ec5b1857e86757a6257/e58b5c842fa6c6076af178393d2898bf,f89b8117?w=1280",2026-09-18T18:46:25Z,,TTS-Player überspringenArtikel weiterlesenBekommt Deutschland im Winter wieder einen Kälte-Hammer zu spüren? Eigentlich schien die Sache klar. Die Wettermodelle rechnen bislang mit einem milden Winte… [+2770 chars],,de,'Schnee'
https://www.n-tv.de/politik/21-43-Pistorius-Mit-dem-F-35-beginnt-neue-Aera-fuer-die-Luftwaffe-id31323756.html,https://www.n-tv.de/politik/21-43-Pistorius-Mit-dem-F-35-beginnt-neue-Aera-fuer-die-Luftwaffe-id31323756.html,0,www.n-tv.de,"Ukraine-Krieg im Liveticker: +++ 21:43 Pistorius: Mit dem F-35 beginnt ""neue Ära für die Luftwaffe"" +++","Berlin, Washington, Brüssel - überall. ntv berichtet von allen wichtigen Schauplätzen der Innen- und Außenpolitik.",https://www.n-tv.de/img/2339153/1721988811/Img_16_9/1200/image.jpg,2026-09-18T20:00:00Z,,Bundesverteidigungsminister Boris Pistorius nimmt im US-Bundesstaat Texas den ersten Kampfjet vom Typ F-35 für die deutsche Luftwaffe in Empfang. Pistorius spricht bei der Übergabezeremonie in Fort W… [+35784 chars],,de,'Ukraine'
https://www.bild.de/politik/ausland-und-internationales/neue-stratgie-trump-milliarden-fuer-putin-schon-vor-kriegsende-6aad52f87a2a14cb01bedda3,https://www.bild.de/politik/ausland-und-internationales/neue-stratgie-trump-milliarden-fuer-putin-schon-vor-kriegsende-6aad52f87a2a14cb01bedda3,0,www.bild.de,Neue Zuckerbrot- und Peitsche-Strategie - Trump-Milliarden für Putin schon VOR Kriegsende?,Trump erwägt Wirtschaftsdeals mit Putin noch vor einem Kriegsende – während der US-Kongress zugleich neue harte Russland-Sanktionen vorbereitet.,"https://images.bild.de/6aad52f87a2a14cb01bedda3/69a0478593af76fbf20027a6db57c8bb,d5afb8c5?w=1280",2026-09-18T20:20:14Z,,TTS-Player überspringenArtikel weiterlesenWashington/Moskau Zuckerbrot und Peitsche? Die USA könnten im Umgang mit Russlands Machthaber Wladimir Putin (73) künftig eine neue Doppelstrategie beim Ring… [+2850 chars],,de,'Putin'
https://www.bild.de/politik/inland/spionage-alarm-bundeswehr-sortiert-deutsch-russen-fuer-litauen-aus-6aaaced9a9420481bd213ea7,https://www.bild.de/politik/inland/spionage-alarm-bundeswehr-sortiert-deutsch-russen-fuer-litauen-aus-6aaaced9a9420481bd213ea7,0,www.bild.de,Spionage-Alarm! - Bundeswehr sortiert Deutsch-Russen aus,Mehrere Bundeswehrsoldaten mit Russland- oder Belarus-Bezug rasseln durch die Sicherheitsprüfung für die Litauen-Brigade. Der MAD warnt vor hoher Gefährdung.,"https://images.bild.de/6aaaced9a9420481bd213ea7/13f0871121b445d6dd1681a4c01d0b3c,df69d988?w=1280",2026-09-18T20:42:18Z,,Alarm im deutschen Heer: Mehrere Soldaten mit familiären Verbindungen nach Russland oder Belarus sind durch Sicherheitsprüfungen gefallen für den Dienst in der Litauen-Brigade gelten sie als hohe Gef… [+254 chars],,de,'Russland'
https://www.welt.de/politik/ausland/article6aadd38c708e760b5e063b1d/sorgen-in-polen-trump-sicher-russland-greift-seit-jahren-verbuendete-der-ukraine-an.html,https://www.welt.de/politik/ausland/article6aadd38c708e760b5e063b1d/sorgen-in-polen-trump-sicher-russland-greift-seit-jahren-verbuendete-der-ukraine-an.html,0,www.welt.de,Trump sicher – Russland greift seit Jahren Verbündete der Ukraine an,"Donald Trump hat Russland der Angriffe auf Verbündete der Ukraine bezichtigt. „Seit etwa fünf Jahren greifen sie die Verbündeten der Ukraine an“, sagte er im Weißen Haus. „Ich glaube, da sind sich alle einig.“",https://images.welt.de/6aadd38c708e760b5e063b1d/1f20ddc44e82c743ae0fffde0a0abfdf-master/ci16x9-w1200/dpa-com-260918-99-688110-jpg,2026-09-19T00:28:07Z,,"Donald Trump hat Russland der Angriffe auf Verbündete der Ukraine bezichtigt. Seit etwa fünf Jahren greifen sie die Verbündeten der Ukraine an, sagte er im Weißen Haus. Ich glaube, da sind sich alle … [+2788 chars]",,de,'Russland'
https://www.welt.de/politik/ausland/article6aadd38c708e760b5e063b1d/neues-us-sanktionspaket-seit-fuenf-jahren-greifen-sie-an-trump-warnt-vor-russischer-aggression.html,https://www.welt.de/politik/ausland/article6aadd38c708e760b5e063b1d/neues-us-sanktionspaket-seit-fuenf-jahren-greifen-sie-an-trump-warnt-vor-russischer-aggression.html,0,www.welt.de,„Seit fünf Jahren greifen sie an“ – Trump warnt vor russischer Aggression,Donald Trump hat Russland der Angriffe auf Verbündete der Ukraine bezichtigt. Zudem unterzeichnete der US-Präsident das neue Sanktionspaket der USA gegen Russland.,https://images.welt.de/6aadd38c708e760b5e063b1d/1f20ddc44e82c743ae0fffde0a0abfdf-master/ci16x9-w1200/dpa-com-260918-99-688110-jpg,2026-09-19T00:28:07Z,,"Donald Trump hat Russland der Angriffe auf Verbündete der Ukraine bezichtigt. Zudem unterzeichnete der US-Präsident das neue Sanktionspaket der USA gegen Russland.Klicken Sie hier, um sich Artikel vo… [+3057 chars]",,de,'Russland'
https://www.focus.de/politik/ausland/trump-russland-greift-verbuendete-der-ukraine-seit-jahren-an_352c3d49-b437-4087-813d-2eeb4af3c49b.html,https://www.focus.de/politik/ausland/trump-russland-greift-verbuendete-der-ukraine-seit-jahren-an_352c3d49-b437-4087-813d-2eeb4af3c49b.html,0,www.focus.de,Trump: Russland greift Verbündete der Ukraine seit Jahren an,Zuletzt spielte US-Präsident Trump die Gefahr durch Russland meist herunter. Nun gibt es andere Töne aus dem Weißen Haus.,"https://quadro.burda-forward.de/ctf/b8370f4e-f911-4d64-97ff-7e26bd51443d.b8791884-c373-4bb5-a176-a79962304664.jpeg?im=RegionOfInterestCrop=(1200,630),regionOfInterest=(1024,683)&hash=231930a164409aa3b0fdb6f4a67a7fc97fe140bc13768012814af044bb526052",2026-09-19T01:12:00Z,,"US-Präsident Donald Trump hat Russland der Angriffe auf Verbündete der Ukraine bezichtigt. Seit etwa fünf Jahren greifen sie die Verbündeten der Ukraine an, sagte er im Weißen Haus auf eine Reporterf… [+1299 chars]",,de,'Putin'
https://www.sueddeutsche.de/politik/ukraine-krieg-newsblog-wahl-parlament-russland-putin-stoerung-vorwurf-li.3549696,https://www.sueddeutsche.de/politik/ukraine-krieg-newsblog-wahl-parlament-russland-putin-stoerung-vorwurf-li.3549696,0,www.sueddeutsche.de,Newsblog zum Ukraine-Krieg: Putin wirft Ukraine Störung der Parlamentswahl vor,"Russlands dreitägige Parlamentswahl läuft. Kremlchef Putin erhebt schwere Vorwürfe und wirft der ukrainischen Führung vor, eine Diktatur zu sein.",https://www.sueddeutsche.de/2026/09/19/bcbfde0e-efd0-416f-b5d9-30030ed1c86c.jpg?q=60&fm=webp&width=1200&rect=0%2C137%2C2636%2C1483,2026-09-19T01:43:42Z,,"In der ukrainischen Grenzregion zu Polen hat es nach Angaben der Regierung in Warschau erneut einen Drohnenangriff unweit von einem Grenzübergang gegeben. Sehr nahe an der polnischen Grenze, unweit v… [+1515 chars]",,de,'Ukraine'
https://www.n-tv.de/politik/Trump-Sohn-hat-Oligarchen-Geld-fuer-Hochzeit-zurueckgezahlt-id31323662.html,https://www.n-tv.de/politik/Trump-Sohn-hat-Oligarchen-Geld-fuer-Hochzeit-zurueckgezahlt-id31323662.html,0,www.n-tv.de,"US-Präsident: ""Soweit ich weiß"": Trump: Sohn hat Oligarchen Geld für Hochzeit zurückgezahlt","Ein russischer Oligarch spendiert Trump Junior eine Hochzeitssause. Der US-Präsident sieht darin keinen Skandal. So etwas sei üblich und erlaubt, erklärt Trump. Und fügt hinzu, dass sein Sohn dem Putin-Freund den Betrag wohl schon zurückgezahlt habe.",https://www.n-tv.de/img/31323687/1789788811/Img_16_9/1200/AP26260854034228.jpg,2026-09-19T01:55:57Z,,"""Ich habe selbst auch viele Partys gegeben"", erklärt Trump. (Foto: AP Photo/Alex Brandon)
Ein russischer Oligarch spendiert Trump Junior eine Hochzeitssause. Der US-Präsident sieht darin keinen Skan… [+2167 chars]",,de,'Putin'
https://www.bild.de/politik/ausland-und-internationales/usa-trump-unterschreibt-neues-sanktionspaket-gegen-russland-6aadd351b1857e86757a6b8c,https://www.bild.de/politik/ausland-und-internationales/usa-trump-unterschreibt-neues-sanktionspaket-gegen-russland-6aadd351b1857e86757a6b8c,0,www.bild.de,Trump teilt aus! - Neue Sanktionen und Vorwürfe gegen Putin,Donald Trump unterzeichnet ein neues Sanktionspaket gegen Russland und erhebt neue Vorwürfe.,"https://images.bild.de/6aadd351b1857e86757a6b8c/df913a09e06961268caac498d0b7eb54,ff621e05?w=1280",2026-09-19T02:01:48Z,,"TTS-Player überspringenArtikel weiterlesenEs war eine ereignisreiche Nacht, was die USA und Präsident Donald Trump angeht. Nicht nur verkündete Trump einen Grönland-Deal mit Dänemark. Der US-Präsiden… [+2584 chars]",,de,'Russland'
https://www.nzz.ch/international/trump-unterstuetzte-salazar-in-den-vorwahlen-im-august-ld.10024472,https://www.nzz.ch/international/trump-unterstuetzte-salazar-in-den-vorwahlen-im-august-ld.10024472,0,www.nzz.ch,"«Mr. President, Ihre Massnahmen gegen die Migration gehen zu weit»: Die republikanische Abgeordnete Salazar greift Trump frontal an",Bei den Zwischenwahlen droht ein Backlash der Latino-Wähler gegen die Regierungspartei. Eine bedrängte Republikanerin aus Miami ergreift die Flucht nach vorn.,"https://img-msp-prod.nzz.ch/2026/09/18/65a97590-c577-4603-9189-d25f7d5bd660.jpg?width=1200&height=675&fit=bounds&quality=75&auto=webp&crop=5552,3123,x0,y224&wmark=nzz",2026-09-19T03:30:00Z,,"Bei den Zwischenwahlen droht ein Backlash der Latino-Wähler gegen die Regierungspartei. Eine bedrängte Republikanerin aus Miami ergreift die Flucht nach vorn.
Zusammenfassung
Die republikanische Ko… [+5580 chars]",,de,'Flucht'
https://www.bild.de/politik/ausland-und-internationales/russland-putins-beamte-warnen-angehoerige-vor-neuer-mobilmachung-6aad269d708e760b5e063106,https://www.bild.de/politik/ausland-und-internationales/russland-putins-beamte-warnen-angehoerige-vor-neuer-mobilmachung-6aad269d708e760b5e063106,0,www.bild.de,Angst vor Fronteinsatz - Putins Beamte warnen Verwandte vor Einberufung,Russische Beamte und Mitarbeiter von Einberufungsämtern sollen Angehörige zur Ausreise drängen und Vermögen ins Ausland bringen.,"https://images.bild.de/6aad269d708e760b5e063106/08980976e960f24e53d09dc17a44730d,ee935e45?w=1280",2026-09-19T05:46:05Z,,TTS-Player überspringenArtikel weiterlesenMoskau Die Angst vor einer neuen Mobilmachung erreicht offenbar Putins Machtapparat! Kreml-Beamte und Mitarbeiter russischer Einberufungsämter sollen ihre An… [+1942 chars],,de,'Putin'
https://www.focus.de/politik/ausland/geopolitik-experte-europa-ist-auf-dauer-mit-hoeheren-rohoelpreisen-konfrontiert_4d352521-175e-4895-8054-c73b31519e15.html,https://www.focus.de/politik/ausland/geopolitik-experte-europa-ist-auf-dauer-mit-hoeheren-rohoelpreisen-konfrontiert_4d352521-175e-4895-8054-c73b31519e15.html,0,www.focus.de,Geopolitik-Experte: Europa ist „auf Dauer mit höheren Rohölpreisen“ konfrontiert,"Das Risiko für den Rohöl-Transport steige und die Energiepreise werden wohl langfristig hoch bleiben, so Geopoltik-Experte Klemens Fischer.","https://quadro.burda-forward.de/ctf/5653208e-f918-414d-9d09-438e7925c4f7.4789f772-4d1d-42d6-888c-ff6ec7607099.jpg?im=RegionOfInterestCrop=(1200,630),regionOfInterest=(649,499)&hash=2c94b1f819075d3adeeb81043bdff259f40c96b303d18907eb37b95e72c42e85",2026-09-19T06:11:00Z,,Die Sperre der Straße von Hormus durch den Iran-Konflikt sowie die Bedrohung der Meerenge Bab al-Mandab durch die Huthis führt zu einer Verknappung auf dem Rohölmarkt und zu höheren Preisen für Energ… [+1551 chars],,de,'Rohöl'
https://www.golem.de/sonstiges/zustimmung/auswahl.html?from=https://www.golem.de/news/bezahlbarer-strom-kosten-der-energiewende-gerechter-verteilen-2609-213183.html&referer=https://t.co/17c02ab69c,https://www.golem.de/sonstiges/zustimmung/auswahl.html?from=https://www.golem.de/news/bezahlbarer-strom-kosten-der-energiewende-gerechter-verteilen-2609-213183.html&referer=https://t.co/17c02ab69c,0,www.golem.de,Bezahlbarer Strom: Kosten der Energiewende gerechter verteilen,"Die feste Einspeisevergütung hat den Ausbau von Windkraft und Photovoltaik enorm beschleunigt. Neue Ideen können das System fairer machen. (Energiewende, Solarenergie)",,2026-09-19T06:15:01Z,,"Besuchen Sie Golem.de wie gewohnt mit Werbung und Tracking,
 indem Sie der Nutzung aller Cookies zustimmen.
 Details zum Tracking finden Sie im Privacy Center.
Skript wurde nicht geladen. Informat… [+607 chars]",,de,'Kosten'
https://www.faz.net/aktuell/politik/inland/bundeswehr-generalinspekteur-breuer-im-interview-accg-201232720.html,https://www.faz.net/aktuell/politik/inland/bundeswehr-generalinspekteur-breuer-im-interview-accg-201232720.html,0,www.faz.net,General Breuer: „Daten sind das Schießpulver der Zukunft“,"Generalinspekteur Carsten Breuer ist der ranghöchste Soldat der Bundeswehr. Seine Aufgabe ist es, die Streitkräfte wieder zu ertüchtigen. Den Vorwurf, dabei kaufe er die falschen Waffen, will er nicht auf sich sitzen lassen.",https://media0.faz.net/image/w1200h627/63c4ac55faf6/w4326h2260x0y910o/202609/43601.0.2539299195/carsten-breuer-vor-der.webp,2026-09-19T06:57:59Z,,"Herr General Breuer, die Bundeswehr hat in den vergangenen vier Jahren für etwa 200 Milliarden Euro Waffen und Munition bestellt. Was von den Hubschraubern, Flugzeugen, Panzern und Fregatten ist inzw… [+13109 chars]",,de,'Waffen'
https://www.welt.de/politik/video6aae1b89708e760b5e063c66/parlamentswahl-in-russland-plant-putin-eine-zweite-mobilmachungswelle.html,https://www.welt.de/politik/video6aae1b89708e760b5e063c66/parlamentswahl-in-russland-plant-putin-eine-zweite-mobilmachungswelle.html,0,www.welt.de,Plant Putin eine zweite Mobilmachungswelle?,Kreml-Kritiker befürchten nach der Parlamentswahl in Russland eine zweite Mobilmachungswelle. Putin streitet das ab. WELT-Korrespondent Christoph Wanner ordnet die Gerüchte ein.,https://images.welt.de/6aae1b89708e760b5e063c66/1661794f313b12f7b43a3a07b870454e/ci16x9-w1200/wanner-png,2026-09-19T06:58:00Z,,Die WELT als ePaper: Die vollständige Ausgabe steht Ihnen bereits am Vorabend zur Verfügung so sind Sie immer hochaktuell informiert. Weitere Informationen https://epaper.welt.de,,de,'Putin'
https://www.morgenpost.de/politik/article413095399/putins-perfide-taktik-warum-der-alltag-in-kiew-immer-schwieriger-wird.html,https://www.morgenpost.de/politik/article413095399/putins-perfide-taktik-warum-der-alltag-in-kiew-immer-schwieriger-wird.html,0,www.morgenpost.de,Putins perfide Taktik: Warum der Alltag in Kiew immer schwieriger wird,"Unser Korrespondent berichtet, wie sich der Raketenterror im Alltag Kiews auswirkt. Wladimir Putin verfolgt eine perfide Taktik.",https://img.sparknews.funkemedien.de/413157600/413157600_1789806180_v16_9_1600.jpeg,2026-09-19T08:23:01Z,,"Diesen Hinweis lesen die Einwohner von Kiew jetzt öfter beim täglichen Einkauf: Liebe Kunden, wegen eines feindlichen Angriffs haben wir wichtige Lagerhallen verloren. Deswegen wird es demnächst weni… [+7009 chars]",,de,'Putin'
https://www.nzz.ch/wirtschaft/panzer-statt-autos-die-militaerische-aufruestung-in-europa-fuellt-die-auftragsbuecher-der-schweizer-industrie-ld.10024181,https://www.nzz.ch/wirtschaft/panzer-statt-autos-die-militaerische-aufruestung-in-europa-fuellt-die-auftragsbuecher-der-schweizer-industrie-ld.10024181,0,www.nzz.ch,Militärflugzeuge statt Autos: Die Aufrüstung in Europa füllt die Auftragsbücher der Schweizer Industrie,"Die Aussichten für die Maschinen-, Elektro- und Metallindustrie hellen sich auf. Ein Grund dafür ist die Angst vor Russland: Schweizer Spitzentechnologie ist auch in der europäischen Rüstungsindustrie gefragt.","https://img-msp-prod.nzz.ch/2026/09/18/ee277c45-df49-4cca-9aa1-44ca7e46c7ec.jpg?width=1200&height=674&fit=bounds&quality=75&auto=webp&crop=3000,1687,x0,y122&wmark=nzz",2026-09-19T19:45:00Z,,"Die Aussichten für die Maschinen-, Elektro- und Metallindustrie hellen sich auf. Ein Grund dafür ist die Angst vor Russland: Schweizer Spitzentechnologie ist auch in der europäischen Rüstungsindustri… [+8257 chars]",,de,'Waffen'
https://www.welt.de/kultur/article6aad2c6b4453e0520be19cfa/putin-hat-einen-punkt-erreicht-an-dem-es-fuer-ihn-kein-zurueck-mehr-gibt.html,https://www.welt.de/kultur/article6aad2c6b4453e0520be19cfa/putin-hat-einen-punkt-erreicht-an-dem-es-fuer-ihn-kein-zurueck-mehr-gibt.html,0,www.welt.de,"„Putin hat einen Punkt erreicht, an dem es für ihn kein Zurück mehr gibt“","Was geschieht nach der Duma-Wahl? Russland-Expertin Céline Marangé warnt vor einer Ausweitung des Krieges auf Europa, dem provozierten Casus belli – und einer Falle bei Zugeständnissen.",https://images.welt.de/6aad2c6b4453e0520be19cfa/3e67dc9354b16c39029c1cc42b93cc3d/ci16x9-w1200/2026-09-18t144815z-802900640-rc2plnamafja-rtrmadp-3-russia-election-putin-jpg,2026-09-20T04:47:17Z,,"Was geschieht nach der Duma-Wahl? Russland-Expertin Céline Marangé warnt vor einer Ausweitung des Krieges auf Europa, dem provozierten Casus belli  und einer Falle bei Zugeständnissen.Klicken Sie hie… [+12634 chars]",,de,'Putin'
https://www.welt.de/kultur/plus6aad2c6b4453e0520be19cfa/machtpsychologie-die-zunehmende-brutalitaet-in-putins-krieg-ist-eine-folge-der-frustration-ueber-seinen-machtverlust.html,https://www.welt.de/kultur/plus6aad2c6b4453e0520be19cfa/machtpsychologie-die-zunehmende-brutalitaet-in-putins-krieg-ist-eine-folge-der-frustration-ueber-seinen-machtverlust.html,0,www.welt.de,„Die zunehmende Brutalität in Putins Krieg ist eine Folge der Frustration über seinen Machtverlust“,"Was geschieht nach der Duma-Wahl? Macht Wladimir Putin mobil oder lässt er sich auf Scheinverhandlungen ein? Als Russland-Expertin warnt Céline Marangé vor einer Ausweitung des Krieges auf Europa, dem provozierten Casus belli – und einer Falle bei Zugeständni…",https://images.welt.de/6aad2c6b4453e0520be19cfa/d117a094323f5a4bacf08e4099d7d55b/ci16x9-w1200/gettyimages-2274861805-jpg,2026-09-20T04:47:17Z,,"Was geschieht nach der Duma-Wahl? Macht Wladimir Putin mobil oder lässt er sich auf Scheinverhandlungen ein? Als Russland-Expertin warnt Céline Marangé vor einer Ausweitung des Krieges auf Europa, de… [+63 chars]",,de,'Putin'
https://orf.at/stories/3442696/,https://orf.at/stories/3442696/,0,orf.at,Während Russland-Wahl: Drohnenalarm in Moskau,,https://orf.at/mojo/1_4_1/storyserver//news/common/images/og-fallback-news.png,2026-09-20T05:28:40Z,,Der Moskauer Bürgermeister Sergej Sobjanin hat der Ukraine eine versuchte Störung der Parlamentswahl in Russland durch massive Drohnenangriffe vorgeworfen. Die Ukraine habe in den vergangenen Stunden… [+1499 chars],,de,'Russland'
https://www.welt.de/politik/video6aaf6b64b1857e86757a7c5d/parlamentswahl-in-russland-ukraine-attackiert-moskau-mit-zahlreichen-drohnen.html,https://www.welt.de/politik/video6aaf6b64b1857e86757a7c5d/parlamentswahl-in-russland-ukraine-attackiert-moskau-mit-zahlreichen-drohnen.html,0,www.welt.de,Ukraine attackiert Moskau mit zahlreichen Drohnen,"Am letzten Tag der Parlamentswahl in Russland ist die Hauptstadt Moskau wieder zum Ziel ukrainischer Drohnenangriffe geworden. Seit Mitternacht seien mehr als hundertfünfzig Drohnen abgefangen worden, so die staatliche Nachrichtenagentur Tass.",https://images.welt.de/6aaf6b64b1857e86757a7c5d/a7f6b5b74e4a1793463eac1a77ff8288/ci16x9-w1200/dpa-com-260920-935-1621571-jpg,2026-09-20T05:43:47Z,,Am letzten Tag der Parlamentswahl in Russland ist die Hauptstadt Moskau wieder zum Ziel ukrainischer Drohnenangriffe geworden. Seit Mitternacht seien mehr als hundertfünfzig Drohnen abgefangen worden… [+103 chars],,de,'Ukraine'
https://www.n-tv.de/politik/Ukrainische-Drohnen-greifen-Moskau-am-Wahltag-am-id31325729.html,https://www.n-tv.de/politik/Ukrainische-Drohnen-greifen-Moskau-am-Wahltag-am-id31325729.html,0,www.n-tv.de,Kreml: Auch Wohnhäuser getroffen: Ukrainische Drohnen greifen Moskau am Wahltag am,Bei der Wahl in Russland will sich Kremlchef Putin seinen Kriegskurs an der Urne bestätigen lassen. Am letzten Tag der Abstimmung fliegende Dutzende ukrainische Drohnen Richtung Hauptstadt. Behörden melden Zerstörung und sogar Tote.,https://www.n-tv.de/img/31325801/1789890971/Img_16_9/1200/2026-09-20T042905Z_1824787393_RC2QMNA5QBAK_RTRMADP_3_UKRAINE-CRISIS-RUSSIA-REFINERY.jpg,2026-09-20T05:54:49Z,,"Trotz Wirtschaftskrise, Kriegsmüdigkeit und weit verbreiteter Unzufriedenheit im Volk strebt Putin auch dieses Mal wieder eine Zweidrittelmehrheit für seine Partei an. (Foto: picture alliance/dpa/AP)… [+3412 chars]",,de,'Putin'
https://www.faz.net/aktuell/politik/ukraine/ukraine-liveticker-ukraine-greift-grossraum-moskau-am-letzten-wahltag-an-faz-110683325.html,https://www.faz.net/aktuell/politik/ukraine/ukraine-liveticker-ukraine-greift-grossraum-moskau-am-letzten-wahltag-an-faz-110683325.html,0,www.faz.net,Liveblog Ukrainekrieg: Ukraine greift Großraum Moskau am letzten Wahltag an,Behörden melden zwei Tote durch Drohnenangriffe +++ Ukraine meldet Tote nach russischem Gleitbombenangriff +++ Auch in der Region Charkiw gibt es Tote +++ alle Neuigkeiten im Liveblog,https://media0.faz.net/image/w1200h627/b67aead8e8d6/w6000h3135x0y512o/202609/43601.0.2572176039/ein-blick-auf-den-roten-platz.webp,2026-09-20T06:36:03Z,,"US-Präsident Donald Trump hat Russland der Angriffe auf Verbündete der Ukraine bezichtigt. Seit etwa fünf Jahren greifen sie die Verbündeten der Ukraine an, sagte er im Weißen Haus auf eine Reporterf… [+1011 chars]",,de,'Ukraine'
https://www.diepresse.com/41277554/letzter-wahltag-moskau-meldet-beispiellosen-ukrainischen-drohnenangriff,https://www.diepresse.com/41277554/letzter-wahltag-moskau-meldet-beispiellosen-ukrainischen-drohnenangriff,0,www.diepresse.com,Letzter Wahltag: Moskau meldet „beispiellosen“ ukrainischen Drohnenangriff,Der Moskauer Bürgermeister Sergej Sobjanin wirft der Ukraine eine versuchte Störung der Parlamentswahl in Russland vor. Erste Ergebnisse der Staatsduma-Wahl werden um 20 Uhr erwartet.,https://img.diepresse.com/public/incoming/jswwee-imagost0919164800010867272089jpg/alternates/WEBP_WIDE_1200/imago_st_0919_16480001_0867272089.jpg,2026-09-20T06:48:15Z,,"Die Presse auf Google als bevorzugte Nachrichtenquelle hinzufügen.
 Am letzten Tag der Russland-Parlamentswahl ist Moskau zum Ziel ukrainischer Drohnenangriffe geworden. Bis in die Morgenstunden sei… [+1977 chars]",,de,'Russland'
https://orf.at/stories/3442703/,https://orf.at/stories/3442703/,0,orf.at,Letzter Wahltag beginnt mit Drohnenalarm,"Russische Behördenvertreter haben am Sonntag in der Früh einen großangelegten Drohnenangriff aus der Ukraine gemeldet. Moskaus Bürgermeister Sergej Sobjanin sprach von einem „beispiellosen Angriff“ mit 1.600 Drohnen, wobei allein 450 auf Moskau zusteuernde Dr…",https://ibs.orf.at/news?image=https%3A%2F%2Fassets.orf.at%2Fmims%2F2026%2F39%2F75%2Fcrops%2Fw%3D1200%2Ch%3D630%2Cq%3D75%2F3189004_master_1236875_ukraine_krieg_russland_drohnenangriff_wahl_r.jpg%3Fs%3D426e30647477d2929b91fe918ebf80566eed89b7,2026-09-20T07:17:34Z,,"Der beispiellose Angriff wurde ganz offensichtlich mit dem Ziel geplant, die Wahl zu stören, erklärte Sobjanin in der Früh samt der Anmerkung, dass das nicht gelungen sei. In der Hauptstadt habe es k… [+3099 chars]",,de,'Russland'
https://www.welt.de/politik/ausland/article6aaf8028c15deed547b30310/gotland-russland-soll-laut-berichten-tausende-zusaetzliche-krankenhausbetten-bereitstellen.html,https://www.welt.de/politik/ausland/article6aaf8028c15deed547b30310/gotland-russland-soll-laut-berichten-tausende-zusaetzliche-krankenhausbetten-bereitstellen.html,0,www.welt.de,Russland soll Tausende zusätzliche Krankenhausbetten für verwundete Soldaten bereitstellen,"Während Nato-Staaten im Ostseeraum ihre Verteidigungsfähigkeit trainieren, soll Russland zusätzliche Kapazitäten für die Versorgung verwundeter Soldaten schaffen. Sicherheitsexperten sehen darin ein mögliches Signal über den Ukraine-Krieg hinaus.",https://images.welt.de/6aaf8028c15deed547b30310/037e239ecfde28a95a3de454ddf58a92-master/ci16x9-w1200/apdpa-28878389ae4c44c48210f71ad62fd31c-jpg,2026-09-20T07:27:13Z,,"Während Nato-Staaten im Ostseeraum ihre Verteidigungsfähigkeit trainieren, soll Russland zusätzliche Kapazitäten für die Versorgung verwundeter Soldaten schaffen. Sicherheitsexperten sehen darin ein … [+2541 chars]",,de,'Russland'
https://www.tagesschau.de/ausland/europa/ukraine-drohnenangriffe-moskau-oelraffinerie-100.html,https://www.tagesschau.de/ausland/europa/ukraine-drohnenangriffe-moskau-oelraffinerie-100.html,0,www.tagesschau.de,Ukrainische Drohnenangriffe auf Moskau - mehrere Tote,Bei Angriffen der Ukraine mit Hunderten Drohnen hat es in Russland mindestens zwei Tote gegeben. In der Region um Moskau wurde eine Raffinerie getroffen. Auch bei russischen Angriffen starben mehrere Menschen.,https://images.tagesschau.de/image/c7699c74-a966-48c4-bd23-6a6ca2e75d81/AAABoL2UB0I/AAABnSSvrFg/16x9-big/rauchwolke-moskau-100.jpg?width=1280,2026-09-20T07:40:10Z,,"Stand: 20.09.2026 09:40 Uhr
Bei Angriffen der Ukraine mit Hunderten Drohnen hat es in Russland mindestens zwei Tote gegeben. In der Region um Moskau wurde eine Raffinerie getroffen. Auch bei russisc… [+2908 chars]",,de,'Ukraine'
https://www.sueddeutsche.de/politik/ukraine-krieg-newsblog-wahl-parlament-russland-putin-stoerung-oelraffinerie-li.3549696,https://www.sueddeutsche.de/politik/ukraine-krieg-newsblog-wahl-parlament-russland-putin-stoerung-oelraffinerie-li.3549696,0,www.sueddeutsche.de,Newsblog zum Ukraine-Krieg: Russland: Zwei Tote bei Angriff auf Großraum Moskau,Die Ukraine setzt ihre Drohnenangriffe fort. Auch eine Ölraffinerie in der russischen Hauptstadt sei getroffen. In der Region Kiew werden vier Menschen bei russischen Angriffen getötet.,https://www.sueddeutsche.de/2026/09/20/d57a7001-d999-423d-a8b0-ca1a45959400.jpg?q=60&fm=webp&width=1200&rect=0%2C118%2C2259%2C1271,2026-09-20T07:47:32Z,,Kremlchef Wladimir Putin hat vor dem Hintergrund der laufenden dreitägigen Wahl für das Parlament in Russland Vorwürfe gegen die Ukraine erhoben. Belege für seine Behauptungen legte er nicht vor. Er … [+1601 chars],,de,'Russland'
https://www.bild.de/politik/ausland-und-internationales/drohnenangriff-auf-russland-moskau-in-flammen-am-letzten-tag-von-putins-wahl-6aaf6dd7708e760b5e064a37,https://www.bild.de/politik/ausland-und-internationales/drohnenangriff-auf-russland-moskau-in-flammen-am-letzten-tag-von-putins-wahl-6aaf6dd7708e760b5e064a37,0,www.bild.de,Großer Drohnenangriff auf Russland - Moskau in Flammen am letzten Tag von Putins Wahl,"Drohnen treffen Moskaus Schlüsselraffinerie, während eine umstrittene Duma-Wahl läuft.","https://images.bild.de/6aaf6dd7708e760b5e064a37/47c5a1af9e3b890ac17a2fe532e0d3f1,6d5a7ea?w=1280",2026-09-20T07:48:52Z,,"TTS-Player überspringenArtikel weiterlesenMoskau Es ist ein Bild, das Kreml-Chef Wladimir Putin (73) wohl nicht so gerne sieht: Am Morgen des letzten Tages der Wahl zur Duma brennt die wichtigste Raf… [+3404 chars]",,de,'Putin'
https://www.focus.de/politik/ausland/ukraine-ueberzieht-moskau-mit-drohnen-raffinerie-in-flammen_bd22fa56-3d3b-479d-8c16-f2bcdd2727f7.html,https://www.focus.de/politik/ausland/ukraine-ueberzieht-moskau-mit-drohnen-raffinerie-in-flammen_bd22fa56-3d3b-479d-8c16-f2bcdd2727f7.html,0,www.focus.de,Ukraine überzieht Moskau mit Drohnen– Raffinerie in Flammen,Moskau brennt: Am letzten Tag der Parlamentswahl in Russland ist die Hauptstadtregion erneut Ziel ukrainischer Drohnenangriffe geworden. Dabei sollen zwei Menschen gestorben sein.,"https://quadro.burda-forward.de/ctf/b908fd70-2c74-4839-851a-e4453a1f8ae6.6c9d97fb-95bc-4d40-be6d-098775d92e47.jpg?im=RegionOfInterestCrop=(1200,630),regionOfInterest=(1179,530)&hash=626885b09809057cc4b7a50183ec467456dac9d35bfa891008358d0116f0686f",2026-09-20T08:01:00Z,,"Seit Mitternacht seien mehr als 180 anfliegende Drohnen abgefangen worden. Das meldete die staatliche Nachrichtenagentur Tass unter Berufung auf Sergej Sobjanin, den Bürgermeister der Millionenmetrop… [+1839 chars]",,de,'Russland'
https://www.morgenpost.de/politik/article412317251/ukraine-krieg-russland-news-aktuell-drohnen-moskau-angriff-wahltag-duma.html,https://www.morgenpost.de/politik/article412317251/ukraine-krieg-russland-news-aktuell-drohnen-moskau-angriff-wahltag-duma.html,0,www.morgenpost.de,Massive Drohnenattacke der Ukraine auf Moskau am Wahltag: „Beispielloser Angriff“,Der Moskauer Bürgermeister hat der Ukraine am letzten Tag der russischen Parlamentswahl massive Störversuche vorgeworfen. News im Blog.,https://img.sparknews.funkemedien.de/413201780/413201780_1789891918_v16_9_1600.jpeg,2026-09-20T08:11:58Z,,Nach der Entscheidung für verschärfte Russland-Sanktionen im US-Kongress will Indien eigenen Angaben zufolge weiterhin Öl von diversifizierten Lieferanten beziehen. Das indische Außenministerium erkl… [+1675 chars],,de,'Russland'
https://www.tagesspiegel.de/internationales/terror-mit-kunstlicher-intelligenz-sind-das-die-anschlage-der-zukunft-16074275.html,https://www.tagesspiegel.de/internationales/terror-mit-kunstlicher-intelligenz-sind-das-die-anschlage-der-zukunft-16074275.html,0,www.tagesspiegel.de,Terror mit Künstlicher Intelligenz: Sind das die Anschläge der Zukunft?,Die Gefahren durch KI sind offensichtlich. Auch Terroristen könnten die Technologie nutzen. Doch neben der Herstellung von Waffen sieht Sicherheitsexperte Peter Neumann noch eine andere Gefahr.,https://www.tagesspiegel.de/images/16074405/alternates/BASE_16_9_W1400/1789818490000/ki-symbolbild.jpeg,2026-09-20T08:25:17Z,,Die Debatte über Künstliche Intelligenz hat sich in den vergangenen Wochen verschärft. Führende Entwickler warnen inzwischen sogar vor existenziellen Risiken. Ob realistisch oder übertrieben: KI wird… [+73 chars],,de,'Waffen'
https://www.focus.de/politik/ausland/wir-sehen-bereits-erste-erfolge-ukrainische-raketen-erhalten-jetzt-eine-neue-ausgekluegelte-eigenschaft_e0fe7776-0652-48ef-bb43-e12a7ae998cc.html,https://www.focus.de/politik/ausland/wir-sehen-bereits-erste-erfolge-ukrainische-raketen-erhalten-jetzt-eine-neue-ausgekluegelte-eigenschaft_e0fe7776-0652-48ef-bb43-e12a7ae998cc.html,0,www.focus.de,„Wir sehen bereits erste Erfolge“ – Ukrainische Raketen erhalten jetzt eine neue ausgeklügelte Eigenschaft,Künstliche Intelligenz erfasst im Krieg nun auch neue Waffentypen. In der Ukraine wird die Technik nicht mehr nur in Drohnen eingebaut.,"https://quadro.burda-forward.de/ctf/28fd2dd0-f88e-45b2-ab2b-01bc4a146c82.4608c2ba-1c17-462a-a75b-b2329e9abc9e.jpg?im=RegionOfInterestCrop=(1200,630),regionOfInterest=(784,463)&hash=ceac78647ccb8de7e85422420a3a046021760aee8902aeaec6b72a02ee8db03a",2026-09-20T09:27:00Z,,"Die Ukraine entwickelt Angriffsraketen, die mit künstlicher Intelligenz arbeiten sollen. Bislang nutzte das Land solche Technik vor allem in Drohnen und Bodenrobotern.
Nach Angaben der staatlich unt… [+3203 chars]",,de,'Russland'
https://www.focus.de/politik/ausland/russland-gibt-zu-auf-einen-daenischen-hubschrauber-wurden-leuchtraketen-abgefeuert-jetzt-wurde-der-kommandant-des-schiffes-belohnt_95300e6f-ad56-419d-8ae6-4defbcecb97f.html,https://www.focus.de/politik/ausland/russland-gibt-zu-auf-einen-daenischen-hubschrauber-wurden-leuchtraketen-abgefeuert-jetzt-wurde-der-kommandant-des-schiffes-belohnt_95300e6f-ad56-419d-8ae6-4defbcecb97f.html,0,www.focus.de,Russland gibt zu: Auf einen dänischen Hubschrauber wurden Leuchtraketen abgefeuert – jetzt wurde der Kommandant des Schiffes belohnt,Über der Ostsee schoss ein russisches Kriegsschiff zwei Leuchtraketen in Richtung eines dänischen Hubschraubers. Jetzt hat Moskau den verantwortlichen Kommandanten geehrt.,"https://quadro.burda-forward.de/ctf/dc4a261e-61fc-4b29-be95-4d782576881d.f57ff956-5221-4287-962d-d334000d052d.jpg?im=RegionOfInterestCrop=(1200,630),regionOfInterest=(777,672)&hash=d553c7b668ba15b1597680703774f172628c0ac2122adf203501acc10c0c5d0a",2026-09-20T09:28:00Z,,Der Vorfall ereignete sich am 14. September gegen 14.22 Uhr in internationalen Gewässern im südwestlichen Teil der Ostsee. Nach russischer Darstellung näherte sich ein dänischer Fennec-Hubschrauber d… [+2452 chars],,de,'Russland'
https://www.focus.de/politik/ausland/bis-zu-25-000-nordkoreaner-sind-nach-russland-gereist-um-in-drohnenfabriken-zu-arbeiten-sie-verdienen-etwa-6500-euro-pro-jahr_a28e4502-dd93-42a2-a1e3-a3861a229dfa.html,https://www.focus.de/politik/ausland/bis-zu-25-000-nordkoreaner-sind-nach-russland-gereist-um-in-drohnenfabriken-zu-arbeiten-sie-verdienen-etwa-6500-euro-pro-jahr_a28e4502-dd93-42a2-a1e3-a3861a229dfa.html,0,www.focus.de,"Bis zu 25.000 Nordkoreaner sind nach Russland gereist, um in Drohnenfabriken zu arbeiten. Sie verdienen etwa 6500 Euro pro Jahr",Nordkorea schickt offenbar Tausende Arbeiter nach Russland. In Alabuga sollen sie an Drohnen für den Krieg gegen die Ukraine mitarbeiten – getarnt als Studenten.,"https://quadro.burda-forward.de/ctf/5b8de684-aed8-4b84-a03d-796617788d4f.4d208b6e-bf14-44b0-a118-61a3d1d63be4.jpeg?im=RegionOfInterestCrop=(1200,630),regionOfInterest=(400,306)&hash=0d01b94ee4d047e6a7e2b4121283441a198d3a6562588b90c4a2f9328ab89ad8",2026-09-20T09:30:00Z,,"Bis zu 25.000 Nordkoreaner sollen in russischen Drohnenfabriken arbeiten. Besonders die Sonderwirtschaftszone Alabuga in Tatarstan steht im Mittelpunkt. Dort werden Drohnen des Typs Geran produziert,… [+2207 chars]",,de,'Russland'
https://www.focus.de/politik/ausland/s-71k-kowjor-russlands-neue-praezisionswaffe-wurde-erstmals-in-aegypten-gesichtet_b7d3b947-354d-4075-99a8-78c9ef63f114.html,https://www.focus.de/politik/ausland/s-71k-kowjor-russlands-neue-praezisionswaffe-wurde-erstmals-in-aegypten-gesichtet_b7d3b947-354d-4075-99a8-78c9ef63f114.html,0,www.focus.de,S-71K „Kowjor“: Russlands neue Präzisionswaffe wurde erstmals in Ägypten gesichtet,Russland erweitert sein Arsenal mit neuen luftgestützten Präzisionswaffen. Eine davon war nun erstmals öffentlich zu sehen – sie wirft viele Fragen auf.,"https://quadro.burda-forward.de/ctf/df7e87e6-1e8b-48b3-889a-a79c5d69d0c7.1ca29a7e-1e21-4f12-b61a-7d861c5b3ccb.jpg?im=RegionOfInterestCrop=(1200,630),regionOfInterest=(1870,1339)&hash=833f37866b64910a7c67bcd4fcf45b1eca1ad38d3480dd7b25e8668455947461",2026-09-20T09:30:00Z,,"Russland treibt mit der S-71K Kowjor eine neue luftgestützte Waffe voran, die Ziele in großer Entfernung günstiger angreifen soll. Anfang September 2026 war sie erstmals offen bei einer Luftfahrtscha… [+2586 chars]",,de,'Russland'
https://www.focus.de/politik/ausland/russland-baut-neue-rechenzentren-in-sibirien-das-kalte-klima-und-die-naehe-zu-china-bieten-vorteile_6f0ebbc1-162b-437f-a79e-e992254cf51a.html,https://www.focus.de/politik/ausland/russland-baut-neue-rechenzentren-in-sibirien-das-kalte-klima-und-die-naehe-zu-china-bieten-vorteile_6f0ebbc1-162b-437f-a79e-e992254cf51a.html,0,www.focus.de,Russland baut neue Rechenzentren in Sibirien. Das kalte Klima und die Nähe zu China bieten Vorteile,"Russland plant neue Rechenzentren in Sibirien und im Fernen Osten. Kälte und Wasserkraft bieten Vorteile, zugleich wächst der Strombedarf. Auch China könnte eine Rolle spielen.","https://quadro.burda-forward.de/ctf/2223d9fc-78ff-4d1c-b55d-9d9301315de4.d507d069-ddc1-4ba1-bbc4-b6d9dac7e6b9.jpeg?im=RegionOfInterestCrop=(1200,630),regionOfInterest=(3249.5,1828)&hash=b343be24aee23f84acc185864c49de2fb82a3ec4e14355ed1b6a59f311268086",2026-09-20T09:31:00Z,,"Russland will neue Rechenzentren in den östlichen Regionen des Landes eröffnen. Besonders Sibirien bietet dafür günstige Bedingungen. Kälte, günstige Energie und die Nähe zu China machen die Region f… [+3227 chars]",,de,'Russland'
https://www.focus.de/politik/ausland/russland-setzt-immer-mehr-jet-drohnen-ein-die-ukraine-entwickelt-deshalb-schnellere-und-guenstigere-abfangsysteme_6a6bc39f-440b-43a0-948d-80fdc4bb9d1d.html,https://www.focus.de/politik/ausland/russland-setzt-immer-mehr-jet-drohnen-ein-die-ukraine-entwickelt-deshalb-schnellere-und-guenstigere-abfangsysteme_6a6bc39f-440b-43a0-948d-80fdc4bb9d1d.html,0,www.focus.de,Russland setzt immer mehr Jet-Drohnen ein. Die Ukraine entwickelt deshalb schnellere und günstigere Abfangsysteme,Russland setzt immer mehr Jet-Drohnen ein. Die Ukraine entwickelt deshalb schnellere und günstigere Abfangsysteme gegen die neuen Geran-Modelle.,"https://quadro.burda-forward.de/ctf/88d445ad-2937-4294-b638-5fcfadb13c28.999ed29d-84f5-4557-a7a4-629d7977b8b1.jpeg?im=RegionOfInterestCrop=(1200,630),regionOfInterest=(640,360)&hash=a20db7fb1d6159487f4a7810f503c8f83ddfe4434336ef493ca04d54c56ff3c7",2026-09-20T09:32:00Z,,Russland setzt im Krieg gegen die Ukraine zunehmend auf schnelle Drohnen mit Strahltriebwerken. Die Fluggeräte erreichen Geschwindigkeiten von bis zu 500 km/h und stellen die ukrainische Luftverteidi… [+2784 chars],,de,'Ukraine'
https://www.derstandard.at/story/3000000340371/chodorkowski-erstaunlich-zu-sehen-wie-viel-nuetzliche-idioten-russlands-luegen-verbreiten,https://www.derstandard.at/story/3000000340371/chodorkowski-erstaunlich-zu-sehen-wie-viel-nuetzliche-idioten-russlands-luegen-verbreiten,0,www.derstandard.at,"Chodorkowski: ""Erstaunlich zu sehen, wie viel nützliche Idioten Russlands Lügen verbreiten""","Früher sei er nicht so manisch gewesen, sagt der im Exil lebende Ex-Oligarch Michail Chodorkowski über Wladimir Putin. Die bis Sonntag laufenden Parlamentswahlen würden in Russland nichts ändern",https://i.ds.at/NXoXcg/rs:fill:1200:600/plain/lido-images/2026/09/18/5d371d93-67ab-424f-b2e2-e87631cbe516.jpg,2026-09-20T10:00:00Z,,"Sie entscheiden darüber, wie Sie unsere Inhalte nutzen wollen. Ihr Gerät erlaubt uns derzeit leider nicht, die entsprechenden Optionen anzuzeigen.
Bitte deaktivieren Sie sämtliche Hard- und Software… [+180 chars]",,de,'Russland'
https://www.dw.com/de/russland-und-ukraine-melden-neue-toedliche-angriffe-drohnen-ukraine-krieg-dumawahl/a-79343514,https://www.dw.com/de/russland-und-ukraine-melden-neue-toedliche-angriffe-drohnen-ukraine-krieg-dumawahl/a-79343514,0,www.dw.com,Russland und Ukraine melden neue tödliche Angriffe,Kurz vor Ende der Parlamentswahl wirft Russland der Ukraine massive Drohnenangriffe vor. Gleichzeitig kommen bei russischen Attacken nahe Kyjiw mehrere Menschen ums Leben.,https://static.dw.com/image/79342828_6.jpg,2026-09-20T10:14:00Z,,Am dritten und letzten Tag der Parlamentswahl in Russland sind bei ukrainischen Angriffen mit hunderten Drohnen nach Behördenangaben zwei Menschen getötet und eine große Raffinerie bei Moskau getroff… [+3608 chars],,de,'Ukraine'
https://www.telepolis.de/article/Bundeswehr-Buggys-Drei-Sitze-fuer-eine-halbe-Million-Euro-11459285.html,https://www.telepolis.de/article/Bundeswehr-Buggys-Drei-Sitze-fuer-eine-halbe-Million-Euro-11459285.html,0,www.telepolis.de,Bundeswehr-Buggys: Drei Sitze für eine halbe Million Euro,Tahr und Caracal kosten rechnerisch rund 570.000 Euro je Fahrzeug. Der Vergleich mit Russlands Billigmodell wirft Fragen zur Beschaffung auf. Eine Einschätzung.,https://heise.cloudimg.io/v7/_www-heise-de_/imgs/18/5/1/6/8/1/6/9/Master_Lange-855a7fd7803a5dc3.jpg?func=bound&height=1200&org_if_sml=1&q=85&wat=1&wat_gravity=northeast&wat_scale=12&wat_url=https%3A%2F%2Fwww.heise.de%2Ficons%2Fai-label-dark-de.png&width=1200,2026-09-20T14:00:00Z,,"KI-generierte Grafik
Tahr und Caracal kosten rechnerisch rund 570.000 Euro je Fahrzeug. Der Vergleich mit Russlands Billigmodell wirft Fragen zur Beschaffung auf. Eine Einschätzung.
Viel ist nicht … [+9043 chars]",,de,'Waffen'
https://pypi.org/project/wsl-envidat-mcp/0.3.1/,https://pypi.org/project/wsl-envidat-mcp/0.3.1/,0,pypi.org,wsl-envidat-mcp 0.3.1,"MCP-Server für WSL/EnviDat – Umweltforschungs- und Monitoringdaten der Eidg. Forschungsanstalt für Wald, Schnee und Landschaft",,2026-09-20T15:52:03Z,,"A required part of this site couldnt load. This may be due to a browser
 extension, network issues, or browser settings. Please check your
 connection, disable any ad blockers, or try using a diffe… [+12 chars]",,de,'Schnee'
https://www.tagesspiegel.de/politik/cdu-und-kanzler-in-der-krise-friedrich-merz-wagt-die-flucht-nach-vorn-16060857.html,https://www.tagesspiegel.de/politik/cdu-und-kanzler-in-der-krise-friedrich-merz-wagt-die-flucht-nach-vorn-16060857.html,0,www.tagesspiegel.de,CDU und Kanzler in der Krise: Friedrich Merz wagt die Flucht nach vorn,"Berliner, Mecklenburger und Vorpommern strafen die CDU ab. Kanzler Friedrich Merz geht in die Offensive. Er beschwört Reformen. Die erforderten Rückgrat, Standfestigkeit, Geduld – und das werde er aufbringen.",https://www.tagesspiegel.de/images/16077406/alternates/BASE_16_9_W1400/1789917365000/wahlen-aus-bundessicht-cdu.jpeg,2026-09-20T16:55:10Z,,"Um 18.14 Uhr ergreift Friedrich Merz das Wort. Im Helmut-Kohl-Saal der CDU-Zentrale, im ersten Stockwerk, ist ein Rednerpult aufgebaut. Vor deutschen und europäischen Flaggen tritt der Kanzler auf, k… [+7565 chars]",,de,'Flucht'
https://www.kino.de/news/kriegsfilm-neuauflage-von-deutschem-tv-hit-jetzt-dank-ard-bei-amazon-im-stream--01M2QSR9MP02Y8FRBMW4190TEV,https://www.kino.de/news/kriegsfilm-neuauflage-von-deutschem-tv-hit-jetzt-dank-ard-bei-amazon-im-stream--01M2QSR9MP02Y8FRBMW4190TEV,0,www.kino.de,Kriegsfilm-Neuauflage von deutschem TV-Hit jetzt dank ARD bei Amazon im Stream,"Flucht durch die eisige Wildnis Sibiriens, jahrelanger Überlebenskampf und eine unglaubliche Heimkehr: Dieser deutsche Film wurde für viele Zuschauer*innen zum TV- und Kino-Klassiker.",https://static.kino.de/44/e6/49/3de90ec8f8aa51f6286218069d_cmUgMTkyMCAxMDgwAzQ2MzljODU2Njg5.jpg,2026-09-20T17:00:00Z,,"Flucht durch die eisige Wildnis Sibiriens, jahrelanger Überlebenskampf und eine unglaubliche Heimkehr: Dieser deutsche Film wurde für viele Zuschauer*innen zum TV- und Kino-Klassiker.
Mit So weit di… [+3060 chars]",,de,'Flucht'
https://www.kino.de/news/dank-ard-jetzt-auch-bei-amazon-streamt-jetzt-einen-der-groessten-kultklassiker-aller-zeiten-bei-prime-video--01M2ZWWPRVS6P89NX4BASCKJDB,https://www.kino.de/news/dank-ard-jetzt-auch-bei-amazon-streamt-jetzt-einen-der-groessten-kultklassiker-aller-zeiten-bei-prime-video--01M2ZWWPRVS6P89NX4BASCKJDB,0,www.kino.de,Dank ARD jetzt auch bei Amazon: Streamt jetzt einen der größten Kultklassiker aller Zeiten bei Prime Video,"Flucht, Hoffnung und Überlebenswille: Dieses Gefängnisdrama mit Steve McQueen und Dustin Hoffman gilt bis heute als Meisterwerk.",https://static.kino.de/22/83/e5/97bc043117727dbe9a2f830c0c_ZmMgYjc4Mjg1YzJmZmZmIDE5MjAgMTA4MAMyMzljMzc3ZTIzMA==.jpg,2026-09-20T17:15:00Z,,"Flucht, Hoffnung und Überlebenswille: Dieses Gefängnisdrama mit Steve McQueen und Dustin Hoffman gilt bis heute als Meisterwerk.
Es gibt Filme, die weit über ihr Genre hinausgewachsen sind. Papillon… [+2845 chars]",,de,'Flucht'
https://www.nzz.ch/international/pannen-protestaktionen-und-ein-ukrainischer-grossangriff-duma-wahlen-im-schatten-des-krieges-ld.10024624,https://www.nzz.ch/international/pannen-protestaktionen-und-ein-ukrainischer-grossangriff-duma-wahlen-im-schatten-des-krieges-ld.10024624,0,www.nzz.ch,"Pannen, Protestaktionen und ein ukrainischer Grossangriff: Duma-Wahlen im Schatten des Krieges","Von Freitag bis Sonntag haben in Russland die ersten Parlamentswahlen seit dem Überfall auf die Ukraine stattgefunden. Wichtiger als das vorhersehbare Ergebnis ist die Frage, was der Kreml nun als Nächstes vorhat.","https://img-msp-prod.nzz.ch/2026/09/20/5188ab62-acae-40b7-af64-ab0c1167e881.jpg?width=1200&height=674&fit=bounds&quality=75&auto=webp&crop=7833,4406,x0,y408&wmark=nzz",2026-09-20T17:51:58Z,,"Von Freitag bis Sonntag haben in Russland die ersten Parlamentswahlen seit dem Überfall auf die Ukraine stattgefunden. Wichtiger als das vorhersehbare Ergebnis ist die Frage, was der Kreml nun als Nä… [+6955 chars]",,de,'Putin'
https://taz.de/Wahlen-in-Berlin-und-MV/!6213624/,https://taz.de/Wahlen-in-Berlin-und-MV/!6213624/,0,taz.de,Wahlen in Berlin und MV: Eine Volkspartei blickt in den Abgrund,"Noch nie hat die CDU schlechter abgeschnitten: In Mecklenburg-Vorpommern liegt sie bei 5 Prozent, in Berlin hinter der Linken. Merz tritt die Flucht nach vorn an.",https://taz.de/picture/8742020/1200/42119473.jpeg,2026-09-20T17:53:00Z,,"Noch nie hat die CDU schlechter abgeschnitten: In Mecklenburg-Vorpommern liegt sie bei 5 Prozent, in Berlin hinter der Linken. Merz tritt die Flucht nach vorn an. mehr...",,de,'Flucht'
https://www.derstandard.de/story/3000000340521/mit-seiner-flucht-nach-vorn-will-merz-wieder-oberwasser-bekommen,https://www.derstandard.de/story/3000000340521/mit-seiner-flucht-nach-vorn-will-merz-wieder-oberwasser-bekommen,0,www.derstandard.de,Mit seiner Flucht nach vorn will Merz wieder Oberwasser bekommen,Die Wahlen in Berlin und Mecklenburg-Vorpommern enden für die CDU böse. Doch der unter Druck stehende deutsche Kanzler Friedrich Merz gibt sich kämpferisch und will bleiben,https://i.ds.at/22r3Fw/rs:fill:1200:600/plain/lido-images/2026/09/20/f39ed645-c2e1-426d-a3d8-12a5aa3ac9aa.jpg,2026-09-20T18:05:10Z,,"Sie entscheiden darüber, wie Sie unsere Inhalte nutzen wollen. Ihr Gerät erlaubt uns derzeit leider nicht, die entsprechenden Optionen anzuzeigen.
Bitte deaktivieren Sie sämtliche Hard- und Software… [+180 chars]",,de,'Flucht'
https://www.n-tv.de/politik/Merz-hat-klare-Botschaft-fuer-Untergangspropheten-id31327563.html,https://www.n-tv.de/politik/Merz-hat-klare-Botschaft-fuer-Untergangspropheten-id31327563.html,0,www.n-tv.de,CDU-Chef zu Landtagswahlen: Merz hat klare Botschaft für Untergangspropheten,Landtagswahlen lösen immer ein Echo in der Bundespolitik aus und für diese beiden war ein ganz besonders großes erwartet worden. Kann der Kanzler sich halten? Nach seinem ersten Statement sieht es nach einer Flucht nach vorn aus.,https://www.n-tv.de/img/31327555/1789935170/Img_16_9/1200/620443606.jpg,2026-09-20T18:10:00Z,,"Bundeskanzler Friedrich Merz sprach früh am Wahlabend über die Ergebnisse in Mecklenburg-Vorpommern und Berlin. Er will weitermachen wie bisher. (Foto: picture alliance/dpa)
Landtagswahlen lösen imm… [+5711 chars]",,de,'Flucht'
https://www.tagesspiegel.de/internationales/dpa-duma-wahl-prognosen-sehen-kremlpartei-geeintes-russland-als-wahlsieger-16078284.html,https://www.tagesspiegel.de/internationales/dpa-duma-wahl-prognosen-sehen-kremlpartei-geeintes-russland-als-wahlsieger-16078284.html,0,www.tagesspiegel.de,Berlin / Brandenburg: Prognose: Kremlpartei Geeintes Russland gewinnt Duma-Wahl,Russland hat das erste Mal seit Beginn seines Angriffskriegs gegen die Ukraine ein neues Parlament gewählt. Die Abstimmung wurde teils von Gewalt überschattet. Aber der Kreml sieht sich als Sieger.,https://www.tagesspiegel.de/images/16078345/alternates/BASE_16_9_W1400/1789928543000/wahlen-in-russland.jpeg,2026-09-20T18:11:53Z,,Die Kremlpartei Geeintes Russland ist bei der dreitägigen Parlamentswahl erwartungsgemäß zur Siegerin erklärt worden. Die seit gut 20 Jahren regierende Partei kam nach dem Ausschluss der Antikriegspa… [+5833 chars],,de,'Putin'
https://www.morgenpost.de/politik/article413209242/prognose-kremlpartei-geeintes-russland-gewinnt-duma-wahl.html,https://www.morgenpost.de/politik/article413209242/prognose-kremlpartei-geeintes-russland-gewinnt-duma-wahl.html,0,www.morgenpost.de,Prognose: Kremlpartei Geeintes Russland gewinnt Duma-Wahl,Bei den Wahlen in Russland gewinnt wohl die Putin-Partei Geeintes Russland. Der einzig ernstzunehmende Konkurrent war ausgeschlossen worden.,https://img.sparknews.funkemedien.de/413209243/413209243_1789928448_v16_9_1600.jpeg,2026-09-20T18:20:48Z,,Die Kremlpartei Geeintes Russland ist bei der dreitägigen Parlamentswahl erwartungsgemäß zur Siegerin erklärt worden. Die regierende Partei kam nach dem Ausschluss der Antikriegspartei Jabloko laut W… [+154 chars],,de,'Putin'
https://orf.at/stories/3442749/,https://orf.at/stories/3442749/,0,orf.at,Prognose: Putins Partei gewinnt Parlamentswahl in Russland,,https://orf.at/mojo/1_4_1/storyserver//news/common/images/og-fallback-news.png,2026-09-20T18:21:52Z,,"Bei der Parlamentswahl in Russland zeichnet sich wie erwartet ein deutlicher Sieg der Partei von Präsident Wladimir Putin ab.
Die Regierungspartei Geeintes Russland holte 49,4 Prozent der Stimmen, w… [+247 chars]",,de,'Putin'
https://www.bild.de/politik/inland/kurz-rede-nach-wahl-knall-merz-versucht-die-flucht-nach-vorn-6ab0080879d37abec14f141f,https://www.bild.de/politik/inland/kurz-rede-nach-wahl-knall-merz-versucht-die-flucht-nach-vorn-6ab0080879d37abec14f141f,0,www.bild.de,Kurz-Rede nach Wahl-Knall - Merz versucht die Flucht nach vorn,Nach den Wahlschlappen in Berlin und Mecklenburg-Vorpommern fordert Kanzler Friedrich Merz Reformen. Doch in der CDU wachsen Zweifel an seinem Kurs und seiner Zukunft.,"https://images.bild.de/6ab0080879d37abec14f141f/74f8cf18f0dbbf0de750e3472efaf02b,bea61404?w=1280",2026-09-20T18:25:05Z,,"+++ARD-Hochrechnung Berlin: CDU: 19,1%; SPD 12,1; Grüne 14,5; Linke 25,3; AfD 16,2; BSW 5,0 +++ ARD-Hochrechnung Meck-Pomm: SPD 35,7%; AfD 37,9; CDU 5,0; Linke 6,7; Grüne 5,4; BSW 4,9
+++ARD-Hochrec… [+1648 chars]",,de,'Flucht'
https://www.n-tv.de/politik/Putin-Partei-feiert-laut-Prognose-erwarteten-Sieg-bei-Duma-Wahl-id31327687.html,https://www.n-tv.de/politik/Putin-Partei-feiert-laut-Prognose-erwarteten-Sieg-bei-Duma-Wahl-id31327687.html,0,www.n-tv.de,Opposition nicht zugelassen: Putin-Partei feiert laut Prognose erwarteten Sieg bei Duma-Wahl,Erstmals seit Beginn des Angriffskriegs gegen die Ukraine wählt Russland ein neues Parlament. Die Kremlpartei kommt laut Nachwahlbefragung auf knapp die Hälfte der Stimmen. Beobachter berichten von vorausgefüllten Wahlzetteln und Druck auf Staatsbedienstete.,https://www.n-tv.de/img/31327684/1789935746/Img_16_9/1200/619970332.jpg,2026-09-20T18:55:15Z,,"Auch in den von Russland besetzten Gebieten in der Ukraine wurde gewählt. (Foto: picture alliance / TASS)
Erstmals seit Beginn des Angriffskriegs gegen die Ukraine wählt Russland ein neues Parlament… [+3404 chars]",,de,'Putin'
https://www.tagesspiegel.de/internationales/dpa-kremlgegner-sehen-wahl-als-farce-putins-partei-geeintes-russland-in-ersten-ergebnissen-vorne-16078497.html,https://www.tagesspiegel.de/internationales/dpa-kremlgegner-sehen-wahl-als-farce-putins-partei-geeintes-russland-in-ersten-ergebnissen-vorne-16078497.html,0,www.tagesspiegel.de,Kremlgegner sehen Wahl als Farce: Putins Partei Geeintes Russland in ersten Ergebnissen vorne,Russland hat das erste Mal seit Beginn seines Angriffskriegs gegen die Ukraine ein neues Parlament gewählt. Die Abstimmung wurde teils von Gewalt überschattet – aber der Kreml sieht sich als Sieger.,https://www.tagesspiegel.de/images/16078507/alternates/BASE_16_9_W1400/1789931094000/ukraine-russia-conflict-politics-election.jpeg,2026-09-20T19:10:21Z,,Die Kremlpartei Geeintes Russland ist bei der dreitägigen Parlamentswahl erwartungsgemäß zur Siegerin erklärt worden. Die seit gut 20 Jahren regierende Partei steuert nach dem Ausschluss der Antikrie… [+6549 chars],,de,'Russland'
https://www.faz.net/aktuell/politik/ukraine/ukraine-liveticker-selenskyj-kuendigt-treffen-mit-trump-an-faz-110683325.html,https://www.faz.net/aktuell/politik/ukraine/ukraine-liveticker-selenskyj-kuendigt-treffen-mit-trump-an-faz-110683325.html,0,www.faz.net,Liveblog Ukrainekrieg: Selenskyj kündigt Treffen mit Trump an,Zusammentreffen wohl nächste Woche in New York +++ Russland beklagt Cyberattacken auf Parlamentswahl +++ Ukraine greift Großraum Moskau am letzten Wahltag an +++ alle Neuigkeiten im Liveblog,https://media0.faz.net/image/w1200h627/24c4c170cf13/w7241h3783x0y414o/202508/43601.0.1222370673/selenskyj-und-trump-im-august.webp,2026-09-20T19:13:36Z,,"US-Präsident Donald Trump hat Russland der Angriffe auf Verbündete der Ukraine bezichtigt. Seit etwa fünf Jahren greifen sie die Verbündeten der Ukraine an, sagte er im Weißen Haus auf eine Reporterf… [+1011 chars]",,de,'Russland'
https://www.sueddeutsche.de/politik/russland-duma-wahl-kremlpartei-kritik-li.3551007,https://www.sueddeutsche.de/politik/russland-duma-wahl-kremlpartei-kritik-li.3551007,0,www.sueddeutsche.de,Prognose: Kremlpartei Einiges Russland gewinnt Duma-Wahl,"Der Ausgang fällt erwartungsgemäß aus, nachdem keine echte Opposition zu der Wahl zugelassen war. Russische Behörden melden am letzten Wahltag massive ukrainische Drohnenangriffe.",https://www.sueddeutsche.de/2026/09/20/6bc863bf-db2e-449e-9a87-9c11b8400ca7.jpg?q=60&fm=webp&width=1200&rect=0%2C208%2C4000%2C2250,2026-09-20T19:27:15Z,,"Laut den Prognosen schafften auch die Kommunistische Partei (14,2 Prozent), die ultranationalistische Partei LDPR (10,7) und die vergleichsweise neue, für ein liberales Großstadtpublikum gegründete P… [+4462 chars]",,de,'Putin'
https://www.jungewelt.de/artikel/530150.politische-zeitschriften-neu-erschienen.html,https://www.jungewelt.de/artikel/530150.politische-zeitschriften-neu-erschienen.html,0,www.jungewelt.de,Politische Zeitschriften: Neu erschienen,Im aktuellen Heft der SoZ berichtet ein 2024 über die Karpaten geflüchteter ukrainischer Kriegsdienstverweigerer aus Saporischschja im Interview über seine Flucht. Schwerpunkt der neuen Ausgabe der Zeitschrift Friedensforum ist die »kommunale Friedensarbeit«.,https://www.jungewelt.de/images/junge-welt-logo-square.png,2026-09-20T19:37:44Z,,"SoZ
Im aktuellen Heft der SoZ berichtet ein 2024 über die Karpaten geflüchteter ukrainischer Kriegsdienstverweigerer aus Saporischschja im Interview: »Auf der Kommission waren viele Menschen, die in… [+2281 chars]",,de,'Flucht'
https://www.sueddeutsche.de/politik/ukraine-krieg-newsblog-wahl-parlament-russland-putin-selenskij-treffen-trump-li.3549696,https://www.sueddeutsche.de/politik/ukraine-krieg-newsblog-wahl-parlament-russland-putin-selenskij-treffen-trump-li.3549696,0,www.sueddeutsche.de,Newsblog zum Ukraine-Krieg: Selenskij kündigt Treffen mit Trump für kommende Woche an,Der ukrainische Staatschef nimmt in New York an der Generalversammlung der Vereinten Nationen teil. Dabei ist nun auch ein Treffen mit US-Präsident Trump geplant.,https://www.sueddeutsche.de/2026/09/20/fe891bd3-021f-4e36-be15-964fe2cd1f21.jpg?q=60&fm=webp&width=1200&rect=0%2C0%2C4000%2C2250,2026-09-20T19:42:16Z,,Kremlchef Wladimir Putin hat vor dem Hintergrund der laufenden dreitägigen Wahl für das Parlament in Russland Vorwürfe gegen die Ukraine erhoben. Belege für seine Behauptungen legte er nicht vor. Er … [+1601 chars],,de,'Putin'
https://www.faz.net/aktuell/politik/ausland/duma-wahl-in-russland-putins-partei-gewinnt-deutlich-201245759.html,https://www.faz.net/aktuell/politik/ausland/duma-wahl-in-russland-putins-partei-gewinnt-deutlich-201245759.html,0,www.faz.net,Russische Scheinwahl: Ein Sieg nach Kreml-Drehbuch,Die Machtpartei Einiges Russland fährt neuerlich den Sieg in Russlands Scheinwahl ein. Alles soll wie immer sein.,https://media0.faz.net/image/w1200h627/232befdb736b/w5346h2793x0y272o/202609/43601.0.2573132036/fuer-den-frieden-der-jabloko.webp,2026-09-20T19:56:18Z,,"Die am Sonntagabend nach drei Abstimmungstagen zu Ende gegangene russische Scheinwahl zur Duma, der ersten Parlamentskammer, hat die systembedingt klare Siegerin: die Machtpartei Einiges Russland.  Z… [+6833 chars]",,de,'Russland'
https://www.tagesschau.de/ausland/europa/wahlen-russland-148.html,https://www.tagesschau.de/ausland/europa/wahlen-russland-148.html,0,www.tagesschau.de,Russland: Kremlpartei liegt bei Duma-Wahl vorne - wie erwartet,Russland hat erstmals seit Beginn des Kriegs gegen die Ukraine ein neues Parlament gewählt.<br/>Laut Hochrechnungen gewann erwartungsgemäß die Kremlpartei Geeintes Russland. Unregelmäßigkeiten überschatteten die Wahl.,https://images.tagesschau.de/image/88ff2ec7-ccc7-404b-8621-285c8c6d02ac/AAABoMAIHbA/AAABnSSvrFg/16x9-big/auszaehlung-wahl-donezk-100.jpg?width=1280,2026-09-20T20:03:02Z,,"Stand: 20.09.2026 22:03 Uhr
Russland hat erstmals seit Beginn des Kriegs gegen die Ukraine ein neues Parlament gewählt.Laut Hochrechnungen gewann erwartungsgemäß die Kremlpartei Geeintes Russland. U… [+4403 chars]",,de,'Russland'
https://www.tagesspiegel.de/internationales/dpa-wahl-in-russland-putins-kriegsparlament-kremlpartei-zur-wahlsiegerin-erklart-16078963.html,https://www.tagesspiegel.de/internationales/dpa-wahl-in-russland-putins-kriegsparlament-kremlpartei-zur-wahlsiegerin-erklart-16078963.html,0,www.tagesspiegel.de,Wahl in Russland: Putins Kriegsparlament: Kremlpartei zur Wahlsiegerin erklärt,Bei der von Kritikern als Farce bezeichneten Parlamentswahl ist die regierende Kremlpartei zur Siegerin erklärt worden. In der neuen Staatsduma sitzen für die treibende Kriegskraft auch Veteranen.,https://www.tagesspiegel.de/images/16078962/alternates/BASE_16_9_W1400/1789948675000/russlands-prasident-putin.jpeg,2026-09-20T23:57:55Z,,Die für den russischen Angriffskrieg gegen die Ukraine maßgebliche Kremlpartei Geeintes Russland wird auch nach der Parlamentswahl voraussichtlich mit einer Zweidrittelmehrheit weiterregieren. Das me… [+5336 chars],,de,'Putin'
https://www.faz.net/aktuell/politik/ukraine/ukraine-liveticker-russlands-kremlpartei-zur-wahlsiegerin-erklaert-faz-110683325.html,https://www.faz.net/aktuell/politik/ukraine/ukraine-liveticker-russlands-kremlpartei-zur-wahlsiegerin-erklaert-faz-110683325.html,0,www.faz.net,Liveblog Ukrainekrieg: Russlands Kremlpartei zur Wahlsiegerin erklärt,Interfax: Geeintes Russland kann wohl mit Zweidrittelmehrheit weiterregieren +++ Selenskyj kündigt Treffen mit Trump nächste Woche in New York an +++ Russland beklagt Cyberattacken auf Parlamentswahl +++ alle Neuigkeiten im Liveblog,https://media0.faz.net/image/w1200h627/8279b84a947b/w5573h2911x0y112o/202609/43601.0.2574284070/ein-waehler-verlaesst-waehrend.webp,2026-09-21T01:08:17Z,,"US-Präsident Donald Trump hat Russland der Angriffe auf Verbündete der Ukraine bezichtigt. Seit etwa fünf Jahren greifen sie die Verbündeten der Ukraine an, sagte er im Weißen Haus auf eine Reporterf… [+1011 chars]",,de,'Russland'
https://www.sueddeutsche.de/politik/ukraine-krieg-newsblog-wahl-parlament-russland-putin-wahl-duma-li.3549696,https://www.sueddeutsche.de/politik/ukraine-krieg-newsblog-wahl-parlament-russland-putin-wahl-duma-li.3549696,0,www.sueddeutsche.de,Newsblog zum Ukraine-Krieg: Experte: Neues Parlament in Russland wird „Duma des Krieges“,Bei der Wahl in Russland siegt wenig überraschend die Partei von Präsident Putin - die Opposition durfte nicht antreten. Ein Politologe warnt: „Der Kreml formiert nun eine Duma zur endgültigen Zerstörung der Ukraine.“,https://www.sueddeutsche.de/2026/09/21/2d28ca55-0583-424f-816b-1d975c22541c.jpg?q=60&fm=webp&width=1200&rect=0%2C270%2C4000%2C2250,2026-09-21T03:04:31Z,,Kremlchef Wladimir Putin hat vor dem Hintergrund der laufenden dreitägigen Wahl für das Parlament in Russland Vorwürfe gegen die Ukraine erhoben. Belege für seine Behauptungen legte er nicht vor. Er … [+1601 chars],,de,'Ukraine'
https://www.nzz.ch/pro/putin-laeuft-die-lebenszeit-davon-sagt-der-fruehere-bnd-chef-er-rechnet-daher-mit-einer-baldigen-eskalation-ld.10023142,https://www.nzz.ch/pro/putin-laeuft-die-lebenszeit-davon-sagt-der-fruehere-bnd-chef-er-rechnet-daher-mit-einer-baldigen-eskalation-ld.10023142,0,www.nzz.ch,"INTERVIEW - «Putin läuft die Lebenszeit davon», sagt der frühere BND-Chef. Er rechnet daher mit einer baldigen Eskalation","Gerhard Schindler hat den deutschen Auslandsnachrichtendienst geleitet. Er findet, dieser sollte Rüstungsfabriken im Ausland sabotieren dürfen.","https://img-msp-prod.nzz.ch/2026/09/10/1876d5fb-a7c5-46bd-9733-0e71fefe02fa.jpg?width=1200&height=674&fit=bounds&quality=75&auto=webp&crop=5291,2976,x0,y160&wmark=nzz",2026-09-21T03:30:00Z,,"Gerhard Schindler hat den deutschen Auslandsnachrichtendienst geleitet. Er findet, dieser sollte Rüstungsfabriken im Ausland sabotieren dürfen.
Kommentieren
Zusammenfassung
Der russische Präsident… [+14164 chars]",,de,'Russland'
https://www.nzz.ch/visuals/stillstand-am-boden-eskalation-in-der-luft-was-gerade-in-der-ukraine-passiert-ld.10023401,https://www.nzz.ch/visuals/stillstand-am-boden-eskalation-in-der-luft-was-gerade-in-der-ukraine-passiert-ld.10023401,0,www.nzz.ch,"Stillstand am Boden, Eskalation in der Luft – was gerade in der Ukraine passiert","Während an der Front Tausende für wenige Quadratkilometer Landgewinn sterben, brennen bei Moskau Lagerhäuser. Der Krieg verlagert sich und wird zugleich brutaler.","https://img-msp-prod.nzz.ch/2026/09/18/0a33b4c9-a057-46d2-8216-265bc5aad208.png?width=1200&height=674&fit=bounds&quality=75&auto=webp&crop=1800,1012,x0,y169&wmark=nzz",2026-09-21T03:46:10Z,,"Optimieren Sie Ihre Browsereinstellungen
NZZ.ch benötigt JavaScript für wichtige Funktionen. Ihr Browser oder Adblocker verhindert dies momentan.
Bitte passen Sie die Einstellungen an.
Es ist kein… [+8218 chars]",,de,'Russland'
https://www.diepresse.com/41280172/duma-wahl-putins-partei-nimmt-kurs-auf-zweidrittelmehrheit,https://www.diepresse.com/41280172/duma-wahl-putins-partei-nimmt-kurs-auf-zweidrittelmehrheit,0,www.diepresse.com,Duma-Wahl: Putins Partei nimmt Kurs auf Zweidrittelmehrheit,Nach vorläufigen Schätzungen komme die Regierungspartei mit Direktmandaten bisher auf 309 von 450 Sitzen in der Staatsduma. Das sind neun Mandate mehr als es zur Änderung der Verfassung braucht.,https://img.diepresse.com/public/incoming/otg4u3-afpc8u49ctjpg/alternates/WEBP_WIDE_1200/AFP_C8U49CT.jpg,2026-09-21T04:04:25Z,,"Die Presse auf Google als bevorzugte Nachrichtenquelle hinzufügen.
 Die Kremlpartei Geeintes Russland wird auch nach der Parlamentswahl voraussichtlich mit Zweidrittelmehrheit weiterregieren. Das me… [+5917 chars]",,de,'Russland'
https://www.derstandard.at/jetzt/livebericht/3000000340542/ergebnisse-sehen-kremlpartei-geeintes-russland-als-wahlsieger,https://www.derstandard.at/jetzt/livebericht/3000000340542/ergebnisse-sehen-kremlpartei-geeintes-russland-als-wahlsieger,0,www.derstandard.at,"Erste Ergebnisse sehen Kremlpartei ""Geeintes Russland"" als Wahlsieger","Die Kremlpartei ""Geeintes Russland"" gewinnt nach Ausschluss der Opposition die Parlamentswahl",https://i.ds.at/VGXzpw/rs:fill:1200:600/plain/lido-images/2026/09/21/f744d38b-c0bc-4f1e-b622-6d0998f7351e.jpg,2026-09-21T05:03:34Z,,"Sie entscheiden darüber, wie Sie unsere Inhalte nutzen wollen. Ihr Gerät erlaubt uns derzeit leider nicht, die entsprechenden Optionen anzuzeigen.
Bitte deaktivieren Sie sämtliche Hard- und Software… [+180 chars]",,de,'Russland'
https://www.sueddeutsche.de/politik/ukraine-krieg-newsblog-selenskij-trump-treffen-new-york-li.3549696,https://www.sueddeutsche.de/politik/ukraine-krieg-newsblog-selenskij-trump-treffen-new-york-li.3549696,0,www.sueddeutsche.de,Newsblog zum Ukraine-Krieg: Selenskij kündigt Treffen mit Trump in New York an,"„Die diplomatische Dynamik ist da“, sagt der ukrainische Präsident. Es gebe „Ideen zu Deeskalationsmaßnahmen und grundlegenden Sicherheitsfragen“.",https://www.sueddeutsche.de/2026/08/23/13f4d2ee-6e3e-42dd-907a-e7c55d605509.jpg?q=60&fm=webp&width=1200&rect=0%2C416%2C4000%2C2250,2026-09-21T05:04:00Z,,Kremlchef Wladimir Putin hat vor dem Hintergrund der laufenden dreitägigen Wahl für das Parlament in Russland Vorwürfe gegen die Ukraine erhoben. Belege für seine Behauptungen legte er nicht vor. Er … [+1601 chars],,de,'Russland'
https://www.focus.de/politik/ausland/nein-zum-krieg-stiller-protest-bei-wahlen-in-russland_4a7b1d27-b816-49aa-b878-3d36c8524631.html,https://www.focus.de/politik/ausland/nein-zum-krieg-stiller-protest-bei-wahlen-in-russland_4a7b1d27-b816-49aa-b878-3d36c8524631.html,0,www.focus.de,„Nein zum Krieg“: Stiller Protest bei Wahlen in Russland,Die Kreml-Partei siegt bei den Duma-Wahlen wie erwartet. Doch es gab auch stillen Protest.,"https://quadro.burda-forward.de/ctf/1f0db868-29df-4cc7-9c72-abd2cfb17b5e.c8c1a141-4cee-4d54-913c-557e6e13aea1.jpeg?im=RegionOfInterestCrop=(1200,630),regionOfInterest=(2000,1334)&hash=233189e8d5b54fb4cabb13a1e1c1e9d7431c1420657db6a4e8a63b75fe188bd5",2026-09-21T05:19:00Z,,"Auf dem Wahlzettel, zwischen den Namen der zugelassenen Parteien, steht der Satz, den in Russland niemand laut aussprechen darf: Liebe ist stärker als der Tod. Nein zum Krieg. Handschriftlich, mit Ku… [+3864 chars]",,de,'Russland'
https://www.focus.de/politik/ausland/europas-neue-militaermacht-baut-nun-eine-riesige-panzerarmee-gegen-russland-auf_ff51e7b0-8732-4b93-9433-9665c763d3d4.html,https://www.focus.de/politik/ausland/europas-neue-militaermacht-baut-nun-eine-riesige-panzerarmee-gegen-russland-auf_ff51e7b0-8732-4b93-9433-9665c763d3d4.html,0,www.focus.de,Europas neue Militärmacht baut nun eine riesige Panzerarmee gegen Russland auf,Noch in diesem Jahr sollen Polens Streitkräfte weitere 250 Abrams-Panzer erhalten. Schon in wenigen Jahren soll das Land mehr Kampfpanzer haben als mehrere große Staaten Westeuropas zusammen.,"https://quadro.burda-forward.de/ctf/7dab053c-2c0b-4390-9fd4-c3d34add515d.a27f2f1f-330d-4a0c-8762-cb646b1c27db.jpg?im=RegionOfInterestCrop=(1200,630),regionOfInterest=(1683,862)&hash=e931e37667b1868f404adfdf8ccbaae56faec25f2971292894e6ab67f98382a3",2026-09-21T05:34:00Z,,"Polen bekommt noch in diesem Jahr die letzten Panzer aus seiner Bestellung von 250 M1A2 Abrams SEPv3 aus den USA. Dann wäre das modernste Abrams-Modell vollständig ausgeliefert, teilt der Hersteller … [+2633 chars]",,de,'Russland'
https://www.morgenpost.de/politik/article413209242/russland-duma-putin-geeintes-russland-wahl-gewonnen-prognose-kremlpartei.html,https://www.morgenpost.de/politik/article413209242/russland-duma-putin-geeintes-russland-wahl-gewonnen-prognose-kremlpartei.html,0,www.morgenpost.de,Putins Kremlpartei gewinnt Parlamentswahl – Was heißt das für die Ukraine?,Die Kremlpartei erreicht bei der russischen Duma-Wahl erneut eine Zweidrittelmehrheit. Kritiker sprechen von einer klaren Farce.,https://img.sparknews.funkemedien.de/413210909/413210909_1789969129_v16_9_1600.jpeg,2026-09-21T05:38:49Z,,Wie erwartet ist die Partei von Präsident Wladimir Putin nach ersten Teilergebnissen als klare Siegerin aus der russischen Parlamentswahl hervorgegangen. Nach Auszählung von gut 71 Prozent der Stimme… [+5500 chars],,de,'Russland'
https://www.focus.de/politik/ausland/ukrainische-raketen-erhalten-eine-neue-ausgekluegelte-eigenschaft-wir-sehen-bereits-erste-erfolge_e0fe7776-0652-48ef-bb43-e12a7ae998cc.html,https://www.focus.de/politik/ausland/ukrainische-raketen-erhalten-eine-neue-ausgekluegelte-eigenschaft-wir-sehen-bereits-erste-erfolge_e0fe7776-0652-48ef-bb43-e12a7ae998cc.html,0,www.focus.de,Ukrainische Raketen erhalten eine neue ausgeklügelte Eigenschaft: „Wir sehen bereits erste Erfolge“,Künstliche Intelligenz erfasst im Krieg nun auch neue Waffentypen. In der Ukraine wird die Technik nicht mehr nur in Drohnen eingebaut.,"https://quadro.burda-forward.de/ctf/28fd2dd0-f88e-45b2-ab2b-01bc4a146c82.4608c2ba-1c17-462a-a75b-b2329e9abc9e.jpg?im=RegionOfInterestCrop=(1200,630),regionOfInterest=(784,463)&hash=ceac78647ccb8de7e85422420a3a046021760aee8902aeaec6b72a02ee8db03a",2026-09-21T05:43:00Z,,"Die Ukraine entwickelt Angriffsraketen, die mit künstlicher Intelligenz arbeiten sollen. Bislang nutzte das Land solche Technik vor allem in Drohnen und Bodenrobotern.
Nach Angaben der staatlich unt… [+3203 chars]",,de,'Waffen'
"https://winfuture.de/news,161409.html","https://winfuture.de/news,161409.html",0,winfuture.de,Duma-Wahl in Russland: Putin nutzt PC mit unlizenziertem Windows,"Wladimir Putin gibt seine Stimme bei der russischen Wahl elektronisch ab, doch ein Detail sorgt für Spott. Auf dem offiziellen Kreml-Video ist deutlich ein Hinweis auf ein nicht aktiviertes Windows-Betriebssystem zu erkennen.(Weiter lesen)",https://img.winfuture.de/teaser/1920/57905.jpg,2026-09-21T06:30:00Z,,"Wladimir Putin gibt seine Stimme bei der russischen Wahl elektronisch ab, doch ein Detail sorgt für Spott. Auf dem offiziellen Kreml-Video ist deutlich ein Hinweis auf ein nicht aktiviertes Windows-B… [+2308 chars]",,de,'Putin'
https://www.n-tv.de/politik/politik_kommentare/In-MV-gewinnen-die-Putin-Freunde-in-Berlin-siegt-die-Gaza-Partei-id31327779.html,https://www.n-tv.de/politik/politik_kommentare/In-MV-gewinnen-die-Putin-Freunde-in-Berlin-siegt-die-Gaza-Partei-id31327779.html,0,www.n-tv.de,"Blinder Fleck bei Landtagswahlen: In MV gewinnen die Putin-Freunde, in Berlin siegt die Gaza-Partei","Die Linke hat ein Antisemitismus-Problem, die AfD wirkt als Putins verlängerter Arm in Deutschland. Das BSW poltert gegen Israel und die Ukraine. Alle drei Parteien dürfen sich als Gewinner der Landtagswahlen im Herbst fühlen. Das ist die gemeinsame Klammer, …",https://www.n-tv.de/img/31328100/1789944462/Img_16_9/1200/PXL_20260831_161935619.jpg,2026-09-21T06:30:09Z,,"Prorussische Gegendemonstranten bei einem Wahlkampfauftritt von Manuela Schwesig in Neubrandenburg. (Foto: Sebastian Huld)
Die Linke hat ein Antisemitismus-Problem, die AfD wirkt als Putins verlänge… [+5639 chars]",,de,'Russland'
https://www.focus.de/politik/ausland/geheimdienste-rechnen-mit-kreml-aggressionen-auf-nato-gebiet_363ca022-7cb8-4a7d-b600-cd1a1396797c.html,https://www.focus.de/politik/ausland/geheimdienste-rechnen-mit-kreml-aggressionen-auf-nato-gebiet_363ca022-7cb8-4a7d-b600-cd1a1396797c.html,0,www.focus.de,Geheimdienste rechnen mit Kreml-Aggressionen auf Nato-Gebiet,Nach Einschätzung von drei europäischen Geheimdienstchefs will Russland die westlichen Ukrainehilfen schwächen und die Nato destabilisieren. Möglich sei sogar eine Invasion auf Nato-Territorium.,"https://quadro.burda-forward.de/ctf/fd008669-701d-44a5-8a99-7e95c5b28ac5.f23ea24e-e01b-4795-98b1-80b75c1de388.png?im=RegionOfInterestCrop=(1200,630),regionOfInterest=(837,367)&hash=3e5d2dfb55bd9f60c24b5452f03c53ab39d65f081aeb221cb06481600acf655c",2026-09-21T06:48:00Z,,Plant Russland in naher Zukunft Angriffe auf Nato-Territorium? Drei europäische Geheimdienstchefs warnen in einem Medienbericht vor möglicherweise bald bevorstehenden Aggressionen. Denkbar seien etwa… [+3649 chars],,de,'Ukraine'
https://www.welt.de/debatte/plus6ab0cbfb4607f89d76e3c5c3/friedrich-merz-flucht-nach-vorn-ins-nichts.html,https://www.welt.de/debatte/plus6ab0cbfb4607f89d76e3c5c3/friedrich-merz-flucht-nach-vorn-ins-nichts.html,0,www.welt.de,Flucht nach vorn ins Nichts,"Was für ein Desaster für die CDU: In Mecklenburg-Vorpommern aus dem Landtag geflogen, in Berlin von der Linkspartei düpiert. Und der Kanzler? Geht kurz nach 18 Uhr auf Autopilot.",https://images.welt.de/6ab0cbfb4607f89d76e3c5c3/e58d1b1cbe3d849c87de85cf90d4547f-master/ci16x9-w1200/dwosb-anna-schneider-gruen-kl,2026-09-21T06:52:23Z,,Die WELT als ePaper: Die vollständige Ausgabe steht Ihnen bereits am Vorabend zur Verfügung so sind Sie immer hochaktuell informiert. Weitere Informationen https://epaper.welt.de,,de,'Flucht'
https://www.focus.de/politik/ausland/saudi-arabien-wird-im-oktober-kein-oel-nach-europa-liefern-so-wirkt-sich-das-auf-deutschland-aus_9f4fe699-641b-4bb8-bfde-a630556e29c5.html,https://www.focus.de/politik/ausland/saudi-arabien-wird-im-oktober-kein-oel-nach-europa-liefern-so-wirkt-sich-das-auf-deutschland-aus_9f4fe699-641b-4bb8-bfde-a630556e29c5.html,0,www.focus.de,Saudi-Arabien wird im Oktober kein Öl nach Europa liefern – so wirkt sich das auf Deutschland aus,Europa wird im kommenden Monat kein Rohöl aus Saudi-Arabien erhalten. Deutschland dürfte davon nur in geringem Ausmaß betroffen sein.,"https://quadro.burda-forward.de/ctf/b8e1f07e-c7a2-4e3c-bb65-71e7da079734.50293d6b-fa63-4a90-a698-03f82618ebef.jpeg?im=RegionOfInterestCrop=(1200,630),regionOfInterest=(1024,683)&hash=be360bad2e62846589d6e1728c2d02e1f083c2f8eac088e53a7390cee9fc94a5",2026-09-21T07:00:00Z,,"Saudi-Arabien wird im kommenden Monat kein Rohöl an Raffinerien in Europa liefern. Grund sind Schäden an der wichtigen Ost-West-Pipeline des Landes nach einem Drohnenangriff, berichtet die Nachrichte… [+2321 chars]",,de,'Rohöl'
https://www.welt.de/sport/article6aacdd06b1857e86757a5a8b/radsport-die-lange-flucht-des-jan-ullrich.html,https://www.welt.de/sport/article6aacdd06b1857e86757a5a8b/radsport-die-lange-flucht-des-jan-ullrich.html,0,www.welt.de,Die lange Flucht des Jan Ullrich,"Jan Ullrich gewann 1997 als erster Deutscher die Tour de France, später folgten Dopinggeständnis und Absturz. Der frühere Radprofi hat aber zurück ins Leben gefunden. Eine deutsche Karriere.",https://images.welt.de/6aacdd06b1857e86757a5a8b/8f513cc37911365aa8f24fff0e6a2ff1-master/ci16x9-w1200/107629101-jpg,2026-09-21T07:28:43Z,,"Jan Ullrich gewann 1997 als erster Deutscher die Tour de France, später folgten Dopinggeständnis und Absturz. Der frühere Radprofi hat aber zurück ins Leben gefunden. Eine deutsche Karriere.Klicken S… [+12046 chars]",,de,'Flucht'
https://www.dw.com/de/russland-parlamentswahl-duma-wladimir-putin-geeintes-russland/a-79350176,https://www.dw.com/de/russland-parlamentswahl-duma-wladimir-putin-geeintes-russland/a-79350176,0,www.dw.com,Keine Überraschung: Putins Partei gewinnt Wahl in Russland,Nach Auszählung fast aller Stimmen kommt die Kremlpartei auf knapp 58 Prozent. Sie dürfte ihre Zweidrittelmehrheit deutlich ausbauen. Kritiker erheben Manipulationsvorwürfe. Die russische Regierungspartei Geeintes Russland hat bei der Parlamentswahl nach Anga…,https://static.dw.com/image/79345570_6.jpg,2026-09-21T07:32:00Z,,"Die russische Regierungspartei Geeintes Russland hat bei der Parlamentswahl nach Angaben der Wahlleitung deutlich zugelegt. Nach Auszählung von mehr als 90 Prozent der Stimmen kam sie auf 57,86 Proze… [+4394 chars]",,de,'Putin'
https://orf.at/stories/3442765/,https://orf.at/stories/3442765/,0,orf.at,Russland-Wahl verlief nach Putins Plan,"Bei der Duma-Wahl in Russland wird die Partei von Präsident Wladimir Putin, Geeintes Russland, laut ersten Ergebnissen erneut die Zweidrittelmehrheit erreichen. Das ist wenig überraschend, war bei der Parlamentswahl doch weder die einzige kremlkritische Oppos…",https://ibs.orf.at/news?image=https%3A%2F%2Fassets.orf.at%2Fmims%2F2026%2F39%2F49%2Fcrops%2Fw%3D1200%2Ch%3D630%2Cq%3D75%2F3189844_master_1237249_russland_duma_wahl_erstergebnis_im.jpg%3Fs%3D3247cb9c3ecbabe0eb9c2db641731feddb6626f6,2026-09-21T07:41:47Z,,"Zwar seien in Russland viele Dinge schwer vorherzusehen, die Wahl sei aber keines davon, schrieb die BBC in einer ersten Analyse. Nach Auszählung von über 90 Prozent der abgegebenen Stimmen dürfte Ge… [+3576 chars]",,de,'Putin'
https://www.n-tv.de/politik/Der-Kriegsfuerst-bekommt-das-Wahlergebnis-das-er-bestellt-hat-id31328270.html,https://www.n-tv.de/politik/Der-Kriegsfuerst-bekommt-das-Wahlergebnis-das-er-bestellt-hat-id31328270.html,0,www.n-tv.de,"Putin-Partei gewinnt Duma-Wahlen: Der Kriegsfürst bekommt das Wahlergebnis, das er bestellt hat","Russland hat gewählt und das System das bestellte Ergebnis geliefert. Wer für Frieden und damit gegen Wladimir Putin war, dem blieb im Wahllokal nur der Gestus des stillen Protests.",https://www.n-tv.de/img/31328286/1789952097/Img_16_9/1200/620510113.jpg,2026-09-21T08:28:24Z,,"Nicht überall dominierten die Wahlmaschinen: Wahllisten in einem Wahlbüro in Belgorod. (Foto: picture alliance / Anadolu)
Russland hat gewählt und das System das bestellte Ergebnis geliefert. Wer fü… [+8518 chars]",,de,'Russland'
https://www.focus.de/politik/ausland/putin-beschlagnahmt-die-vermoegenswerte-von-auchan-nestle-und-dem-ehemaligen-leroy-merlin-in-russland_4cb8ed37-7a65-4df3-bc07-f74f3552b6d0.html,https://www.focus.de/politik/ausland/putin-beschlagnahmt-die-vermoegenswerte-von-auchan-nestle-und-dem-ehemaligen-leroy-merlin-in-russland_4cb8ed37-7a65-4df3-bc07-f74f3552b6d0.html,0,www.focus.de,"Putin beschlagnahmt die Vermögenswerte von Auchan, Nestlé und dem ehemaligen Leroy Merlin in Russland",Russland greift nach den Geschäften von Nestlé und Auchan. Die vorläufige Verwaltung könnte für beide Konzerne zum ernsthaften Problem werden.,"https://quadro.burda-forward.de/ctf/71dd9edc-2dd1-41f9-b821-be851968cbe9.bdcdf5e4-b871-4a0f-ab31-cec190d83c49.jpeg?im=RegionOfInterestCrop=(1200,630),regionOfInterest=(1193,409)&hash=077e27a90919b4d3f993a4fafd7d398b665561a7e881aa35927d09a4977149b7",2026-09-21T08:36:00Z,,Der Kreml hat die russischen Vermögenswerte von Nestlé und der französischen Supermarktkette Auchan im Land unter vorläufige Verwaltung gestellt. Das geht aus einem Dekret vom 17. September von Präsi… [+3724 chars],,de,'Putin'
