topic,sentiment_mean,sentiment_std,subjectivity_mean,subjectivity_std,counting
Energie,0.07840164054430684,0.9856722281970997,0.11720230118085914,1.1219081274295357,1362.0
Krieg,-0.04573543537988896,0.9903201820280747,-0.0909283217464804,0.8890215440020331,7208.0
Krise,0.11594678225702601,0.9836426433328905,0.18717602745844825,1.149258408497983,1566.0
Winter,0.036902067670190906,1.0297557484388753,0.1879880707341002,1.1642705187187785,1110.0
