topic,sentiment_mean,sentiment_std,subjectivity_mean,subjectivity_std,counting
Energie,0.09971806419647157,0.9843987093537796,0.14695992970968969,1.1656132276449558,1555.0
Krieg,-0.04969588047200964,0.990155977272485,-0.08511703003308008,0.895697221194286,8864.0
Krise,0.11909878964966465,0.9912034293367459,0.17272680642025381,1.1295162387176765,1796.0
Winter,0.06051643185730237,1.0290991449223503,0.18596187048418342,1.1626635665199503,1192.0
