topic,sentiment_mean,sentiment_std,subjectivity_mean,subjectivity_std,counting
Energie,0.10532482069271232,0.9848386763791935,0.14141657966731433,1.138832349467895,1790.0
Krieg,-0.048297432658569464,0.9912369915985716,-0.08416300453939979,0.9031950919931678,10637.0
Krise,0.12426749567834074,0.9871375160530534,0.18875188150638983,1.1407677575848436,2125.0
Winter,0.04252796058142732,1.0316443061408098,0.16903490606983168,1.1486223500246115,1463.0
