topic,sentiment_mean,sentiment_std,subjectivity_mean,subjectivity_std,counting
Energie,0.1032635249672886,0.9856687330367977,0.1348598454357446,1.1437569077389442,1673.0
Krieg,-0.05089661993710671,0.9913629332785381,-0.08374496521081352,0.9024735716221002,9967.0
Krise,0.12841983211809682,0.9868877163126921,0.1942487307124737,1.1509281575853127,2010.0
Winter,0.06187492847707355,1.028017521370405,0.18047347256389157,1.1410112843494435,1253.0
