topic,sentiment_mean,sentiment_std,subjectivity_mean,subjectivity_std,counting
Energie,0.1011428501077955,0.978663882481545,0.14302353238154705,1.155538910882248,1905.0
Krieg,-0.0471263881158226,0.9928136855040811,-0.08643895640183476,0.8953052697376952,11135.0
Krise,0.12620095072095147,0.9871540842565838,0.18003934299942487,1.1314629998245849,2213.0
Winter,0.03160884771357822,1.0266653137792716,0.17467747685241952,1.1656665730441889,1710.0
