topic,sentiment_mean,sentiment_std,subjectivity_mean,subjectivity_std,counting
Energie,0.09970278529725676,0.990391289306206,0.13983440662455007,1.1526243696892835,1629.0
Krieg,-0.05019993196650288,0.9891683750799786,-0.08230898064511546,0.9034527712109726,9707.0
Krise,0.13253346188164875,0.992240424194875,0.18032002329975078,1.134847841036459,1927.0
Winter,0.05675068710408776,1.030109482668053,0.18600848982751225,1.1520677845519107,1236.0
