topic,sentiment_mean,sentiment_std,subjectivity_mean,subjectivity_std,counting
Energie,0.08643357816008279,0.9904006776748934,0.134027677330772,1.1444182298604306,1459.0
Krieg,-0.04878924644148745,0.9901751002266141,-0.08905711190692255,0.8899644139033903,7866.0
Krise,0.1200166015468473,0.9821394567588645,0.17962491076080633,1.1423729902677446,1627.0
Winter,0.05332691268115044,1.0292751756981025,0.18639848655679545,1.1645044229478758,1170.0
