topic,sentiment_mean,sentiment_std,subjectivity_mean,subjectivity_std,counting
Energie,0.10607354828242173,0.9766121138889723,0.1427453122417451,1.1510396322874208,1886.0
Krieg,-0.047683083191558916,0.9929424992332275,-0.08575179032615754,0.8997854766760577,11088.0
Krise,0.12486436043387887,0.9868579829320728,0.1818535862957252,1.1365826404861954,2205.0
Winter,0.03300919661934638,1.0284366883746745,0.1739454286594295,1.1465327666212277,1653.0
