topic,sentiment_mean,sentiment_std,subjectivity_mean,subjectivity_std,counting
Energie,0.10029062145068375,0.9890727604546985,0.1392049242213667,1.1499259959091697,1648.0
Krieg,-0.05034314155986573,0.989354026931678,-0.08301082732970608,0.9029033914506374,9819.0
Krise,0.13090488700544475,0.9929508977019722,0.18310240841577755,1.1378062451693325,1975.0
Winter,0.057798925092247,1.029513958184209,0.1857089671821702,1.1518361843064688,1241.0
