topic,sentiment_mean,sentiment_std,subjectivity_mean,subjectivity_std,counting
Energie,0.09963986120175099,0.9864036046415136,0.14155707108846957,1.159845672997154,1594.0
Krieg,-0.050076417810012305,0.9891709285178714,-0.08270006980067848,0.8994348885413059,9401.0
Krise,0.12926362800280453,0.994148613455214,0.17905702081441285,1.1377162225074438,1877.0
Winter,0.05700434638028841,1.0304933874515358,0.1808669287993746,1.1547337416206946,1225.0
