topic,sentiment_mean,sentiment_std,subjectivity_mean,subjectivity_std,counting
Energie,0.10328290044244975,0.9779071545156081,0.1397925879401583,1.1416181287861416,1847.0
Krieg,-0.047706586693149554,0.9932681544312872,-0.08436797792970828,0.9017501254665442,10963.0
Krise,0.12548861359803262,0.9822700781347643,0.18482369459499046,1.139495210655167,2179.0
Winter,0.03770111052304044,1.0314776179596372,0.17053978408146164,1.1496165271899372,1587.0
