topic,sentiment_mean,sentiment_std,subjectivity_mean,subjectivity_std,counting
Energie,0.1032600206087007,0.9854453779579085,0.14562153235808822,1.1658500844793922,1573.0
Krieg,-0.05041081652371753,0.9900916927221113,-0.08532668398646179,0.894108275536002,9060.0
Krise,0.12322836942002811,0.9912657198203854,0.1785198438139307,1.1388347796551261,1817.0
Winter,0.05909353213300958,1.0277377518868018,0.18840052745292535,1.1638420151241131,1198.0
