topic,sentiment_mean,sentiment_std,subjectivity_mean,subjectivity_std,counting
Energie,0.08478865782809876,1.0026312358640361,0.12847803492505988,1.2418938465339064,329.0
Krieg,-0.04032512336726832,0.9567397497847226,-0.11538887361376954,0.8605070085363479,1332.0
Krise,0.07885239327557794,1.0327253567808916,0.20064710691965149,1.0971838360299797,410.0
Winter,-0.02361208771722882,0.9926034177627016,0.13757644770778366,0.9425556355242336,262.0
