topic,sentiment_mean,sentiment_std,subjectivity_mean,subjectivity_std,counting
Energie,0.08811011663855522,0.9909501948878444,0.13000413186041257,1.1387888974497475,1433.0
Krieg,-0.04871366669962633,0.9905868579247193,-0.09039603092305948,0.8888980979919445,7683.0
Krise,0.11797990030746391,0.9827213320036211,0.18242855802179744,1.142884166559715,1611.0
Winter,0.05036191317032783,1.024375752611721,0.1906654483139513,1.1687081082488893,1151.0
