topic,sentiment_mean,sentiment_std,subjectivity_mean,subjectivity_std,counting
Energie,0.08689246218236019,0.9897915827108608,0.12342963715895419,1.132277639061853,1405.0
Krieg,-0.047933501302813715,0.9912935552252979,-0.08865942129291657,0.8913769416506759,7527.0
Krise,0.1196248920398074,0.9805956460912718,0.18087730004927932,1.1411844482759628,1597.0
Winter,0.04189746592596922,1.0229566811451012,0.18727008489465924,1.1657632848926887,1127.0
