topic,sentiment_mean,sentiment_std,subjectivity_mean,subjectivity_std,counting
Energie,0.10025181202712469,0.9821713209332942,0.13446353558828228,1.137214491085912,1748.0
Krieg,-0.05023631913829496,0.9939523954432405,-0.08231319460832098,0.9069053161270925,10294.0
Krise,0.1297268117517567,0.9841465578158816,0.19037214052958518,1.1439235748758825,2088.0
Winter,0.05589521042748707,1.0188576384425274,0.17128089169391084,1.1325464892213777,1295.0
