topic,sentiment_mean,sentiment_std,subjectivity_mean,subjectivity_std,counting
Energie,0.1085711066069819,0.9816697830785164,0.14282890325158099,1.1406109112438463,1815.0
Krieg,-0.048523405462664405,0.9913596262790638,-0.08513632129567722,0.9018721467374534,10741.0
Krise,0.12566140542226853,0.9847591028117403,0.1885062916312804,1.1410779853310329,2136.0
Winter,0.03679668631241086,1.0360205210291311,0.16763222700817543,1.146870419857296,1544.0
