topic,sentiment_mean,sentiment_std,subjectivity_mean,subjectivity_std,counting
Energie,0.09443151926998324,0.9885429393485002,0.14408381434840117,1.1602861894096579,1513.0
Krieg,-0.048622155287073233,0.9899078416113201,-0.08642143000724767,0.8923352539345646,8437.0
Krise,0.11819623947790404,0.9863548333948646,0.17208755650325666,1.1343381368957046,1719.0
Winter,0.05470156780839086,1.0310588155940525,0.18816561605126403,1.1672809299140343,1175.0
