topic,sentiment_mean,sentiment_std,subjectivity_mean,subjectivity_std,counting
Energie,0.10162500450886892,0.9820342042718899,0.13594104321466355,1.1423304499055422,1689.0
Krieg,-0.051273298574484615,0.9927867276789395,-0.08346304096739011,0.9030472236539323,10061.0
Krise,0.13140036389932344,0.9847536983280674,0.19167468203240254,1.1482868726223314,2044.0
Winter,0.060212916825331586,1.0248598715701884,0.17682366911443895,1.141405515621951,1275.0
