topic,sentiment_mean,sentiment_std,subjectivity_mean,subjectivity_std,counting
Energie,0.10260960904778837,0.9870094206452499,0.14407357524301564,1.1641857091487084,1579.0
Krieg,-0.04987435494473525,0.9903242192307221,-0.08456592028700478,0.8967105078029938,9282.0
Krise,0.1255426129183059,0.9884840142074859,0.18282148085724903,1.1391670137475625,1860.0
Winter,0.055948058090676996,1.0294181131261502,0.18409396519609209,1.1579858565087349,1214.0
