topic,sentiment_mean,sentiment_std,subjectivity_mean,subjectivity_std,counting
Energie,0.07811450170839516,0.9894191946090364,0.1339205071463561,1.2003318482677567,502.0
Krieg,-0.04024251187512668,0.9686739296149875,-0.12105550698496004,0.8670131666275332,1941.0
Krise,0.07897207200621875,1.0010721129986961,0.17967785780015114,1.0990244782713607,629.0
Winter,-0.018839054350166577,1.0315172652240454,0.14122873177416548,0.985262520627665,441.0
