topic,sentiment_mean,sentiment_std,subjectivity_mean,subjectivity_std,counting
Energie,0.10712327381908196,0.9781007299580878,0.1451730751712505,1.1528988913543885,1867.0
Krieg,-0.04795633266260528,0.9931412613770706,-0.08423303902777514,0.9013803628013111,11034.0
Krise,0.12507563500550717,0.9820942938554057,0.18227951662730282,1.1374437331210978,2188.0
Winter,0.03522553683453683,1.032033098016297,0.16559976424698075,1.1412256924350026,1608.0
