topic,sentiment_mean,sentiment_std,subjectivity_mean,subjectivity_std,counting
Energie,0.10412038675836985,0.9812498034721937,0.14173135588356064,1.1540152452408783,1916.0
Krieg,-0.047059190687209915,0.9924795573892189,-0.0871190532369679,0.8944153828797144,11183.0
Krise,0.12749793405805723,0.9857572726566427,0.17792502960521203,1.1300166741347561,2213.0
Winter,0.026886388208486278,1.0264935778433082,0.17671585793798672,1.1682477595576672,1769.0
