topic,sentiment_mean,sentiment_std,subjectivity_mean,subjectivity_std,counting
Energie,0.07286313321911798,0.9887424527471617,0.05232991080976143,1.1688878376942329,245.0
Krieg,-0.035038559708545504,0.9509154797666124,-0.10365281774230961,0.8690503082812816,845.0
Krise,0.07684331370677068,1.051821330687586,0.22490660252363046,1.1047753289097744,234.0
Winter,-0.02533985344733633,0.9730502734251578,0.1573675318159749,0.9507570916399027,164.0
