topic,sentiment_mean,sentiment_std,subjectivity_mean,subjectivity_std,counting
Energie,0.08459293792969014,0.9889651024817395,0.11953332078196756,1.125760399971306,1383.0
Krieg,-0.04740669770471575,0.9908621672551449,-0.08869386278250666,0.8912421067113799,7433.0
Krise,0.11923164282279503,0.9827422999457244,0.18260198981926662,1.1461939405044688,1577.0
Winter,0.04167032604550594,1.023355136509676,0.1882628480610322,1.165798310056259,1126.0
