topic,sentiment_mean,sentiment_std,subjectivity_mean,subjectivity_std,counting
Energie,0.08012637547454789,0.9879001864174504,0.1088194307656853,1.1196304894949327,1313.0
Krieg,-0.04573399113900623,0.9880483011789511,-0.08804109152330454,0.8962220830201713,6839.0
Krise,0.11191438008594838,0.9853086975161726,0.17553999877098939,1.123567710185083,1507.0
Winter,0.035258645680525946,1.0354446005885318,0.18186228490676856,1.157893817141706,1103.0
