topic,sentiment_mean,sentiment_std,subjectivity_mean,subjectivity_std,counting
Energie,0.08641543959346712,0.9957843385496135,0.12816523340687871,1.2459104854453122,301.0
Krieg,-0.044349591128185595,0.9594228862673311,-0.11301227480650437,0.8715015888604889,1140.0
Krise,0.08805733595034392,1.0371874460671924,0.19513071997316989,1.0546510406172984,351.0
Winter,-0.029585699206835885,0.9673764141548745,0.11683789781631536,0.9260889717139058,224.0
