topic,sentiment_mean,sentiment_std,subjectivity_mean,subjectivity_std,counting
Energie,0.08488362435193288,0.9845286645942137,0.11957836551654305,1.1482627407336725,551.0
Krieg,-0.04517918515833605,0.9715707752807804,-0.127136022198871,0.8587670588858803,2119.0
Krise,0.07297809832439216,1.0147488557562743,0.1697076980286617,1.0833729269823553,677.0
Winter,0.0009968359510039103,1.0059017395314511,0.17886072611370837,1.0948763237931116,522.0
