topic,sentiment_mean,sentiment_std,subjectivity_mean,subjectivity_std,counting
Energie,0.08210504667706826,1.0071166991265286,0.13426146064016264,1.2247345675771197,379.0
Krieg,-0.03838389421024423,0.9580935740059887,-0.1167086845259729,0.8662009011547546,1472.0
Krise,0.0731295967184427,1.0196370945168092,0.20104262539285325,1.1036553478881717,452.0
Winter,-0.015835317722979726,1.010295917780504,0.10471125169993183,0.9428883764600792,355.0
