topic,sentiment_mean,sentiment_std,subjectivity_mean,subjectivity_std,counting
Energie,0.09148278653051306,0.9847820412761592,0.1378124860142958,1.147574382301895,1482.0
Krieg,-0.04861674432172671,0.9900051655044659,-0.0882124026997064,0.8904113274383668,8089.0
Krise,0.11802387286166804,0.9880900184114704,0.1805175376428908,1.1434034740547605,1636.0
Winter,0.055254863865415546,1.0298898916910773,0.1872675017595544,1.1679238819114774,1172.0
