topic,sentiment_mean,sentiment_std,subjectivity_mean,subjectivity_std,counting
Energie,0.10385003656349737,0.9803601841484804,0.1415291283947086,1.1543039994224378,1917.0
Krieg,-0.04703525283184609,0.9921041008025819,-0.08712921573715893,0.8943953016232147,11215.0
Krise,0.12768427095732066,0.9858032947142545,0.1778823536589696,1.1302938172635297,2214.0
Winter,0.027326419208009597,1.0295410885094667,0.1768177974057361,1.167481235955289,1785.0
