topic,sentiment_mean,sentiment_std,subjectivity_mean,subjectivity_std,counting
Energie,0.07764561960142652,0.9862777035976766,0.11422013095340318,1.1212382435020236,1337.0
Krieg,-0.04524294344278325,0.9889784153502885,-0.09077880807388598,0.8897760927391345,7057.0
Krise,0.115214604741825,0.9864517601563292,0.1890379495683195,1.1470728064027949,1524.0
Winter,0.03594778573635076,1.0321915947604938,0.18560003799571972,1.1611130077278295,1109.0
