topic,sentiment_mean,sentiment_std,subjectivity_mean,subjectivity_std,counting
Energie,0.2142264005267778,0.9309019083977379,0.06744969720644885,1.1283638242932128,94.0
Krieg,-0.03981814107895884,0.9165641604931813,-0.13066815375406332,0.8374017702913787,323.0
Krise,-0.0029789647975502253,1.0803584859636957,0.15165548649382807,0.9457195603205913,103.0
Winter,-0.15647338077982328,0.9061124462499072,0.5511175404879137,1.21143269822293,43.0
