topic,sentiment_mean,sentiment_std,subjectivity_mean,subjectivity_std,counting
Energie,0.0937199032954615,0.9828430186308447,0.1459823958804019,1.1584229445519578,1502.0
Krieg,-0.04926234344010716,0.9902337514833865,-0.08836430259942053,0.8892811784056831,8248.0
Krise,0.12209777089488,0.9886665785731684,0.17644910154903384,1.1404584607794557,1670.0
Winter,0.05254600006221988,1.0302916756235514,0.18792345465522442,1.169028546343298,1175.0
