topic,sentiment_mean,sentiment_std,subjectivity_mean,subjectivity_std,counting
Energie,0.09793454476946092,0.9851108007697478,0.14385719321965199,1.15977339415524,1527.0
Krieg,-0.049522419843291275,0.9904921843295328,-0.08672794495476653,0.8925130269092854,8592.0
Krise,0.11736799600477468,0.9868875913533278,0.1753158848465875,1.1353323202108263,1751.0
Winter,0.06002215546423708,1.0308993461841367,0.19075592966237878,1.1696339464693326,1176.0
