topic,sentiment_mean,sentiment_std,subjectivity_mean,subjectivity_std,counting
Energie,0.10447277454232247,0.9896082084357812,0.1348265205977947,1.134915953149079,1768.0
Krieg,-0.04978253291810305,0.993471879583676,-0.08245866212603656,0.9071088704810613,10420.0
Krise,0.12614642638927925,0.9852541769730553,0.1909912949771884,1.1445366433379531,2099.0
Winter,0.0536235449341853,1.0119921729478463,0.17251816585096477,1.134400254616461,1312.0
