topic,sentiment_mean,sentiment_std,subjectivity_mean,subjectivity_std,counting
Energie,0.10442008043243406,0.9884437404383916,0.13964498477738002,1.1423648649666787,1782.0
Krieg,-0.0488041949350342,0.9928930085605845,-0.08257902106579075,0.9065217434221383,10552.0
Krise,0.12629573755593065,0.9867367472328212,0.19235429990523592,1.1460651462085147,2108.0
Winter,0.0475471955700176,1.0166665261942995,0.16640107581532473,1.126881656980152,1341.0
