topic,sentiment_mean,sentiment_std,subjectivity_mean,subjectivity_std,counting
Energie,0.10583433965986852,0.9804276469481096,0.1376557960317385,1.1370447364159186,1832.0
Krieg,-0.04825543802490932,0.9925713846501255,-0.08395988352779,0.9029617383211878,10876.0
Krise,0.12565466183605192,0.9818412830175286,0.18638478127188174,1.142325211750179,2159.0
Winter,0.038777273687956394,1.0334677645182266,0.16899691109089168,1.145821522229971,1567.0
