topic,sentiment_mean,sentiment_std,subjectivity_mean,subjectivity_std,counting
Energie,0.10100380698272292,0.9812064162067446,0.13449999369407228,1.1402158172518313,1733.0
Krieg,-0.05090261434980629,0.9937932838637362,-0.08312092934902032,0.9049160211225916,10182.0
Krise,0.13116630510854502,0.9833227408273879,0.19135315582091475,1.1455811712638047,2072.0
Winter,0.05615965321159294,1.0216588801674669,0.17302195707197413,1.1345398642694746,1293.0
