topic,sentiment_mean,sentiment_std,subjectivity_mean,subjectivity_std,counting
Energie,0.09618257171250587,0.9844699442461017,0.14848140942888968,1.1653794132707758,1542.0
Krieg,-0.04955828213399323,0.9898734149731586,-0.08591635961548849,0.8943321711493135,8714.0
Krise,0.1200564155550969,0.9917495346752394,0.17216176785403314,1.1305935738592021,1779.0
Winter,0.05944686368140491,1.0297064829907805,0.18559364193676936,1.1632075481854367,1182.0
